Date,Reserved Start,Reserved End,Event Start,Event End,Building,Room
8/25/2025 Mon,7:00 AM,12:00 PM,8:30 AM,10:30 AM,Kathleen W Rollins Hall,Tars Plaza
8/25/2025 Mon,8:00 AM,9:00 PM,8:00 AM,9:00 PM,Kathleen W Rollins Hall,Fox Den
8/25/2025 Mon,8:00 AM,9:00 PM,8:00 AM,9:00 PM,Kathleen W Rollins Hall,Room 230 - Conference Room - CLCE Area
8/25/2025 Mon,10:00 AM,12:00 PM,10:00 AM,12:00 PM,Kathleen W Rollins Hall,Room 241 - Conference Room - Hub/SE/Acad Adv Area
8/25/2025 Mon,11:00 AM,1:00 PM,11:00 AM,1:00 PM,Bush Science Center,Room 274 - Operant Lab/Seminar - Operant Lab Prior
8/25/2025 Mon,12:00 PM,6:00 PM,12:00 PM,6:00 PM,Kathleen W Rollins Hall,Room 241 - Conference Room - Hub/SE/Acad Adv Area
8/25/2025 Mon,2:00 PM,3:30 PM,2:00 PM,3:30 PM,Kathleen W Rollins Hall,Room 149 - Conference Room - Academic Adv Area
8/25/2025 Mon,2:00 PM,11:00 PM,3:30 PM,9:30 PM,Kathleen W Rollins Hall,Room 300 - Galloway Room 
8/25/2025 Mon,3:00 PM,8:00 PM,5:00 PM,7:00 PM,Kathleen W Rollins Hall,Fountain Entrance Lobby & Gathering Stairs
8/25/2025 Mon,3:00 PM,8:00 PM,5:00 PM,7:00 PM,Kathleen W Rollins Hall,Mills Foyer
8/25/2025 Mon,3:00 PM,5:00 PM,3:00 PM,5:00 PM,Kathleen W Rollins Hall,Room 131 - Conference Room - CCLP Area
8/25/2025 Mon,4:00 PM,5:30 PM,4:00 PM,5:30 PM,Bush Science Center,Room 176 - Smart Classroom 
8/25/2025 Mon,4:00 PM,5:30 PM,4:00 PM,5:30 PM,Kathleen W Rollins Hall,Room 310 - Genius Scale-up Classroom
8/25/2025 Mon,5:00 PM,8:00 PM,6:00 PM,7:00 PM,Bush Science Center,Bush Auditorium and Lobby
8/25/2025 Mon,5:00 PM,7:00 PM,5:00 PM,7:00 PM,Kathleen W Rollins Hall,Room 240/240B - Social Impact Hub/Classroom
8/25/2025 Mon,5:30 PM,7:00 PM,5:30 PM,7:00 PM,Kathleen W Rollins Hall,Room 340 - Galloway Seminar Meeting Room
8/25/2025 Mon,6:00 PM,9:00 PM,6:00 PM,9:00 PM,Kathleen W Rollins Hall,Room 128 - Screening Room
8/25/2025 Mon,6:00 PM,9:00 PM,6:00 PM,9:00 PM,Bush Science Center,Room 210 
8/26/2025 Tue,8:00 AM,9:00 PM,8:00 AM,9:00 PM,Kathleen W Rollins Hall,Fox Den
8/26/2025 Tue,8:00 AM,9:00 PM,8:00 AM,9:00 PM,Kathleen W Rollins Hall,Room 230 - Conference Room - CLCE Area
8/26/2025 Tue,8:00 AM,12:00 PM,8:00 AM,12:00 PM,Kathleen W Rollins Hall,Room 241 - Conference Room - Hub/SE/Acad Adv Area
8/26/2025 Tue,8:00 AM,3:00 PM,8:00 AM,3:00 PM,Kathleen W Rollins Hall,Room 340 - Galloway Seminar Meeting Room
8/26/2025 Tue,8:30 AM,4:30 PM,10:00 AM,3:00 PM,Bush Science Center,Bush Lawn (Southside of building)
8/26/2025 Tue,8:30 AM,4:30 PM,10:00 AM,3:00 PM,Kathleen W Rollins Hall,Mills Lawn
8/26/2025 Tue,8:30 AM,5:00 PM,8:30 AM,5:00 PM,Kathleen W Rollins Hall,Room 128 - Screening Room
8/26/2025 Tue,9:30 AM,11:00 AM,9:30 AM,11:00 AM,Kathleen W Rollins Hall,Room 131 - Conference Room - CCLP Area
8/26/2025 Tue,10:00 AM,3:00 PM,10:00 AM,3:00 PM,Kathleen W Rollins Hall,Fountain Entrance Lobby & Gathering Stairs
8/26/2025 Tue,10:00 AM,3:00 PM,10:00 AM,3:00 PM,Kathleen W Rollins Hall,Mills Foyer
8/26/2025 Tue,10:30 AM,3:30 PM,12:00 PM,2:00 PM,Kathleen W Rollins Hall,Room 300 - Galloway Room 
8/26/2025 Tue,11:00 AM,12:00 PM,11:00 AM,12:00 PM,Kathleen W Rollins Hall,Room 149 - Conference Room - Academic Adv Area
8/26/2025 Tue,12:00 PM,1:30 PM,12:00 PM,1:30 PM,Kathleen W Rollins Hall,Room 149 - Conference Room - Academic Adv Area
8/26/2025 Tue,12:00 PM,1:00 PM,12:00 PM,1:00 PM,Kathleen W Rollins Hall,Room 241 - Conference Room - Hub/SE/Acad Adv Area
8/26/2025 Tue,12:15 PM,1:45 PM,12:15 PM,1:45 PM,Kathleen W Rollins Hall,Room 330 - Teaching Seminar Room
8/26/2025 Tue,1:00 PM,6:00 PM,1:00 PM,6:00 PM,Kathleen W Rollins Hall,Room 241 - Conference Room - Hub/SE/Acad Adv Area
8/26/2025 Tue,3:15 PM,4:00 PM,3:15 PM,4:00 PM,Bush Science Center,Room 176 - Smart Classroom 
8/26/2025 Tue,4:00 PM,6:30 PM,4:00 PM,6:30 PM,Kathleen W Rollins Hall,Room 330 - Teaching Seminar Room
8/26/2025 Tue,4:00 PM,6:30 PM,4:00 PM,6:30 PM,Olin Library,Van Houten Conference Room
8/26/2025 Tue,6:45 PM,7:45 PM,6:45 PM,7:45 PM,Bush Science Center,Room 201
8/27/2025 Wed,5:00 AM,11:30 PM,5:00 AM,11:00 PM,Kathleen W Rollins Hall,Room 230 - Conference Room - CLCE Area
8/27/2025 Wed,8:30 AM,5:00 PM,8:30 AM,5:00 PM,Kathleen W Rollins Hall,Room 128 - Screening Room
8/27/2025 Wed,9:00 AM,2:30 PM,9:00 AM,2:30 PM,Kathleen W Rollins Hall,Room 241 - Conference Room - Hub/SE/Acad Adv Area
8/27/2025 Wed,10:30 AM,3:30 PM,12:00 PM,2:00 PM,Kathleen W Rollins Hall,Tars Plaza
8/27/2025 Wed,2:00 PM,3:00 PM,2:00 PM,3:00 PM,Olin Library,Room 220 - Center for Creativity (Mac) 
8/27/2025 Wed,2:00 PM,3:30 PM,2:00 PM,3:30 PM,Kathleen W Rollins Hall,Room 330 - Teaching Seminar Room
8/27/2025 Wed,2:30 PM,3:30 PM,2:30 PM,3:30 PM,Kathleen W Rollins Hall,Room 241 - Conference Room - Hub/SE/Acad Adv Area
8/27/2025 Wed,3:30 PM,6:00 PM,3:30 PM,6:00 PM,Kathleen W Rollins Hall,Room 241 - Conference Room - Hub/SE/Acad Adv Area
8/27/2025 Wed,5:00 PM,7:00 PM,5:00 PM,7:00 PM,Kathleen W Rollins Hall,Room 330 - Teaching Seminar Room
8/27/2025 Wed,5:30 PM,10:30 PM,7:00 PM,9:00 PM,Kathleen W Rollins Hall,Room 300 - Galloway Room 
8/27/2025 Wed,6:00 PM,9:00 PM,6:00 PM,9:00 PM,Kathleen W Rollins Hall,Room 128 - Screening Room
8/28/2025 Thu,1:00 AM,11:59 PM,1:00 AM,11:59 PM,Kathleen W Rollins Hall,Room 230 - Conference Room - CLCE Area
8/28/2025 Thu,6:30 AM,1:30 PM,8:00 AM,12:00 PM,Kathleen W Rollins Hall,Room 300 - Galloway Room 
8/28/2025 Thu,6:30 AM,1:30 PM,8:00 AM,12:00 PM,Kathleen W Rollins Hall,Room 340 - Galloway Seminar Meeting Room
8/28/2025 Thu,8:00 AM,6:00 PM,8:00 AM,6:00 PM,Kathleen W Rollins Hall,Room 241 - Conference Room - Hub/SE/Acad Adv Area
8/28/2025 Thu,12:00 PM,2:00 PM,12:00 PM,2:00 PM,Kathleen W Rollins Hall,Room 110 - Conference Room - Campus Media Area
8/28/2025 Thu,12:00 PM,2:00 PM,12:00 PM,2:00 PM,Kathleen W Rollins Hall,Room 114 - Meeting Room - Campus Media Area
8/28/2025 Thu,12:00 PM,2:00 PM,12:00 PM,2:00 PM,Kathleen W Rollins Hall,Room 128 - Screening Room
8/28/2025 Thu,12:00 PM,2:00 PM,12:00 PM,2:00 PM,Olin Library,Room 230 - Library Meeting Room
8/28/2025 Thu,12:30 PM,1:50 PM,12:30 PM,1:50 PM,Bush Science Center,Room 208
8/28/2025 Thu,12:30 PM,1:45 PM,12:30 PM,1:45 PM,Kathleen W Rollins Hall,Room 330 - Teaching Seminar Room
8/28/2025 Thu,1:30 PM,2:30 PM,1:30 PM,2:30 PM,Kathleen W Rollins Hall,Room 340 - Galloway Seminar Meeting Room
8/28/2025 Thu,4:00 PM,6:30 PM,4:00 PM,6:30 PM,Olin Library,Van Houten Conference Room
8/28/2025 Thu,5:30 PM,10:30 PM,6:30 PM,9:30 PM,Bush Science Center,Bush Auditorium and Lobby
8/29/2025 Fri,1:00 AM,11:59 PM,1:00 AM,11:59 PM,Kathleen W Rollins Hall,Room 230 - Conference Room - CLCE Area
8/29/2025 Fri,8:00 AM,12:00 PM,8:00 AM,12:00 PM,Kathleen W Rollins Hall,Room 241 - Conference Room - Hub/SE/Acad Adv Area
8/29/2025 Fri,12:00 PM,5:00 PM,12:00 PM,5:00 PM,Kathleen W Rollins Hall,Room 241 - Conference Room - Hub/SE/Acad Adv Area
8/29/2025 Fri,12:00 PM,6:00 PM,12:00 PM,6:00 PM,Kathleen W Rollins Hall,Room 340 - Galloway Seminar Meeting Room
8/29/2025 Fri,2:00 PM,3:00 PM,2:00 PM,3:00 PM,Kathleen W Rollins Hall,Room 149 - Conference Room - Academic Adv Area
8/29/2025 Fri,3:00 PM,7:00 PM,4:00 PM,6:00 PM,Bush Science Center,Bush Auditorium and Lobby
8/29/2025 Fri,5:00 PM,6:00 PM,5:00 PM,6:00 PM,Kathleen W Rollins Hall,Room 110 - Conference Room - Campus Media Area
8/30/2025 Sat,6:30 AM,3:30 PM,8:00 AM,2:00 PM,Kathleen W Rollins Hall,Room 300 - Galloway Room 
8/30/2025 Sat,7:30 AM,12:30 PM,8:30 AM,11:30 AM,Bush Science Center,Bush Auditorium and Lobby
8/30/2025 Sat,8:00 AM,2:00 PM,8:00 AM,2:00 PM,Kathleen W Rollins Hall,Room 310 - Genius Scale-up Classroom
8/30/2025 Sat,8:00 AM,2:00 PM,8:00 AM,2:00 PM,Kathleen W Rollins Hall,Room 340 - Galloway Seminar Meeting Room
8/30/2025 Sat,12:00 PM,2:00 PM,12:00 PM,2:00 PM,Kathleen W Rollins Hall,Room 330 - Teaching Seminar Room
8/31/2025 Sun,5:00 PM,10:00 PM,5:30 PM,9:30 PM,Bush Science Center,Bush Auditorium and Lobby
8/31/2025 Sun,5:30 PM,10:00 PM,7:00 PM,8:30 PM,Kathleen W Rollins Hall,Room 300 - Galloway Room 
8/31/2025 Sun,6:00 PM,9:30 PM,6:00 PM,9:30 PM,Bush Science Center,Room 201
9/1/2025 Mon,11:00 AM,1:00 PM,11:00 AM,1:00 PM,Bush Science Center,Room 274 - Operant Lab/Seminar - Operant Lab Prior
9/1/2025 Mon,4:00 PM,5:30 PM,4:00 PM,5:30 PM,Bush Science Center,Room 176 - Smart Classroom 
9/1/2025 Mon,4:00 PM,5:30 PM,4:00 PM,5:30 PM,Kathleen W Rollins Hall,Room 310 - Genius Scale-up Classroom
9/1/2025 Mon,5:00 PM,11:00 PM,6:00 PM,10:00 PM,Bush Science Center,Bush Auditorium and Lobby
9/1/2025 Mon,6:00 PM,9:00 PM,6:00 PM,9:00 PM,Kathleen W Rollins Hall,Room 128 - Screening Room
9/1/2025 Mon,6:30 PM,10:00 PM,6:30 PM,10:00 PM,Bush Science Center,Room 176 - Smart Classroom 
9/2/2025 Tue,9:00 AM,6:00 PM,9:00 AM,6:00 PM,Kathleen W Rollins Hall,Room 241 - Conference Room - Hub/SE/Acad Adv Area
9/2/2025 Tue,9:30 AM,11:00 AM,9:30 AM,11:00 AM,Kathleen W Rollins Hall,Room 131 - Conference Room - CCLP Area
9/2/2025 Tue,10:00 AM,3:00 PM,10:00 AM,3:00 PM,Kathleen W Rollins Hall,Room 230 - Conference Room - CLCE Area
9/2/2025 Tue,11:30 AM,2:30 PM,12:30 PM,1:30 PM,Olin Library,Room 230 - Library Meeting Room
9/2/2025 Tue,12:15 PM,1:45 PM,12:15 PM,1:45 PM,Bush Science Center,Room 277 - Seminar Room 
9/2/2025 Tue,12:15 PM,1:45 PM,12:15 PM,1:45 PM,Kathleen W Rollins Hall,Room 330 - Teaching Seminar Room
9/2/2025 Tue,12:30 PM,1:30 PM,12:30 PM,1:30 PM,Kathleen W Rollins Hall,Room 310 - Genius Scale-up Classroom
9/2/2025 Tue,2:00 PM,3:00 PM,2:00 PM,3:00 PM,Kathleen W Rollins Hall,Room 149 - Conference Room - Academic Adv Area
9/2/2025 Tue,4:00 PM,5:00 PM,4:00 PM,5:00 PM,Olin Library,Room 230 - Library Meeting Room
9/2/2025 Tue,4:00 PM,5:00 PM,4:00 PM,5:00 PM,Kathleen W Rollins Hall,Room 330 - Teaching Seminar Room
9/2/2025 Tue,4:00 PM,6:30 PM,4:00 PM,6:30 PM,Olin Library,Van Houten Conference Room
9/2/2025 Tue,5:00 PM,7:00 PM,5:00 PM,7:00 PM,Bush Science Center,Room 200
9/2/2025 Tue,5:00 PM,6:00 PM,5:00 PM,6:00 PM,Bush Science Center,Room 201
9/2/2025 Tue,5:00 PM,6:00 PM,5:00 PM,6:00 PM,Kathleen W Rollins Hall,Room 230 - Conference Room - CLCE Area
9/3/2025 Wed,9:00 AM,10:00 AM,9:00 AM,10:00 AM,Kathleen W Rollins Hall,Room 128 - Screening Room
9/3/2025 Wed,9:00 AM,12:30 PM,10:00 AM,11:30 AM,Olin Library,Room 230 - Library Meeting Room
9/3/2025 Wed,9:00 AM,6:00 PM,9:00 AM,6:00 PM,Kathleen W Rollins Hall,Room 241 - Conference Room - Hub/SE/Acad Adv Area
9/3/2025 Wed,9:00 AM,1:00 PM,9:00 AM,1:00 PM,Kathleen W Rollins Hall,Room 301 - Ourisman Meeting Room
9/3/2025 Wed,10:30 AM,3:00 PM,12:00 PM,1:30 PM,Bush Science Center,Bush Lawn (Southside of building)
9/3/2025 Wed,10:30 AM,3:30 PM,12:00 PM,2:00 PM,Kathleen W Rollins Hall,Room 300 - Galloway Room 
9/3/2025 Wed,12:00 PM,1:30 PM,12:00 PM,1:30 PM,Kathleen W Rollins Hall,Fountain Entrance Lobby & Gathering Stairs
9/3/2025 Wed,12:00 PM,1:30 PM,12:00 PM,1:30 PM,Kathleen W Rollins Hall,Fox Den
9/3/2025 Wed,12:00 PM,1:00 PM,12:00 PM,1:00 PM,Kathleen W Rollins Hall,Room 230 - Conference Room - CLCE Area
9/3/2025 Wed,2:00 PM,3:30 PM,2:00 PM,3:30 PM,Kathleen W Rollins Hall,Room 330 - Teaching Seminar Room
9/3/2025 Wed,3:00 PM,4:00 PM,3:00 PM,4:00 PM,Kathleen W Rollins Hall,Room 149 - Conference Room - Academic Adv Area
9/3/2025 Wed,4:00 PM,9:30 PM,5:00 PM,8:30 PM,Olin Library,Room 230 - Library Meeting Room
9/3/2025 Wed,4:00 PM,5:00 PM,4:00 PM,5:00 PM,Kathleen W Rollins Hall,Room 310 - Genius Scale-up Classroom
9/3/2025 Wed,4:00 PM,5:00 PM,4:00 PM,5:00 PM,Kathleen W Rollins Hall,Room 330 - Teaching Seminar Room
9/3/2025 Wed,5:00 PM,11:00 PM,6:00 PM,10:00 PM,Bush Science Center,Bush Auditorium and Lobby
9/3/2025 Wed,5:30 PM,10:30 PM,7:00 PM,9:00 PM,Kathleen W Rollins Hall,Room 300 - Galloway Room 
9/3/2025 Wed,6:00 PM,9:00 PM,6:00 PM,9:00 PM,Kathleen W Rollins Hall,Room 128 - Screening Room
9/4/2025 Thu,9:00 AM,10:00 AM,9:00 AM,10:00 AM,Olin Library,Room 230 - Library Meeting Room
9/4/2025 Thu,9:00 AM,6:00 PM,9:00 AM,6:00 PM,Kathleen W Rollins Hall,Room 241 - Conference Room - Hub/SE/Acad Adv Area
9/4/2025 Thu,9:00 AM,12:30 PM,10:00 AM,11:30 AM,Kathleen W Rollins Hall,Room 300 - Galloway Room 
9/4/2025 Thu,9:00 AM,1:00 PM,9:00 AM,1:00 PM,Kathleen W Rollins Hall,Room 301 - Ourisman Meeting Room
9/4/2025 Thu,10:00 AM,11:00 AM,10:00 AM,11:00 AM,Kathleen W Rollins Hall,Room 330 - Teaching Seminar Room
9/4/2025 Thu,10:30 AM,12:00 PM,10:30 AM,12:00 PM,Bush Science Center,Room 200
9/4/2025 Thu,11:30 AM,1:30 PM,11:30 AM,1:30 PM,Kathleen W Rollins Hall,Room 128 - Screening Room
9/4/2025 Thu,12:00 PM,2:00 PM,12:00 PM,2:00 PM,Kathleen W Rollins Hall,Room 340 - Galloway Seminar Meeting Room
9/4/2025 Thu,12:15 PM,1:45 PM,12:15 PM,1:45 PM,Bush Science Center,Room 277 - Seminar Room 
9/4/2025 Thu,12:30 PM,2:00 PM,12:30 PM,2:00 PM,Kathleen W Rollins Hall,Room 110 - Conference Room - Campus Media Area
9/4/2025 Thu,12:30 PM,1:45 PM,12:30 PM,1:45 PM,Bush Science Center,Room 176 - Smart Classroom 
9/4/2025 Thu,12:30 PM,1:50 PM,12:30 PM,1:50 PM,Bush Science Center,Room 208
9/4/2025 Thu,12:30 PM,1:45 PM,12:30 PM,1:45 PM,Kathleen W Rollins Hall,Room 330 - Teaching Seminar Room
9/4/2025 Thu,1:00 PM,2:00 PM,1:00 PM,2:00 PM,Kathleen W Rollins Hall,Room 230 - Conference Room - CLCE Area
9/4/2025 Thu,2:00 PM,5:00 PM,2:00 PM,5:00 PM,Bush Science Center,Room 200
9/4/2025 Thu,2:00 PM,3:00 PM,2:00 PM,3:00 PM,Olin Library,Room 230 - Library Meeting Room
9/4/2025 Thu,2:00 PM,3:00 PM,2:00 PM,3:00 PM,Kathleen W Rollins Hall,Room 330 - Teaching Seminar Room
9/4/2025 Thu,2:00 PM,6:30 PM,3:30 PM,5:00 PM,Kathleen W Rollins Hall,Tars Plaza
9/4/2025 Thu,4:00 PM,5:00 PM,4:00 PM,5:00 PM,Kathleen W Rollins Hall,Room 301 - Ourisman Meeting Room
9/4/2025 Thu,4:00 PM,7:00 PM,4:00 PM,7:00 PM,Kathleen W Rollins Hall,Room 330 - Teaching Seminar Room
9/4/2025 Thu,4:00 PM,6:30 PM,4:00 PM,6:30 PM,Olin Library,Van Houten Conference Room
9/4/2025 Thu,5:00 PM,7:00 PM,5:00 PM,7:00 PM,Bush Science Center,Room 200
9/5/2025 Fri,7:30 AM,11:30 AM,9:00 AM,10:00 AM,Kathleen W Rollins Hall,Tars Plaza
9/5/2025 Fri,9:00 AM,10:00 AM,9:00 AM,10:00 AM,Kathleen W Rollins Hall,Fountain Entrance Lobby & Gathering Stairs
9/5/2025 Fri,9:00 AM,6:00 PM,9:00 AM,6:00 PM,Kathleen W Rollins Hall,Room 230 - Conference Room - CLCE Area
9/5/2025 Fri,12:00 PM,5:00 PM,12:00 PM,5:00 PM,Kathleen W Rollins Hall,Room 128 - Screening Room
9/5/2025 Fri,12:00 PM,5:00 PM,12:00 PM,5:00 PM,Kathleen W Rollins Hall,Room 241 - Conference Room - Hub/SE/Acad Adv Area
9/5/2025 Fri,3:00 PM,5:00 PM,3:00 PM,5:00 PM,Bush Science Center,Room 277 - Seminar Room 
9/5/2025 Fri,3:30 PM,8:30 PM,5:00 PM,7:00 PM,Bush Science Center,Bush Lawn (Southside of building)
9/5/2025 Fri,4:00 PM,5:00 PM,4:00 PM,5:00 PM,Kathleen W Rollins Hall,Room 301 - Ourisman Meeting Room
9/5/2025 Fri,5:00 PM,8:00 PM,5:00 PM,8:00 PM,Kathleen W Rollins Hall,Room 310 - Genius Scale-up Classroom
9/6/2025 Sat,9:00 AM,2:00 PM,9:00 AM,2:00 PM,Kathleen W Rollins Hall,Room 340 - Galloway Seminar Meeting Room
9/6/2025 Sat,10:00 AM,12:30 PM,10:00 AM,12:30 PM,Kathleen W Rollins Hall,Room 320 - Hauske Scale-up Classroom
9/7/2025 Sun,9:30 AM,3:00 PM,9:30 AM,3:00 PM,Kathleen W Rollins Hall,Room 149 - Conference Room - Academic Adv Area
9/7/2025 Sun,1:00 PM,5:00 PM,2:00 PM,4:00 PM,Bush Science Center,Bush Auditorium and Lobby
9/7/2025 Sun,2:00 PM,6:00 PM,2:00 PM,6:00 PM,Kathleen W Rollins Hall,Room 340 - Galloway Seminar Meeting Room
9/7/2025 Sun,5:00 PM,10:00 PM,5:30 PM,9:30 PM,Bush Science Center,Bush Auditorium and Lobby
9/7/2025 Sun,5:00 PM,8:30 PM,5:00 PM,8:30 PM,Kathleen W Rollins Hall,Room 330 - Teaching Seminar Room
9/7/2025 Sun,5:30 PM,10:00 PM,7:00 PM,8:30 PM,Kathleen W Rollins Hall,Room 300 - Galloway Room 
9/7/2025 Sun,5:30 PM,6:30 PM,5:30 PM,6:30 PM,Kathleen W Rollins Hall,Room 301 - Ourisman Meeting Room
9/7/2025 Sun,6:00 PM,9:30 PM,6:00 PM,9:30 PM,Bush Science Center,Room 201
9/8/2025 Mon,7:00 AM,12:00 PM,8:00 AM,11:00 AM,Kathleen W Rollins Hall,Mills Foyer
9/8/2025 Mon,8:30 AM,12:30 PM,10:00 AM,11:00 AM,Kathleen W Rollins Hall,Room 300 - Galloway Room 
9/8/2025 Mon,9:00 AM,10:00 AM,9:00 AM,10:00 AM,Kathleen W Rollins Hall,Room 128 - Screening Room
9/8/2025 Mon,9:00 AM,9:50 AM,9:00 AM,9:50 AM,Olin Library,Room 220 - Center for Creativity (Mac) 
9/8/2025 Mon,9:00 AM,6:00 PM,9:00 AM,6:00 PM,Kathleen W Rollins Hall,Room 241 - Conference Room - Hub/SE/Acad Adv Area
9/8/2025 Mon,11:00 AM,1:00 PM,11:00 AM,1:00 PM,Bush Science Center,Room 274 - Operant Lab/Seminar - Operant Lab Prior
9/8/2025 Mon,11:45 AM,1:15 PM,11:45 AM,1:15 PM,Kathleen W Rollins Hall,Room 230 - Conference Room - CLCE Area
9/8/2025 Mon,12:30 PM,2:30 PM,12:30 PM,2:30 PM,Bush Science Center,Room 123 - Seminar/Green Room - Sci Div Priority
9/8/2025 Mon,1:00 PM,3:00 PM,1:00 PM,3:00 PM,Bush Science Center,Room 202
9/8/2025 Mon,1:00 PM,2:00 PM,1:00 PM,2:00 PM,Olin Library,Room 230 - Library Meeting Room
9/8/2025 Mon,2:30 PM,3:30 PM,2:30 PM,3:30 PM,Kathleen W Rollins Hall,Room 230 - Conference Room - CLCE Area
9/8/2025 Mon,2:30 PM,3:30 PM,2:30 PM,3:30 PM,Bush Science Center,Room 308 
9/8/2025 Mon,4:00 PM,5:30 PM,4:00 PM,5:30 PM,Bush Science Center,Room 176 - Smart Classroom 
9/8/2025 Mon,4:00 PM,5:30 PM,4:00 PM,5:30 PM,Kathleen W Rollins Hall,Room 310 - Genius Scale-up Classroom
9/8/2025 Mon,4:00 PM,5:00 PM,4:00 PM,5:00 PM,Kathleen W Rollins Hall,Room 330 - Teaching Seminar Room
9/8/2025 Mon,4:00 PM,5:00 PM,4:00 PM,5:00 PM,Kathleen W Rollins Hall,Room 340 - Galloway Seminar Meeting Room
9/8/2025 Mon,5:00 PM,11:00 PM,6:00 PM,10:00 PM,Bush Science Center,Bush Auditorium and Lobby
9/8/2025 Mon,5:00 PM,6:00 PM,5:00 PM,6:00 PM,Kathleen W Rollins Hall,Room 330 - Teaching Seminar Room
9/8/2025 Mon,5:30 PM,7:00 PM,5:30 PM,7:00 PM,Kathleen W Rollins Hall,Room 340 - Galloway Seminar Meeting Room
9/8/2025 Mon,6:00 PM,9:00 PM,6:00 PM,9:00 PM,Kathleen W Rollins Hall,Room 128 - Screening Room
9/8/2025 Mon,6:00 PM,7:00 PM,6:00 PM,7:00 PM,Bush Science Center,Room 200
9/8/2025 Mon,6:00 PM,9:00 PM,6:00 PM,9:00 PM,Bush Science Center,Room 210 
9/8/2025 Mon,6:30 PM,10:00 PM,6:30 PM,10:00 PM,Bush Science Center,Room 176 - Smart Classroom 
9/9/2025 Tue,7:30 AM,2:30 PM,9:00 AM,1:00 PM,Kathleen W Rollins Hall,Room 300 - Galloway Room 
9/9/2025 Tue,9:00 AM,5:00 PM,10:30 AM,3:30 PM,Bush Science Center,Bush Lawn (Southside of building)
9/9/2025 Tue,9:00 AM,6:00 PM,9:00 AM,6:00 PM,Kathleen W Rollins Hall,Room 241 - Conference Room - Hub/SE/Acad Adv Area
9/9/2025 Tue,9:30 AM,11:00 AM,9:30 AM,11:00 AM,Kathleen W Rollins Hall,Room 131 - Conference Room - CCLP Area
9/9/2025 Tue,10:00 AM,11:00 AM,10:00 AM,11:00 AM,Kathleen W Rollins Hall,Room 230 - Conference Room - CLCE Area
9/9/2025 Tue,11:00 AM,12:00 PM,11:00 AM,12:00 PM,Kathleen W Rollins Hall,Room 149 - Conference Room - Academic Adv Area
9/9/2025 Tue,12:00 PM,1:00 PM,12:00 PM,1:00 PM,Kathleen W Rollins Hall,Fountain Entrance Lobby & Gathering Stairs
9/9/2025 Tue,12:00 PM,2:00 PM,12:00 PM,2:00 PM,Kathleen W Rollins Hall,Room 110 - Conference Room - Campus Media Area
9/9/2025 Tue,12:15 PM,1:45 PM,12:15 PM,1:45 PM,Bush Science Center,Room 277 - Seminar Room 
9/9/2025 Tue,12:15 PM,1:45 PM,12:15 PM,1:45 PM,Kathleen W Rollins Hall,Room 330 - Teaching Seminar Room
9/9/2025 Tue,12:30 PM,1:30 PM,12:30 PM,1:30 PM,Bush Science Center,Room 202
9/9/2025 Tue,12:30 PM,1:30 PM,12:30 PM,1:30 PM,Kathleen W Rollins Hall,Room 230 - Conference Room - CLCE Area
9/9/2025 Tue,12:30 PM,1:30 PM,12:30 PM,1:30 PM,Kathleen W Rollins Hall,Room 340 - Galloway Seminar Meeting Room
9/9/2025 Tue,2:00 PM,3:00 PM,2:00 PM,3:00 PM,Kathleen W Rollins Hall,Room 149 - Conference Room - Academic Adv Area
9/9/2025 Tue,2:00 PM,4:00 PM,2:00 PM,4:00 PM,Kathleen W Rollins Hall,Room 330 - Teaching Seminar Room
9/9/2025 Tue,2:30 PM,3:30 PM,2:30 PM,3:30 PM,Bush Science Center,Room 260 - Chemistry Lab Pre-Lab/Seminar Room
9/9/2025 Tue,3:00 PM,4:00 PM,3:00 PM,4:00 PM,Kathleen W Rollins Hall,Room 230 - Conference Room - CLCE Area
9/9/2025 Tue,3:15 PM,5:00 PM,3:15 PM,5:00 PM,Olin Library,Room 104 - Edwin O. Grover Room
9/9/2025 Tue,4:00 PM,5:00 PM,4:00 PM,5:00 PM,Bush Science Center,Room 277 - Seminar Room 
9/9/2025 Tue,4:00 PM,5:00 PM,4:00 PM,5:00 PM,Kathleen W Rollins Hall,Room 301 - Ourisman Meeting Room
9/9/2025 Tue,4:00 PM,6:30 PM,4:00 PM,6:30 PM,Olin Library,Van Houten Conference Room
9/9/2025 Tue,4:15 PM,8:15 PM,4:15 PM,8:15 PM,Kathleen W Rollins Hall,Room 143 - Meeting Room - CCLP Area
9/9/2025 Tue,4:30 PM,7:00 PM,4:30 PM,7:00 PM,Kathleen W Rollins Hall,Room 340 - Galloway Seminar Meeting Room
9/9/2025 Tue,5:00 PM,7:00 PM,5:00 PM,7:00 PM,Bush Science Center,Room 200
9/9/2025 Tue,5:00 PM,6:00 PM,5:00 PM,6:00 PM,Bush Science Center,Room 202
9/9/2025 Tue,5:00 PM,6:00 PM,5:00 PM,6:00 PM,Kathleen W Rollins Hall,Room 310 - Genius Scale-up Classroom
9/9/2025 Tue,5:30 PM,6:30 PM,5:30 PM,6:30 PM,Kathleen W Rollins Hall,Room 128 - Screening Room
9/9/2025 Tue,6:30 PM,7:30 PM,6:30 PM,7:30 PM,Olin Library,Room 225 - Teaching Computer Lab (PC)
9/10/2025 Wed,8:30 AM,12:00 PM,9:30 AM,11:00 AM,Olin Library,Room 230 - Library Meeting Room
9/10/2025 Wed,9:00 AM,10:00 AM,9:00 AM,10:00 AM,Kathleen W Rollins Hall,Fountain Entrance Lobby & Gathering Stairs
9/10/2025 Wed,9:00 AM,10:00 AM,9:00 AM,10:00 AM,Kathleen W Rollins Hall,Room 128 - Screening Room
9/10/2025 Wed,9:00 AM,10:00 AM,9:00 AM,10:00 AM,Olin Library,Room 220 - Center for Creativity (Mac) 
9/10/2025 Wed,9:00 AM,6:00 PM,9:00 AM,6:00 PM,Kathleen W Rollins Hall,Room 241 - Conference Room - Hub/SE/Acad Adv Area
9/10/2025 Wed,9:00 AM,12:30 PM,9:00 AM,12:30 PM,Kathleen W Rollins Hall,Room 301 - Ourisman Meeting Room
9/10/2025 Wed,9:00 AM,10:00 AM,9:00 AM,10:00 AM,Kathleen W Rollins Hall,Room 330 - Teaching Seminar Room
9/10/2025 Wed,10:30 AM,3:00 PM,12:00 PM,2:00 PM,Olin Library,Olin Lawn
9/10/2025 Wed,11:00 AM,12:00 PM,11:00 AM,12:00 PM,Kathleen W Rollins Hall,Room 340 - Galloway Seminar Meeting Room
9/10/2025 Wed,12:00 PM,2:45 PM,12:30 PM,1:45 PM,Bush Science Center,Bush Atrium - Student Priority
9/10/2025 Wed,12:00 PM,1:00 PM,12:00 PM,1:00 PM,Kathleen W Rollins Hall,Room 230 - Conference Room - CLCE Area
9/10/2025 Wed,1:00 PM,3:00 PM,1:00 PM,3:00 PM,Bush Science Center,Room 202
9/10/2025 Wed,1:00 PM,2:00 PM,1:00 PM,2:00 PM,Kathleen W Rollins Hall,Room 230 - Conference Room - CLCE Area
9/10/2025 Wed,1:00 PM,3:00 PM,1:00 PM,3:00 PM,Bush Science Center,Room 260 - Chemistry Lab Pre-Lab/Seminar Room
9/10/2025 Wed,1:00 PM,2:15 PM,1:00 PM,2:15 PM,Kathleen W Rollins Hall,Room 340 - Galloway Seminar Meeting Room
9/10/2025 Wed,1:30 PM,5:00 PM,1:30 PM,5:00 PM,Olin Library,Room 220 - Center for Creativity (Mac) 
9/10/2025 Wed,2:00 PM,3:30 PM,2:00 PM,3:30 PM,Kathleen W Rollins Hall,Room 330 - Teaching Seminar Room
9/10/2025 Wed,3:30 PM,5:30 PM,3:30 PM,5:30 PM,Kathleen W Rollins Hall,Room 340 - Galloway Seminar Meeting Room
9/10/2025 Wed,4:00 PM,9:00 PM,5:00 PM,8:00 PM,Olin Library,Room 230 - Library Meeting Room
9/10/2025 Wed,5:00 PM,8:00 PM,5:00 PM,8:00 PM,Olin Library,Room 104 - Edwin O. Grover Room
9/10/2025 Wed,5:00 PM,7:00 PM,5:00 PM,7:00 PM,Kathleen W Rollins Hall,Room 330 - Teaching Seminar Room
9/10/2025 Wed,5:30 PM,10:30 PM,7:00 PM,9:00 PM,Kathleen W Rollins Hall,Room 300 - Galloway Room 
9/10/2025 Wed,6:00 PM,9:00 PM,6:00 PM,9:00 PM,Kathleen W Rollins Hall,Room 128 - Screening Room
9/11/2025 Thu,8:00 AM,1:00 PM,9:30 AM,11:30 AM,Kathleen W Rollins Hall,Room 300 - Galloway Room 
9/11/2025 Thu,9:00 AM,6:00 PM,9:00 AM,6:00 PM,Kathleen W Rollins Hall,Room 230 - Conference Room - CLCE Area
9/11/2025 Thu,9:30 AM,12:00 PM,9:30 AM,12:00 PM,Kathleen W Rollins Hall,Room 241 - Conference Room - Hub/SE/Acad Adv Area
9/11/2025 Thu,9:30 AM,10:45 AM,9:30 AM,10:45 AM,Bush Science Center,Room 302 
9/11/2025 Thu,11:30 AM,12:30 PM,11:30 AM,12:30 PM,Bush Science Center,Bush Auditorium and Lobby
9/11/2025 Thu,12:00 PM,2:00 PM,12:00 PM,2:00 PM,Kathleen W Rollins Hall,Room 340 - Galloway Seminar Meeting Room
9/11/2025 Thu,12:15 PM,2:00 PM,12:15 PM,2:00 PM,Kathleen W Rollins Hall,Room 241 - Conference Room - Hub/SE/Acad Adv Area
9/11/2025 Thu,12:15 PM,1:45 PM,12:15 PM,1:45 PM,Bush Science Center,Room 277 - Seminar Room 
9/11/2025 Thu,12:30 PM,1:50 PM,12:30 PM,1:50 PM,Bush Science Center,Room 208
9/11/2025 Thu,12:30 PM,1:45 PM,12:30 PM,1:45 PM,Kathleen W Rollins Hall,Room 310 - Genius Scale-up Classroom
9/11/2025 Thu,1:00 PM,3:30 PM,1:00 PM,3:30 PM,Kathleen W Rollins Hall,Room 149 - Conference Room - Academic Adv Area
9/11/2025 Thu,2:00 PM,3:00 PM,2:00 PM,3:00 PM,Kathleen W Rollins Hall,Room 131 - Conference Room - CCLP Area
9/11/2025 Thu,2:30 PM,3:30 PM,2:30 PM,3:30 PM,Bush Science Center,Room 260 - Chemistry Lab Pre-Lab/Seminar Room
9/11/2025 Thu,3:00 PM,7:00 PM,4:00 PM,6:00 PM,Bush Science Center,Bush Auditorium and Lobby
9/11/2025 Thu,4:00 PM,5:30 PM,4:00 PM,5:30 PM,Bush Science Center,Room 176 - Smart Classroom 
9/11/2025 Thu,4:00 PM,6:30 PM,4:00 PM,6:30 PM,Olin Library,Van Houten Conference Room
9/11/2025 Thu,4:15 PM,8:15 PM,4:15 PM,8:15 PM,Kathleen W Rollins Hall,Room 143 - Meeting Room - CCLP Area
9/11/2025 Thu,5:00 PM,7:00 PM,5:00 PM,7:00 PM,Bush Science Center,Room 200
9/11/2025 Thu,5:00 PM,9:00 PM,5:00 PM,9:00 PM,Kathleen W Rollins Hall,Room 340 - Galloway Seminar Meeting Room
9/11/2025 Thu,7:00 PM,8:00 PM,7:00 PM,8:00 PM,Kathleen W Rollins Hall,Room 330 - Teaching Seminar Room
9/12/2025 Fri,8:00 AM,5:00 PM,8:00 AM,5:00 PM,Olin Library,Van Houten Conference Room
9/12/2025 Fri,9:00 AM,10:00 AM,9:00 AM,10:00 AM,Kathleen W Rollins Hall,Room 128 - Screening Room
9/12/2025 Fri,9:00 AM,9:50 AM,9:00 AM,9:50 AM,Olin Library,Room 220 - Center for Creativity (Mac) 
9/12/2025 Fri,9:00 AM,12:00 PM,9:00 AM,12:00 PM,Kathleen W Rollins Hall,Room 230 - Conference Room - CLCE Area
9/12/2025 Fri,9:00 AM,6:00 PM,9:00 AM,6:00 PM,Kathleen W Rollins Hall,Room 241 - Conference Room - Hub/SE/Acad Adv Area
9/12/2025 Fri,11:00 AM,6:00 PM,12:00 PM,5:00 PM,Bush Science Center,Bush Auditorium and Lobby
9/12/2025 Fri,12:00 PM,6:00 PM,2:00 PM,5:00 PM,Bush Science Center,Bush Atrium - Student Priority
9/12/2025 Fri,12:00 PM,5:00 PM,12:00 PM,5:00 PM,Bush Science Center,Room 200
9/12/2025 Fri,12:00 PM,5:00 PM,12:00 PM,5:00 PM,Bush Science Center,Room 201
9/12/2025 Fri,1:00 PM,2:00 PM,1:00 PM,2:00 PM,Kathleen W Rollins Hall,Room 114 - Meeting Room - Campus Media Area
9/12/2025 Fri,1:00 PM,2:00 PM,1:00 PM,2:00 PM,Kathleen W Rollins Hall,Room 340 - Galloway Seminar Meeting Room
9/12/2025 Fri,4:00 PM,5:00 PM,4:00 PM,5:00 PM,Kathleen W Rollins Hall,Room 320 - Hauske Scale-up Classroom
9/13/2025 Sat,7:00 AM,12:00 PM,8:00 AM,11:00 AM,Bush Science Center,Bush Auditorium and Lobby
9/13/2025 Sat,12:00 PM,3:00 PM,12:00 PM,3:00 PM,Kathleen W Rollins Hall,Room 128 - Screening Room
9/13/2025 Sat,6:30 PM,10:30 PM,8:00 PM,9:00 PM,Kathleen W Rollins Hall,Room 300 - Galloway Room 
9/14/2025 Sun,1:30 PM,5:30 PM,2:00 PM,5:00 PM,Kathleen W Rollins Hall,Room 300 - Galloway Room 
9/14/2025 Sun,5:00 PM,10:00 PM,5:30 PM,9:30 PM,Bush Science Center,Bush Auditorium and Lobby
9/14/2025 Sun,5:30 PM,10:00 PM,7:00 PM,8:30 PM,Kathleen W Rollins Hall,Room 300 - Galloway Room 
9/14/2025 Sun,5:30 PM,6:30 PM,5:30 PM,6:30 PM,Kathleen W Rollins Hall,Room 301 - Ourisman Meeting Room
9/14/2025 Sun,6:00 PM,9:30 PM,6:00 PM,9:30 PM,Bush Science Center,Room 201
9/14/2025 Sun,8:00 PM,9:00 PM,8:00 PM,9:00 PM,Bush Science Center,Room 202
9/14/2025 Sun,8:00 PM,9:00 PM,8:00 PM,9:00 PM,Bush Science Center,Room 208
9/14/2025 Sun,8:00 PM,9:00 PM,8:00 PM,9:00 PM,Bush Science Center,Room 210 
9/15/2025 Mon,9:00 AM,1:00 PM,9:00 AM,1:00 PM,Kathleen W Rollins Hall,Room 240/240B - Social Impact Hub/Classroom
9/15/2025 Mon,11:00 AM,12:15 PM,11:00 AM,12:15 PM,Kathleen W Rollins Hall,Room 110 - Conference Room - Campus Media Area
9/15/2025 Mon,11:00 AM,12:00 PM,11:00 AM,12:00 PM,Kathleen W Rollins Hall,Room 149 - Conference Room - Academic Adv Area
9/15/2025 Mon,11:00 AM,1:00 PM,11:00 AM,1:00 PM,Bush Science Center,Room 274 - Operant Lab/Seminar - Operant Lab Prior
9/15/2025 Mon,11:00 AM,12:00 PM,11:00 AM,12:00 PM,Bush Science Center,Room 277 - Seminar Room 
9/15/2025 Mon,11:45 AM,1:15 PM,11:45 AM,1:15 PM,Kathleen W Rollins Hall,Room 230 - Conference Room - CLCE Area
9/15/2025 Mon,12:00 PM,3:00 PM,1:00 PM,3:00 PM,Bush Science Center,Bush Atrium - Student Priority
9/15/2025 Mon,1:00 PM,3:00 PM,1:00 PM,3:00 PM,Kathleen W Rollins Hall,Room 330 - Teaching Seminar Room
9/15/2025 Mon,1:30 PM,2:30 PM,1:30 PM,2:30 PM,Kathleen W Rollins Hall,Room 340 - Galloway Seminar Meeting Room
9/15/2025 Mon,2:00 PM,4:00 PM,2:00 PM,4:00 PM,Olin Library,Room 225 - Teaching Computer Lab (PC)
9/15/2025 Mon,2:00 PM,4:00 PM,2:00 PM,4:00 PM,Kathleen W Rollins Hall,Room 241 - Conference Room - Hub/SE/Acad Adv Area
9/15/2025 Mon,2:30 PM,3:30 PM,2:30 PM,3:30 PM,Kathleen W Rollins Hall,Room 230 - Conference Room - CLCE Area
9/15/2025 Mon,3:00 PM,4:00 PM,3:00 PM,4:00 PM,Kathleen W Rollins Hall,Room 340 - Galloway Seminar Meeting Room
9/15/2025 Mon,4:00 PM,5:30 PM,4:00 PM,5:30 PM,Bush Science Center,Room 176 - Smart Classroom 
9/15/2025 Mon,4:00 PM,5:30 PM,4:00 PM,5:30 PM,Kathleen W Rollins Hall,Room 310 - Genius Scale-up Classroom
9/15/2025 Mon,5:00 PM,11:00 PM,6:00 PM,10:00 PM,Bush Science Center,Bush Auditorium and Lobby
9/15/2025 Mon,5:00 PM,6:00 PM,5:00 PM,6:00 PM,Kathleen W Rollins Hall,Room 330 - Teaching Seminar Room
9/15/2025 Mon,6:00 PM,9:00 PM,6:00 PM,9:00 PM,Kathleen W Rollins Hall,Room 128 - Screening Room
9/15/2025 Mon,6:00 PM,7:00 PM,6:00 PM,7:00 PM,Bush Science Center,Room 200
9/15/2025 Mon,6:30 PM,10:00 PM,6:30 PM,10:00 PM,Bush Science Center,Room 176 - Smart Classroom 
9/15/2025 Mon,6:30 PM,10:30 PM,8:00 PM,9:00 PM,Kathleen W Rollins Hall,Room 300 - Galloway Room 
9/15/2025 Mon,7:00 PM,9:00 PM,7:00 PM,9:00 PM,Kathleen W Rollins Hall,Mills Lawn
9/15/2025 Mon,7:00 PM,8:00 PM,7:00 PM,8:00 PM,Kathleen W Rollins Hall,Room 340 - Galloway Seminar Meeting Room
9/16/2025 Tue,9:00 AM,10:45 AM,9:00 AM,10:45 AM,Bush Science Center,Room 302 
9/16/2025 Tue,9:30 AM,11:00 AM,9:30 AM,11:00 AM,Kathleen W Rollins Hall,Room 131 - Conference Room - CCLP Area
9/16/2025 Tue,10:00 AM,11:00 AM,10:00 AM,11:00 AM,Kathleen W Rollins Hall,Room 230 - Conference Room - CLCE Area
9/16/2025 Tue,11:00 AM,12:00 PM,11:00 AM,12:00 PM,Kathleen W Rollins Hall,Room 230 - Conference Room - CLCE Area
9/16/2025 Tue,11:00 AM,3:30 PM,12:30 PM,2:30 PM,Kathleen W Rollins Hall,Room 300 - Galloway Room 
9/16/2025 Tue,11:30 AM,1:30 PM,11:30 AM,1:30 PM,Kathleen W Rollins Hall,Room 128 - Screening Room
9/16/2025 Tue,12:00 PM,2:00 PM,12:00 PM,2:00 PM,Kathleen W Rollins Hall,Room 110 - Conference Room - Campus Media Area
9/16/2025 Tue,12:00 PM,2:00 PM,12:00 PM,2:00 PM,Kathleen W Rollins Hall,Room 241 - Conference Room - Hub/SE/Acad Adv Area
9/16/2025 Tue,12:00 PM,2:00 PM,12:00 PM,2:00 PM,Bush Science Center,Room 260 - Chemistry Lab Pre-Lab/Seminar Room
9/16/2025 Tue,12:15 PM,1:45 PM,12:15 PM,1:45 PM,Bush Science Center,Room 277 - Seminar Room 
9/16/2025 Tue,12:15 PM,1:45 PM,12:15 PM,1:45 PM,Kathleen W Rollins Hall,Room 330 - Teaching Seminar Room
9/16/2025 Tue,12:30 PM,1:30 PM,12:30 PM,1:30 PM,Bush Science Center,Room 102 - STEM Hub ONLY
9/16/2025 Tue,12:30 PM,1:45 PM,12:30 PM,1:45 PM,Bush Science Center,Room 123 - Seminar/Green Room - Sci Div Priority
9/16/2025 Tue,12:30 PM,1:30 PM,12:30 PM,1:30 PM,Kathleen W Rollins Hall,Room 230 - Conference Room - CLCE Area
9/16/2025 Tue,12:30 PM,1:30 PM,12:30 PM,1:30 PM,Kathleen W Rollins Hall,Room 340 - Galloway Seminar Meeting Room
9/16/2025 Tue,12:45 PM,1:45 PM,12:45 PM,1:45 PM,Bush Science Center,Room 176 - Smart Classroom 
9/16/2025 Tue,1:00 PM,2:00 PM,1:00 PM,2:00 PM,Bush Science Center,Room 202
9/16/2025 Tue,1:30 PM,2:30 PM,1:30 PM,2:30 PM,Kathleen W Rollins Hall,Room 114 - Meeting Room - Campus Media Area
9/16/2025 Tue,2:00 PM,2:30 PM,2:00 PM,2:30 PM,Bush Science Center,Bush Auditorium and Lobby
9/16/2025 Tue,2:00 PM,3:00 PM,2:00 PM,3:00 PM,Kathleen W Rollins Hall,Room 149 - Conference Room - Academic Adv Area
9/16/2025 Tue,2:30 PM,3:30 PM,2:30 PM,3:30 PM,Bush Science Center,Room 260 - Chemistry Lab Pre-Lab/Seminar Room
9/16/2025 Tue,3:15 PM,4:00 PM,3:15 PM,4:00 PM,Kathleen W Rollins Hall,Room 149 - Conference Room - Academic Adv Area
9/16/2025 Tue,3:30 PM,10:00 PM,5:00 PM,8:30 PM,Kathleen W Rollins Hall,Room 300 - Galloway Room 
9/16/2025 Tue,4:00 PM,5:00 PM,4:00 PM,5:00 PM,Kathleen W Rollins Hall,Room 330 - Teaching Seminar Room
9/16/2025 Tue,4:00 PM,5:00 PM,4:00 PM,5:00 PM,Kathleen W Rollins Hall,Room 340 - Galloway Seminar Meeting Room
9/16/2025 Tue,4:00 PM,6:30 PM,4:00 PM,6:30 PM,Olin Library,Van Houten Conference Room
9/16/2025 Tue,5:00 PM,7:00 PM,5:00 PM,7:00 PM,Kathleen W Rollins Hall,Room 110 - Conference Room - Campus Media Area
9/16/2025 Tue,5:00 PM,7:00 PM,5:00 PM,7:00 PM,Bush Science Center,Room 164 - Physics Priority
9/16/2025 Tue,5:00 PM,7:00 PM,5:00 PM,7:00 PM,Bush Science Center,Room 200
9/16/2025 Tue,5:00 PM,6:00 PM,5:00 PM,6:00 PM,Bush Science Center,Room 201
9/16/2025 Tue,5:00 PM,6:30 PM,5:00 PM,6:30 PM,Bush Science Center,Room 210 
9/16/2025 Tue,5:00 PM,6:00 PM,5:00 PM,6:00 PM,Bush Science Center,Room 308 
9/16/2025 Tue,5:00 PM,6:00 PM,5:00 PM,6:00 PM,Kathleen W Rollins Hall,Room 310 - Genius Scale-up Classroom
9/16/2025 Tue,6:30 PM,8:00 PM,6:30 PM,8:00 PM,Kathleen W Rollins Hall,Room 136 - Meeting Room - CCLP Area
9/16/2025 Tue,7:30 PM,9:15 PM,7:30 PM,9:15 PM,Bush Science Center,Room 201
9/17/2025 Wed,7:00 AM,12:00 PM,8:00 AM,11:00 AM,Kathleen W Rollins Hall,Mills Foyer
9/17/2025 Wed,9:00 AM,10:00 AM,9:00 AM,10:00 AM,Kathleen W Rollins Hall,Fountain Entrance Lobby & Gathering Stairs
9/17/2025 Wed,10:00 AM,11:30 AM,10:00 AM,11:30 AM,Olin Library,Room 230 - Library Meeting Room
9/17/2025 Wed,10:30 AM,3:00 PM,12:00 PM,2:00 PM,Bush Science Center,Bush Atrium - Student Priority
9/17/2025 Wed,11:00 AM,12:30 PM,11:00 AM,12:30 PM,Kathleen W Rollins Hall,Room 241 - Conference Room - Hub/SE/Acad Adv Area
9/17/2025 Wed,12:00 PM,1:00 PM,12:00 PM,1:00 PM,Kathleen W Rollins Hall,Room 230 - Conference Room - CLCE Area
9/17/2025 Wed,1:00 PM,2:15 PM,1:00 PM,2:15 PM,Olin Library,Room 225 - Teaching Computer Lab (PC)
9/17/2025 Wed,1:30 PM,2:30 PM,1:30 PM,2:30 PM,Kathleen W Rollins Hall,Room 340 - Galloway Seminar Meeting Room
9/17/2025 Wed,1:30 PM,6:30 PM,3:00 PM,6:00 PM,Kathleen W Rollins Hall,Tars Plaza
9/17/2025 Wed,2:00 PM,3:00 PM,2:00 PM,3:00 PM,Kathleen W Rollins Hall,Room 131 - Conference Room - CCLP Area
9/17/2025 Wed,2:00 PM,6:00 PM,2:00 PM,6:00 PM,Kathleen W Rollins Hall,Room 230 - Conference Room - CLCE Area
9/17/2025 Wed,2:00 PM,3:30 PM,2:00 PM,3:30 PM,Kathleen W Rollins Hall,Room 330 - Teaching Seminar Room
9/17/2025 Wed,3:00 PM,7:00 PM,4:00 PM,6:00 PM,Olin Library,Room 230 - Library Meeting Room
9/17/2025 Wed,3:00 PM,5:00 PM,3:00 PM,5:00 PM,Kathleen W Rollins Hall,Room 241 - Conference Room - Hub/SE/Acad Adv Area
9/17/2025 Wed,4:00 PM,5:00 PM,4:00 PM,5:00 PM,Kathleen W Rollins Hall,Room 330 - Teaching Seminar Room
9/17/2025 Wed,4:00 PM,5:00 PM,4:00 PM,5:00 PM,Kathleen W Rollins Hall,Room 340 - Galloway Seminar Meeting Room
9/17/2025 Wed,4:15 PM,5:15 PM,4:15 PM,5:15 PM,Kathleen W Rollins Hall,Room 149 - Conference Room - Academic Adv Area
9/17/2025 Wed,5:00 PM,8:45 PM,5:00 PM,8:45 PM,Bush Science Center,Room 210 
9/17/2025 Wed,5:00 PM,7:00 PM,5:00 PM,7:00 PM,Kathleen W Rollins Hall,Room 330 - Teaching Seminar Room
9/17/2025 Wed,5:30 PM,10:30 PM,7:00 PM,9:00 PM,Kathleen W Rollins Hall,Room 300 - Galloway Room 
9/17/2025 Wed,6:00 PM,7:00 PM,6:00 PM,7:00 PM,Kathleen W Rollins Hall,Room 114 - Meeting Room - Campus Media Area
9/17/2025 Wed,6:00 PM,9:00 PM,6:00 PM,9:00 PM,Kathleen W Rollins Hall,Room 128 - Screening Room
9/17/2025 Wed,6:00 PM,7:00 PM,6:00 PM,7:00 PM,Kathleen W Rollins Hall,Room 310 - Genius Scale-up Classroom
9/17/2025 Wed,7:00 PM,8:00 PM,7:00 PM,8:00 PM,Kathleen W Rollins Hall,Room 230 - Conference Room - CLCE Area
9/17/2025 Wed,7:00 PM,8:00 PM,7:00 PM,8:00 PM,Kathleen W Rollins Hall,Room 241 - Conference Room - Hub/SE/Acad Adv Area
9/18/2025 Thu,7:30 AM,11:30 AM,9:00 AM,10:00 AM,Kathleen W Rollins Hall,Tars Plaza
9/18/2025 Thu,8:00 AM,5:00 PM,8:00 AM,5:00 PM,Kathleen W Rollins Hall,Room 301 - Ourisman Meeting Room
9/18/2025 Thu,8:30 AM,1:00 PM,10:00 AM,11:30 AM,Kathleen W Rollins Hall,Room 300 - Galloway Room 
9/18/2025 Thu,9:00 AM,2:00 PM,9:00 AM,2:00 PM,Kathleen W Rollins Hall,Room 131 - Conference Room - CCLP Area
9/18/2025 Thu,9:00 AM,10:45 AM,9:00 AM,10:45 AM,Bush Science Center,Room 302 
9/18/2025 Thu,11:30 AM,1:30 PM,11:30 AM,1:30 PM,Kathleen W Rollins Hall,Room 128 - Screening Room
9/18/2025 Thu,12:00 PM,3:00 PM,12:30 PM,1:45 PM,Kathleen W Rollins Hall,Mills Lawn
9/18/2025 Thu,12:00 PM,2:00 PM,12:00 PM,2:00 PM,Kathleen W Rollins Hall,Room 110 - Conference Room - Campus Media Area
9/18/2025 Thu,12:00 PM,1:30 PM,12:00 PM,1:30 PM,Kathleen W Rollins Hall,Room 230 - Conference Room - CLCE Area
9/18/2025 Thu,12:00 PM,2:00 PM,12:00 PM,2:00 PM,Kathleen W Rollins Hall,Room 241 - Conference Room - Hub/SE/Acad Adv Area
9/18/2025 Thu,12:00 PM,2:00 PM,12:00 PM,2:00 PM,Kathleen W Rollins Hall,Room 340 - Galloway Seminar Meeting Room
9/18/2025 Thu,12:15 PM,1:45 PM,12:15 PM,1:45 PM,Bush Science Center,Room 277 - Seminar Room 
9/18/2025 Thu,12:30 PM,1:50 PM,12:30 PM,1:50 PM,Bush Science Center,Room 208
9/18/2025 Thu,12:30 PM,1:15 PM,12:30 PM,1:15 PM,Bush Science Center,Room 210 
9/18/2025 Thu,12:30 PM,1:30 PM,12:30 PM,1:30 PM,Kathleen W Rollins Hall,Room 310 - Genius Scale-up Classroom
9/18/2025 Thu,12:30 PM,1:30 PM,12:30 PM,1:30 PM,Kathleen W Rollins Hall,Room 320 - Hauske Scale-up Classroom
9/18/2025 Thu,1:45 PM,4:00 PM,1:45 PM,4:00 PM,Kathleen W Rollins Hall,Room 330 - Teaching Seminar Room
9/18/2025 Thu,2:00 PM,3:00 PM,2:00 PM,3:00 PM,Kathleen W Rollins Hall,Room 149 - Conference Room - Academic Adv Area
9/18/2025 Thu,2:30 PM,3:30 PM,2:30 PM,3:30 PM,Bush Science Center,Room 260 - Chemistry Lab Pre-Lab/Seminar Room
9/18/2025 Thu,3:00 PM,4:30 PM,3:00 PM,4:30 PM,Kathleen W Rollins Hall,Room 230 - Conference Room - CLCE Area
9/18/2025 Thu,3:30 PM,5:00 PM,3:30 PM,5:00 PM,Kathleen W Rollins Hall,Room 241 - Conference Room - Hub/SE/Acad Adv Area
9/18/2025 Thu,3:30 PM,7:30 PM,5:00 PM,6:00 PM,Kathleen W Rollins Hall,Room 300 - Galloway Room 
9/18/2025 Thu,4:00 PM,6:30 PM,4:00 PM,6:30 PM,Olin Library,Van Houten Conference Room
9/18/2025 Thu,4:15 PM,8:15 PM,4:15 PM,8:15 PM,Kathleen W Rollins Hall,Room 143 - Meeting Room - CCLP Area
9/18/2025 Thu,5:00 PM,6:00 PM,5:00 PM,6:00 PM,Kathleen W Rollins Hall,Room 149 - Conference Room - Academic Adv Area
9/18/2025 Thu,5:00 PM,7:00 PM,5:00 PM,7:00 PM,Bush Science Center,Room 200
9/18/2025 Thu,5:00 PM,7:00 PM,5:00 PM,7:00 PM,Olin Library,Room 225 - Teaching Computer Lab (PC)
9/18/2025 Thu,5:00 PM,7:00 PM,5:00 PM,7:00 PM,Olin Library,Room 230 - Library Meeting Room
9/18/2025 Thu,5:00 PM,6:00 PM,5:00 PM,6:00 PM,Kathleen W Rollins Hall,Room 340 - Galloway Seminar Meeting Room
9/18/2025 Thu,6:00 PM,8:00 PM,6:00 PM,8:00 PM,Kathleen W Rollins Hall,Room 340 - Galloway Seminar Meeting Room
9/18/2025 Thu,7:00 PM,9:00 PM,7:00 PM,9:00 PM,Kathleen W Rollins Hall,Room 128 - Screening Room
9/19/2025 Fri,6:30 AM,6:30 PM,8:00 AM,5:00 PM,Kathleen W Rollins Hall,Room 300 - Galloway Room 
9/19/2025 Fri,9:00 AM,10:00 AM,9:00 AM,10:00 AM,Kathleen W Rollins Hall,Fountain Entrance Lobby & Gathering Stairs
9/19/2025 Fri,9:00 AM,10:00 AM,9:00 AM,10:00 AM,Olin Library,Room 104 - Edwin O. Grover Room
9/19/2025 Fri,9:00 AM,10:00 AM,9:00 AM,10:00 AM,Kathleen W Rollins Hall,Room 128 - Screening Room
9/19/2025 Fri,1:00 PM,4:00 PM,1:00 PM,4:00 PM,Kathleen W Rollins Hall,Room 241 - Conference Room - Hub/SE/Acad Adv Area
9/19/2025 Fri,1:30 PM,4:00 PM,1:30 PM,4:00 PM,Bush Science Center,Room 176 - Smart Classroom 
9/20/2025 Sat,5:30 AM,3:30 PM,7:00 AM,2:00 PM,Kathleen W Rollins Hall,Room 300 - Galloway Room 
9/20/2025 Sat,6:00 AM,3:00 PM,7:00 AM,2:00 PM,Bush Science Center,Bush Auditorium and Lobby
9/20/2025 Sat,7:00 AM,2:00 PM,7:00 AM,2:00 PM,Bush Science Center,Bush Atrium - Student Priority
9/20/2025 Sat,7:00 AM,2:00 PM,7:00 AM,2:00 PM,Kathleen W Rollins Hall,Room 310 - Genius Scale-up Classroom
9/20/2025 Sat,7:00 AM,2:00 PM,7:00 AM,2:00 PM,Kathleen W Rollins Hall,Room 320 - Hauske Scale-up Classroom
9/21/2025 Sun,2:00 PM,6:00 PM,2:00 PM,6:00 PM,Bush Science Center,Room 210 
9/21/2025 Sun,5:00 PM,10:00 PM,5:30 PM,9:30 PM,Bush Science Center,Bush Auditorium and Lobby
9/21/2025 Sun,5:30 PM,10:00 PM,7:00 PM,8:30 PM,Kathleen W Rollins Hall,Room 300 - Galloway Room 
9/21/2025 Sun,5:30 PM,6:30 PM,5:30 PM,6:30 PM,Kathleen W Rollins Hall,Room 301 - Ourisman Meeting Room
9/21/2025 Sun,6:00 PM,9:30 PM,6:00 PM,9:30 PM,Bush Science Center,Room 201
9/21/2025 Sun,7:00 PM,8:00 PM,7:00 PM,8:00 PM,Bush Science Center,Room 202
9/22/2025 Mon,7:00 AM,12:00 PM,8:00 AM,11:00 AM,Kathleen W Rollins Hall,Mills Foyer
9/22/2025 Mon,7:30 AM,11:30 AM,9:00 AM,10:00 AM,Kathleen W Rollins Hall,Room 300 - Galloway Room 
9/22/2025 Mon,9:00 AM,10:00 AM,9:00 AM,10:00 AM,Kathleen W Rollins Hall,Fountain Entrance Lobby & Gathering Stairs
9/22/2025 Mon,9:00 AM,10:00 AM,9:00 AM,10:00 AM,Olin Library,Room 220 - Center for Creativity (Mac) 
9/22/2025 Mon,10:00 AM,3:00 PM,10:00 AM,3:00 PM,Kathleen W Rollins Hall,Room 241 - Conference Room - Hub/SE/Acad Adv Area
9/22/2025 Mon,11:00 AM,1:00 PM,11:00 AM,1:00 PM,Bush Science Center,Room 274 - Operant Lab/Seminar - Operant Lab Prior
9/22/2025 Mon,11:45 AM,1:15 PM,11:45 AM,1:15 PM,Kathleen W Rollins Hall,Room 230 - Conference Room - CLCE Area
9/22/2025 Mon,12:30 PM,2:30 PM,12:30 PM,2:30 PM,Bush Science Center,Room 123 - Seminar/Green Room - Sci Div Priority
9/22/2025 Mon,2:30 PM,3:30 PM,2:30 PM,3:30 PM,Kathleen W Rollins Hall,Room 230 - Conference Room - CLCE Area
9/22/2025 Mon,2:30 PM,6:30 PM,4:00 PM,5:00 PM,Kathleen W Rollins Hall,Room 300 - Galloway Room 
9/22/2025 Mon,2:30 PM,3:45 PM,2:30 PM,3:45 PM,Olin Library,Room 319 
9/22/2025 Mon,3:00 PM,5:00 PM,3:00 PM,5:00 PM,Kathleen W Rollins Hall,Room 110 - Conference Room - Campus Media Area
9/22/2025 Mon,3:00 PM,7:00 PM,4:00 PM,6:00 PM,Olin Library,Room 230 - Library Meeting Room
9/22/2025 Mon,3:30 PM,4:30 PM,3:30 PM,4:30 PM,Bush Science Center,Room 308 
9/22/2025 Mon,4:00 PM,5:00 PM,4:00 PM,5:00 PM,Kathleen W Rollins Hall,Room 136 - Meeting Room - CCLP Area
9/22/2025 Mon,4:00 PM,5:30 PM,4:00 PM,5:30 PM,Bush Science Center,Room 176 - Smart Classroom 
9/22/2025 Mon,4:00 PM,5:00 PM,4:00 PM,5:00 PM,Kathleen W Rollins Hall,Room 230 - Conference Room - CLCE Area
9/22/2025 Mon,4:00 PM,5:00 PM,4:00 PM,5:00 PM,Kathleen W Rollins Hall,Room 241 - Conference Room - Hub/SE/Acad Adv Area
9/22/2025 Mon,4:00 PM,5:30 PM,4:00 PM,5:30 PM,Kathleen W Rollins Hall,Room 310 - Genius Scale-up Classroom
9/22/2025 Mon,4:00 PM,7:00 PM,4:00 PM,7:00 PM,Kathleen W Rollins Hall,Room 330 - Teaching Seminar Room
9/22/2025 Mon,4:00 PM,5:00 PM,4:00 PM,5:00 PM,Kathleen W Rollins Hall,Room 340 - Galloway Seminar Meeting Room
9/22/2025 Mon,4:15 PM,9:15 PM,4:15 PM,9:15 PM,Kathleen W Rollins Hall,Room 149 - Conference Room - Academic Adv Area
9/22/2025 Mon,5:00 PM,11:00 PM,6:00 PM,10:00 PM,Bush Science Center,Bush Auditorium and Lobby
9/22/2025 Mon,5:00 PM,6:00 PM,5:00 PM,6:00 PM,Kathleen W Rollins Hall,Room 128 - Screening Room
9/22/2025 Mon,5:30 PM,7:45 PM,5:30 PM,7:45 PM,Kathleen W Rollins Hall,Room 310 - Genius Scale-up Classroom
9/22/2025 Mon,5:30 PM,7:00 PM,5:30 PM,7:00 PM,Kathleen W Rollins Hall,Room 340 - Galloway Seminar Meeting Room
9/22/2025 Mon,6:00 PM,9:00 PM,6:00 PM,9:00 PM,Kathleen W Rollins Hall,Room 128 - Screening Room
9/22/2025 Mon,6:00 PM,7:00 PM,6:00 PM,7:00 PM,Bush Science Center,Room 200
9/22/2025 Mon,6:00 PM,8:00 PM,6:00 PM,8:00 PM,Kathleen W Rollins Hall,Room 320 - Hauske Scale-up Classroom
9/22/2025 Mon,6:30 PM,10:00 PM,6:30 PM,10:00 PM,Bush Science Center,Room 176 - Smart Classroom 
9/22/2025 Mon,6:30 PM,10:30 PM,8:00 PM,9:00 PM,Kathleen W Rollins Hall,Room 300 - Galloway Room 
9/22/2025 Mon,7:00 PM,8:30 PM,7:00 PM,8:30 PM,Bush Science Center,Room 201
9/23/2025 Tue,9:30 AM,11:00 AM,9:30 AM,11:00 AM,Kathleen W Rollins Hall,Room 131 - Conference Room - CCLP Area
9/23/2025 Tue,10:00 AM,11:00 AM,10:00 AM,11:00 AM,Kathleen W Rollins Hall,Room 230 - Conference Room - CLCE Area
9/23/2025 Tue,10:30 AM,4:15 PM,10:30 AM,4:15 PM,Kathleen W Rollins Hall,Room 110 - Conference Room - Campus Media Area
9/23/2025 Tue,11:00 AM,12:00 PM,11:00 AM,12:00 PM,Kathleen W Rollins Hall,Room 230 - Conference Room - CLCE Area
9/23/2025 Tue,11:00 AM,5:00 PM,11:00 AM,5:00 PM,Kathleen W Rollins Hall,Room 241 - Conference Room - Hub/SE/Acad Adv Area
9/23/2025 Tue,11:00 AM,4:00 PM,11:00 AM,4:00 PM,Kathleen W Rollins Hall,Room 301 - Ourisman Meeting Room
9/23/2025 Tue,12:15 PM,2:00 PM,12:15 PM,2:00 PM,Bush Science Center,Room 102 - STEM Hub ONLY
9/23/2025 Tue,12:15 PM,1:45 PM,12:15 PM,1:45 PM,Bush Science Center,Room 277 - Seminar Room 
9/23/2025 Tue,12:15 PM,1:45 PM,12:15 PM,1:45 PM,Kathleen W Rollins Hall,Room 330 - Teaching Seminar Room
9/23/2025 Tue,12:30 PM,1:30 PM,12:30 PM,1:30 PM,Kathleen W Rollins Hall,Room 149 - Conference Room - Academic Adv Area
9/23/2025 Tue,12:30 PM,1:30 PM,12:30 PM,1:30 PM,Bush Science Center,Room 200
9/23/2025 Tue,12:30 PM,1:45 PM,12:30 PM,1:45 PM,Bush Science Center,Room 201
9/23/2025 Tue,12:30 PM,1:30 PM,12:30 PM,1:30 PM,Bush Science Center,Room 202
9/23/2025 Tue,12:30 PM,1:30 PM,12:30 PM,1:30 PM,Bush Science Center,Room 210 
9/23/2025 Tue,12:30 PM,1:30 PM,12:30 PM,1:30 PM,Kathleen W Rollins Hall,Room 230 - Conference Room - CLCE Area
9/23/2025 Tue,12:30 PM,1:30 PM,12:30 PM,1:30 PM,Kathleen W Rollins Hall,Room 310 - Genius Scale-up Classroom
9/23/2025 Tue,12:30 PM,1:30 PM,12:30 PM,1:30 PM,Kathleen W Rollins Hall,Room 320 - Hauske Scale-up Classroom
9/23/2025 Tue,12:30 PM,1:45 PM,12:30 PM,1:45 PM,Kathleen W Rollins Hall,Room 340 - Galloway Seminar Meeting Room
9/23/2025 Tue,1:30 PM,2:30 PM,1:30 PM,2:30 PM,Kathleen W Rollins Hall,Room 131 - Conference Room - CCLP Area
9/23/2025 Tue,1:30 PM,5:00 PM,1:30 PM,5:00 PM,Kathleen W Rollins Hall,Room 230 - Conference Room - CLCE Area
9/23/2025 Tue,2:00 PM,3:00 PM,2:00 PM,3:00 PM,Kathleen W Rollins Hall,Room 149 - Conference Room - Academic Adv Area
9/23/2025 Tue,2:00 PM,4:00 PM,2:00 PM,4:00 PM,Kathleen W Rollins Hall,Room 330 - Teaching Seminar Room
9/23/2025 Tue,2:00 PM,4:00 PM,2:00 PM,4:00 PM,Kathleen W Rollins Hall,Room 340 - Galloway Seminar Meeting Room
9/23/2025 Tue,2:30 PM,3:30 PM,2:30 PM,3:30 PM,Bush Science Center,Room 260 - Chemistry Lab Pre-Lab/Seminar Room
9/23/2025 Tue,3:30 PM,7:30 PM,5:00 PM,6:00 PM,Kathleen W Rollins Hall,Room 300 - Galloway Room 
9/23/2025 Tue,4:00 PM,6:00 PM,5:00 PM,6:00 PM,Kathleen W Rollins Hall,Fountain Entrance Lobby & Gathering Stairs
9/23/2025 Tue,4:00 PM,6:30 PM,4:00 PM,6:30 PM,Olin Library,Van Houten Conference Room
9/23/2025 Tue,4:15 PM,8:00 PM,4:15 PM,8:00 PM,Kathleen W Rollins Hall,Room 128 - Screening Room
9/23/2025 Tue,5:00 PM,9:00 PM,6:00 PM,8:00 PM,Bush Science Center,Bush Auditorium and Lobby
9/23/2025 Tue,5:00 PM,7:00 PM,5:00 PM,7:00 PM,Bush Science Center,Room 200
9/23/2025 Tue,5:00 PM,6:00 PM,5:00 PM,6:00 PM,Bush Science Center,Room 202
9/23/2025 Tue,5:00 PM,6:00 PM,5:00 PM,6:00 PM,Kathleen W Rollins Hall,Room 310 - Genius Scale-up Classroom
9/23/2025 Tue,5:00 PM,9:00 PM,5:00 PM,9:00 PM,Kathleen W Rollins Hall,Room 330 - Teaching Seminar Room
9/24/2025 Wed,7:00 AM,12:00 PM,8:00 AM,11:00 AM,Kathleen W Rollins Hall,Mills Foyer
9/24/2025 Wed,9:00 AM,10:00 AM,9:00 AM,10:00 AM,Kathleen W Rollins Hall,Fountain Entrance Lobby & Gathering Stairs
9/24/2025 Wed,10:00 AM,11:00 AM,10:00 AM,11:00 AM,Kathleen W Rollins Hall,Room 230 - Conference Room - CLCE Area
9/24/2025 Wed,10:00 AM,4:00 PM,10:00 AM,4:00 PM,Kathleen W Rollins Hall,Room 301 - Ourisman Meeting Room
9/24/2025 Wed,10:30 AM,3:00 PM,12:00 PM,2:00 PM,Kathleen W Rollins Hall,Tars Plaza
9/24/2025 Wed,11:00 AM,1:00 PM,11:00 AM,1:00 PM,Kathleen W Rollins Hall,Room 131 - Conference Room - CCLP Area
9/24/2025 Wed,11:00 AM,12:00 PM,11:00 AM,12:00 PM,Kathleen W Rollins Hall,Room 149 - Conference Room - Academic Adv Area
9/24/2025 Wed,11:00 AM,12:00 PM,11:00 AM,12:00 PM,Kathleen W Rollins Hall,Room 241 - Conference Room - Hub/SE/Acad Adv Area
9/24/2025 Wed,11:00 AM,12:00 PM,11:00 AM,12:00 PM,Kathleen W Rollins Hall,Room 330 - Teaching Seminar Room
9/24/2025 Wed,12:00 PM,1:00 PM,12:00 PM,1:00 PM,Kathleen W Rollins Hall,Room 230 - Conference Room - CLCE Area
9/24/2025 Wed,1:30 PM,3:00 PM,1:30 PM,3:00 PM,Bush Science Center,Room 260 - Chemistry Lab Pre-Lab/Seminar Room
9/24/2025 Wed,2:00 PM,3:00 PM,2:00 PM,3:00 PM,Kathleen W Rollins Hall,Room 131 - Conference Room - CCLP Area
9/24/2025 Wed,2:00 PM,6:00 PM,2:00 PM,6:00 PM,Kathleen W Rollins Hall,Room 230 - Conference Room - CLCE Area
9/24/2025 Wed,2:00 PM,3:30 PM,2:00 PM,3:30 PM,Kathleen W Rollins Hall,Room 330 - Teaching Seminar Room
9/24/2025 Wed,3:00 PM,7:00 PM,4:00 PM,6:00 PM,Olin Library,Room 230 - Library Meeting Room
9/24/2025 Wed,3:45 PM,5:45 PM,3:45 PM,5:45 PM,Kathleen W Rollins Hall,Room 241 - Conference Room - Hub/SE/Acad Adv Area
9/24/2025 Wed,4:00 PM,9:00 PM,5:30 PM,7:30 PM,Kathleen W Rollins Hall,Mills Lawn
9/24/2025 Wed,4:15 PM,8:15 PM,4:15 PM,8:15 PM,Kathleen W Rollins Hall,Room 301 - Ourisman Meeting Room
9/24/2025 Wed,5:00 PM,6:00 PM,5:00 PM,6:00 PM,Kathleen W Rollins Hall,Room 310 - Genius Scale-up Classroom
9/24/2025 Wed,5:00 PM,7:00 PM,5:00 PM,7:00 PM,Kathleen W Rollins Hall,Room 330 - Teaching Seminar Room
9/24/2025 Wed,5:30 PM,10:30 PM,7:00 PM,9:00 PM,Kathleen W Rollins Hall,Room 300 - Galloway Room 
9/24/2025 Wed,6:00 PM,9:30 PM,7:00 PM,8:30 PM,Bush Science Center,Bush Auditorium and Lobby
9/24/2025 Wed,6:00 PM,9:00 PM,6:00 PM,9:00 PM,Kathleen W Rollins Hall,Room 128 - Screening Room
9/24/2025 Wed,7:00 PM,8:30 PM,7:00 PM,8:30 PM,Bush Science Center,Room 201
9/24/2025 Wed,7:00 PM,8:30 PM,7:00 PM,8:30 PM,Bush Science Center,Room 210 
9/25/2025 Thu,8:30 AM,2:30 PM,8:30 AM,2:30 PM,Kathleen W Rollins Hall,Room 131 - Conference Room - CCLP Area
9/25/2025 Thu,9:00 AM,10:00 AM,9:00 AM,10:00 AM,Kathleen W Rollins Hall,Mills Lawn
9/25/2025 Thu,10:30 AM,3:00 PM,12:00 PM,1:30 PM,Kathleen W Rollins Hall,Room 300 - Galloway Room 
9/25/2025 Thu,11:00 AM,6:00 PM,11:00 AM,6:00 PM,Kathleen W Rollins Hall,Room 241 - Conference Room - Hub/SE/Acad Adv Area
9/25/2025 Thu,11:30 AM,2:45 PM,12:30 PM,1:45 PM,Olin Library,Room 230 - Library Meeting Room
9/25/2025 Thu,12:00 PM,2:00 PM,12:00 PM,2:00 PM,Kathleen W Rollins Hall,Room 110 - Conference Room - Campus Media Area
9/25/2025 Thu,12:00 PM,1:00 PM,12:00 PM,1:00 PM,Kathleen W Rollins Hall,Room 128 - Screening Room
9/25/2025 Thu,12:00 PM,2:00 PM,12:00 PM,2:00 PM,Kathleen W Rollins Hall,Room 340 - Galloway Seminar Meeting Room
9/25/2025 Thu,12:15 PM,1:45 PM,12:15 PM,1:45 PM,Bush Science Center,Room 277 - Seminar Room 
9/25/2025 Thu,12:30 PM,1:30 PM,12:30 PM,1:30 PM,Bush Science Center,Room 176 - Smart Classroom 
9/25/2025 Thu,12:30 PM,1:50 PM,12:30 PM,1:50 PM,Bush Science Center,Room 208
9/25/2025 Thu,12:30 PM,1:15 PM,12:30 PM,1:15 PM,Bush Science Center,Room 210 
9/25/2025 Thu,12:30 PM,1:45 PM,12:30 PM,1:45 PM,Kathleen W Rollins Hall,Room 330 - Teaching Seminar Room
9/25/2025 Thu,1:30 PM,3:30 PM,1:30 PM,3:30 PM,Olin Library,Room 220 - Center for Creativity (Mac) 
9/25/2025 Thu,2:00 PM,5:00 PM,2:00 PM,5:00 PM,Kathleen W Rollins Hall,Room 128 - Screening Room
9/25/2025 Thu,2:00 PM,2:30 PM,2:00 PM,2:30 PM,Kathleen W Rollins Hall,Room 226 - Meeting Room - CLCE/Global Init. Area
9/25/2025 Thu,2:00 PM,2:30 PM,2:00 PM,2:30 PM,Kathleen W Rollins Hall,Room 230 - Conference Room - CLCE Area
9/25/2025 Thu,2:30 PM,3:30 PM,2:30 PM,3:30 PM,Bush Science Center,Room 260 - Chemistry Lab Pre-Lab/Seminar Room
9/25/2025 Thu,4:00 PM,6:30 PM,4:00 PM,6:30 PM,Olin Library,Van Houten Conference Room
9/25/2025 Thu,4:15 PM,9:00 PM,4:15 PM,9:00 PM,Kathleen W Rollins Hall,Room 149 - Conference Room - Academic Adv Area
9/25/2025 Thu,5:00 PM,7:00 PM,5:00 PM,7:00 PM,Bush Science Center,Room 200
9/25/2025 Thu,5:00 PM,5:30 PM,5:00 PM,5:30 PM,Kathleen W Rollins Hall,Room 310 - Genius Scale-up Classroom
9/25/2025 Thu,5:00 PM,6:00 PM,5:00 PM,6:00 PM,Kathleen W Rollins Hall,Room 330 - Teaching Seminar Room
9/25/2025 Thu,5:30 PM,6:30 PM,5:30 PM,6:30 PM,Bush Science Center,Room 201
9/25/2025 Thu,6:30 PM,10:30 PM,8:00 PM,9:00 PM,Kathleen W Rollins Hall,Room 300 - Galloway Room 
9/25/2025 Thu,7:00 PM,9:00 PM,7:00 PM,9:00 PM,Kathleen W Rollins Hall,Room 128 - Screening Room
9/26/2025 Fri,6:30 AM,3:30 PM,8:00 AM,2:00 PM,Kathleen W Rollins Hall,Room 300 - Galloway Room 
9/26/2025 Fri,9:00 AM,4:00 PM,9:00 AM,4:00 PM,Kathleen W Rollins Hall,Room 128 - Screening Room
9/26/2025 Fri,11:00 AM,4:00 PM,11:00 AM,4:00 PM,Kathleen W Rollins Hall,Room 241 - Conference Room - Hub/SE/Acad Adv Area
9/26/2025 Fri,11:30 AM,4:30 PM,1:00 PM,3:00 PM,Kathleen W Rollins Hall,Mills Lawn
9/26/2025 Fri,1:30 PM,2:30 PM,1:30 PM,2:30 PM,Kathleen W Rollins Hall,Room 340 - Galloway Seminar Meeting Room
9/26/2025 Fri,3:30 PM,5:30 PM,3:30 PM,5:30 PM,Bush Science Center,Room 277 - Seminar Room 
9/26/2025 Fri,4:00 PM,6:00 PM,4:00 PM,6:00 PM,Kathleen W Rollins Hall,Room 310 - Genius Scale-up Classroom
9/26/2025 Fri,5:00 PM,8:30 PM,5:00 PM,8:30 PM,Kathleen W Rollins Hall,Room 128 - Screening Room
9/26/2025 Fri,6:00 PM,8:00 PM,6:00 PM,8:00 PM,Kathleen W Rollins Hall,Fountain Entrance Lobby & Gathering Stairs
9/26/2025 Fri,6:00 PM,8:00 PM,6:00 PM,8:00 PM,Kathleen W Rollins Hall,Mills Foyer
9/26/2025 Fri,7:00 PM,8:30 PM,7:00 PM,8:30 PM,Bush Science Center,Room 201
9/27/2025 Sat,9:00 AM,1:00 PM,9:00 AM,1:00 PM,Bush Science Center,Room 176 - Smart Classroom 
9/27/2025 Sat,1:00 PM,4:00 PM,2:00 PM,3:00 PM,Bush Science Center,Bush Auditorium and Lobby
9/28/2025 Sun,5:00 PM,10:00 PM,5:30 PM,9:30 PM,Bush Science Center,Bush Auditorium and Lobby
9/28/2025 Sun,5:30 PM,10:00 PM,7:00 PM,8:30 PM,Kathleen W Rollins Hall,Room 300 - Galloway Room 
9/28/2025 Sun,5:30 PM,6:30 PM,5:30 PM,6:30 PM,Kathleen W Rollins Hall,Room 301 - Ourisman Meeting Room
9/28/2025 Sun,5:30 PM,6:30 PM,5:30 PM,6:30 PM,Kathleen W Rollins Hall,Room 330 - Teaching Seminar Room
9/28/2025 Sun,6:00 PM,9:30 PM,6:00 PM,9:30 PM,Bush Science Center,Room 201
9/29/2025 Mon,7:00 AM,12:00 PM,8:00 AM,11:00 AM,Kathleen W Rollins Hall,Mills Foyer
9/29/2025 Mon,9:00 AM,11:00 AM,9:00 AM,11:00 AM,Kathleen W Rollins Hall,Room 230 - Conference Room - CLCE Area
9/29/2025 Mon,11:00 AM,1:00 PM,11:00 AM,1:00 PM,Bush Science Center,Room 274 - Operant Lab/Seminar - Operant Lab Prior
9/29/2025 Mon,11:45 AM,1:15 PM,11:45 AM,1:15 PM,Kathleen W Rollins Hall,Room 230 - Conference Room - CLCE Area
9/29/2025 Mon,1:00 PM,2:00 PM,1:00 PM,2:00 PM,Kathleen W Rollins Hall,Mills Foyer
9/29/2025 Mon,2:30 PM,3:30 PM,2:30 PM,3:30 PM,Kathleen W Rollins Hall,Room 230 - Conference Room - CLCE Area
9/29/2025 Mon,3:00 PM,4:30 PM,3:00 PM,4:30 PM,Kathleen W Rollins Hall,Room 149 - Conference Room - Academic Adv Area
9/29/2025 Mon,3:00 PM,7:00 PM,4:00 PM,6:00 PM,Olin Library,Room 230 - Library Meeting Room
9/29/2025 Mon,4:00 PM,5:30 PM,4:00 PM,5:30 PM,Bush Science Center,Room 176 - Smart Classroom 
9/29/2025 Mon,4:00 PM,5:30 PM,4:00 PM,5:30 PM,Kathleen W Rollins Hall,Room 310 - Genius Scale-up Classroom
9/29/2025 Mon,5:00 PM,11:00 PM,6:00 PM,10:00 PM,Bush Science Center,Bush Auditorium and Lobby
9/29/2025 Mon,5:00 PM,9:30 PM,6:00 PM,8:30 PM,Bush Science Center,Room 210 
9/29/2025 Mon,5:00 PM,6:00 PM,5:00 PM,6:00 PM,Kathleen W Rollins Hall,Room 330 - Teaching Seminar Room
9/29/2025 Mon,6:00 PM,9:00 PM,6:00 PM,9:00 PM,Kathleen W Rollins Hall,Room 128 - Screening Room
9/29/2025 Mon,6:00 PM,7:00 PM,6:00 PM,7:00 PM,Bush Science Center,Room 200
9/29/2025 Mon,6:00 PM,8:00 PM,6:00 PM,8:00 PM,Kathleen W Rollins Hall,Room 310 - Genius Scale-up Classroom
9/29/2025 Mon,6:00 PM,7:30 PM,6:00 PM,7:30 PM,Kathleen W Rollins Hall,Room 320 - Hauske Scale-up Classroom
9/29/2025 Mon,6:00 PM,8:00 PM,6:00 PM,8:00 PM,Kathleen W Rollins Hall,Room 330 - Teaching Seminar Room
9/29/2025 Mon,6:30 PM,10:00 PM,6:30 PM,10:00 PM,Bush Science Center,Room 176 - Smart Classroom 
9/29/2025 Mon,6:30 PM,10:30 PM,8:00 PM,9:00 PM,Kathleen W Rollins Hall,Room 300 - Galloway Room 
9/29/2025 Mon,7:00 PM,9:00 PM,7:00 PM,9:00 PM,Kathleen W Rollins Hall,Mills Lawn
9/29/2025 Mon,7:00 PM,8:30 PM,7:00 PM,8:30 PM,Kathleen W Rollins Hall,Room 131 - Conference Room - CCLP Area
9/29/2025 Mon,7:00 PM,8:30 PM,7:00 PM,8:30 PM,Bush Science Center,Room 201
9/30/2025 Tue,6:00 AM,7:00 AM,6:00 AM,7:00 AM,Kathleen W Rollins Hall,Mills Lawn
9/30/2025 Tue,9:30 AM,11:00 AM,9:30 AM,11:00 AM,Kathleen W Rollins Hall,Room 131 - Conference Room - CCLP Area
9/30/2025 Tue,9:30 AM,11:00 AM,9:30 AM,11:00 AM,Kathleen W Rollins Hall,Room 230 - Conference Room - CLCE Area
9/30/2025 Tue,10:30 AM,3:00 PM,12:00 PM,1:30 PM,Kathleen W Rollins Hall,Room 300 - Galloway Room 
9/30/2025 Tue,10:45 AM,12:15 PM,10:45 AM,12:15 PM,Kathleen W Rollins Hall,Room 301 - Ourisman Meeting Room
9/30/2025 Tue,11:00 AM,12:00 PM,11:00 AM,12:00 PM,Kathleen W Rollins Hall,Room 149 - Conference Room - Academic Adv Area
9/30/2025 Tue,11:00 AM,12:00 PM,11:00 AM,12:00 PM,Kathleen W Rollins Hall,Room 230 - Conference Room - CLCE Area
9/30/2025 Tue,11:30 AM,1:30 PM,11:30 AM,1:30 PM,Kathleen W Rollins Hall,Room 128 - Screening Room
9/30/2025 Tue,12:00 PM,2:00 PM,12:00 PM,2:00 PM,Kathleen W Rollins Hall,Room 110 - Conference Room - Campus Media Area
9/30/2025 Tue,12:00 PM,5:00 PM,12:00 PM,5:00 PM,Kathleen W Rollins Hall,Room 241 - Conference Room - Hub/SE/Acad Adv Area
9/30/2025 Tue,12:15 PM,1:45 PM,12:15 PM,1:45 PM,Bush Science Center,Room 277 - Seminar Room 
9/30/2025 Tue,12:15 PM,1:45 PM,12:15 PM,1:45 PM,Kathleen W Rollins Hall,Room 330 - Teaching Seminar Room
9/30/2025 Tue,12:30 PM,1:30 PM,12:30 PM,1:30 PM,Bush Science Center,Room 200
9/30/2025 Tue,12:30 PM,1:30 PM,12:30 PM,1:30 PM,Kathleen W Rollins Hall,Room 230 - Conference Room - CLCE Area
9/30/2025 Tue,12:30 PM,1:45 PM,12:30 PM,1:45 PM,Kathleen W Rollins Hall,Room 310 - Genius Scale-up Classroom
9/30/2025 Tue,12:30 PM,1:30 PM,12:30 PM,1:30 PM,Kathleen W Rollins Hall,Room 340 - Galloway Seminar Meeting Room
9/30/2025 Tue,1:30 PM,2:30 PM,1:30 PM,2:30 PM,Kathleen W Rollins Hall,Room 114 - Meeting Room - Campus Media Area
9/30/2025 Tue,2:00 PM,3:00 PM,2:00 PM,3:00 PM,Kathleen W Rollins Hall,Room 149 - Conference Room - Academic Adv Area
9/30/2025 Tue,2:00 PM,4:00 PM,2:00 PM,4:00 PM,Kathleen W Rollins Hall,Room 330 - Teaching Seminar Room
9/30/2025 Tue,2:30 PM,3:30 PM,2:30 PM,3:30 PM,Bush Science Center,Room 260 - Chemistry Lab Pre-Lab/Seminar Room
9/30/2025 Tue,3:00 PM,5:00 PM,3:00 PM,5:00 PM,Kathleen W Rollins Hall,Room 230 - Conference Room - CLCE Area
9/30/2025 Tue,3:30 PM,8:30 PM,4:30 PM,7:30 PM,Bush Science Center,Bush Auditorium and Lobby
9/30/2025 Tue,3:30 PM,5:00 PM,3:30 PM,5:00 PM,Kathleen W Rollins Hall,Room 149 - Conference Room - Academic Adv Area
9/30/2025 Tue,4:00 PM,6:30 PM,4:00 PM,6:30 PM,Olin Library,Van Houten Conference Room
9/30/2025 Tue,5:00 PM,7:00 PM,5:00 PM,7:00 PM,Bush Science Center,Room 164 - Physics Priority
9/30/2025 Tue,5:00 PM,7:00 PM,5:00 PM,7:00 PM,Bush Science Center,Room 200
9/30/2025 Tue,5:00 PM,9:30 PM,6:00 PM,8:30 PM,Bush Science Center,Room 210 
9/30/2025 Tue,5:00 PM,9:30 PM,6:30 PM,8:00 PM,Kathleen W Rollins Hall,Room 300 - Galloway Room 
9/30/2025 Tue,5:00 PM,6:00 PM,5:00 PM,6:00 PM,Bush Science Center,Room 308 
9/30/2025 Tue,5:00 PM,6:00 PM,5:00 PM,6:00 PM,Kathleen W Rollins Hall,Room 310 - Genius Scale-up Classroom
9/30/2025 Tue,6:00 PM,9:00 PM,6:00 PM,9:00 PM,Bush Science Center,Room 201
9/30/2025 Tue,7:30 PM,9:30 PM,7:30 PM,9:30 PM,Bush Science Center,Room 176 - Smart Classroom 
9/30/2025 Tue,7:40 PM,10:30 PM,7:40 PM,10:30 PM,Kathleen W Rollins Hall,Room 114 - Meeting Room - Campus Media Area
10/1/2025 Wed,7:00 AM,12:00 PM,8:00 AM,11:00 AM,Kathleen W Rollins Hall,Mills Foyer
10/1/2025 Wed,7:30 AM,11:00 AM,9:00 AM,10:00 AM,Kathleen W Rollins Hall,Room 300 - Galloway Room 
10/1/2025 Wed,9:00 AM,10:00 AM,9:00 AM,10:00 AM,Kathleen W Rollins Hall,Room 128 - Screening Room
10/1/2025 Wed,9:00 AM,1:30 PM,9:00 AM,1:30 PM,Kathleen W Rollins Hall,Room 301 - Ourisman Meeting Room
10/1/2025 Wed,9:00 AM,10:00 AM,9:00 AM,10:00 AM,Kathleen W Rollins Hall,Room 330 - Teaching Seminar Room
10/1/2025 Wed,9:00 AM,10:00 AM,9:00 AM,10:00 AM,Kathleen W Rollins Hall,Room 340 - Galloway Seminar Meeting Room
10/1/2025 Wed,10:00 AM,11:30 AM,10:00 AM,11:30 AM,Olin Library,Room 230 - Library Meeting Room
10/1/2025 Wed,11:00 AM,12:00 PM,11:00 AM,12:00 PM,Kathleen W Rollins Hall,Room 330 - Teaching Seminar Room
10/1/2025 Wed,12:00 PM,1:00 PM,12:00 PM,1:00 PM,Kathleen W Rollins Hall,Room 230 - Conference Room - CLCE Area
10/1/2025 Wed,12:00 PM,4:30 PM,1:30 PM,4:30 PM,Kathleen W Rollins Hall,Room 300 - Galloway Room 
10/1/2025 Wed,2:00 PM,6:00 PM,2:00 PM,6:00 PM,Kathleen W Rollins Hall,Room 241 - Conference Room - Hub/SE/Acad Adv Area
10/1/2025 Wed,2:00 PM,3:30 PM,2:00 PM,3:30 PM,Kathleen W Rollins Hall,Room 330 - Teaching Seminar Room
10/1/2025 Wed,3:00 PM,7:00 PM,4:00 PM,6:00 PM,Olin Library,Room 230 - Library Meeting Room
10/1/2025 Wed,4:00 PM,5:30 PM,4:00 PM,5:30 PM,Kathleen W Rollins Hall,Room 340 - Galloway Seminar Meeting Room
10/1/2025 Wed,4:30 PM,10:30 PM,7:00 PM,9:00 PM,Kathleen W Rollins Hall,Room 300 - Galloway Room 
10/1/2025 Wed,5:00 PM,6:00 PM,5:00 PM,6:00 PM,Kathleen W Rollins Hall,Room 114 - Meeting Room - Campus Media Area
10/1/2025 Wed,5:00 PM,7:00 PM,5:00 PM,7:00 PM,Kathleen W Rollins Hall,Room 330 - Teaching Seminar Room
10/1/2025 Wed,6:00 PM,9:00 PM,6:00 PM,9:00 PM,Kathleen W Rollins Hall,Room 128 - Screening Room
10/1/2025 Wed,7:00 PM,8:30 PM,7:00 PM,8:30 PM,Bush Science Center,Room 200
10/1/2025 Wed,7:00 PM,8:30 PM,7:00 PM,8:30 PM,Bush Science Center,Room 201
10/1/2025 Wed,7:00 PM,10:00 PM,7:00 PM,10:00 PM,Kathleen W Rollins Hall,Room 340 - Galloway Seminar Meeting Room
10/2/2025 Thu,7:30 AM,4:30 PM,9:00 AM,3:00 PM,Kathleen W Rollins Hall,Mills Lawn
10/2/2025 Thu,7:30 AM,4:30 PM,9:00 AM,3:00 PM,Kathleen W Rollins Hall,Room 300 - Galloway Room 
10/2/2025 Thu,9:00 AM,3:00 PM,9:00 AM,3:00 PM,Kathleen W Rollins Hall,Fountain Entrance Lobby & Gathering Stairs
10/2/2025 Thu,9:00 AM,3:00 PM,9:00 AM,3:00 PM,Kathleen W Rollins Hall,Mills Foyer
10/2/2025 Thu,9:00 AM,2:00 PM,9:00 AM,2:00 PM,Kathleen W Rollins Hall,Room 240/240B - Social Impact Hub/Classroom
10/2/2025 Thu,9:00 AM,3:00 PM,9:00 AM,3:00 PM,Kathleen W Rollins Hall,Room 330 - Teaching Seminar Room
10/2/2025 Thu,9:00 AM,3:00 PM,9:00 AM,3:00 PM,Kathleen W Rollins Hall,Room 340 - Galloway Seminar Meeting Room
10/2/2025 Thu,9:30 AM,10:30 AM,9:30 AM,10:30 AM,Kathleen W Rollins Hall,Room 128 - Screening Room
10/2/2025 Thu,10:00 AM,4:00 PM,10:00 AM,4:00 PM,Kathleen W Rollins Hall,Room 230 - Conference Room - CLCE Area
10/2/2025 Thu,11:00 AM,6:00 PM,11:00 AM,6:00 PM,Kathleen W Rollins Hall,Room 241 - Conference Room - Hub/SE/Acad Adv Area
10/2/2025 Thu,11:30 AM,1:30 PM,11:30 AM,1:30 PM,Kathleen W Rollins Hall,Room 128 - Screening Room
10/2/2025 Thu,12:00 PM,2:00 PM,12:00 PM,2:00 PM,Kathleen W Rollins Hall,Room 110 - Conference Room - Campus Media Area
10/2/2025 Thu,12:00 PM,5:00 PM,12:00 PM,5:00 PM,Kathleen W Rollins Hall,Room 131 - Conference Room - CCLP Area
10/2/2025 Thu,12:15 PM,1:45 PM,12:15 PM,1:45 PM,Bush Science Center,Room 277 - Seminar Room 
10/2/2025 Thu,12:30 PM,1:45 PM,12:30 PM,1:45 PM,Bush Science Center,Room 176 - Smart Classroom 
10/2/2025 Thu,12:30 PM,1:50 PM,12:30 PM,1:50 PM,Bush Science Center,Room 208
10/2/2025 Thu,12:30 PM,1:15 PM,12:30 PM,1:15 PM,Bush Science Center,Room 210 
10/2/2025 Thu,12:30 PM,1:30 PM,12:30 PM,1:30 PM,Kathleen W Rollins Hall,Room 310 - Genius Scale-up Classroom
10/2/2025 Thu,1:00 PM,4:00 PM,1:00 PM,4:00 PM,Olin Library,Room 230 - Library Meeting Room
10/2/2025 Thu,2:00 PM,3:00 PM,2:00 PM,3:00 PM,Olin Library,Room 104 - Edwin O. Grover Room
10/2/2025 Thu,2:30 PM,3:30 PM,2:30 PM,3:30 PM,Bush Science Center,Room 260 - Chemistry Lab Pre-Lab/Seminar Room
10/2/2025 Thu,3:15 PM,5:00 PM,3:15 PM,5:00 PM,Olin Library,Room 104 - Edwin O. Grover Room
10/2/2025 Thu,3:30 PM,4:30 PM,3:30 PM,4:30 PM,Kathleen W Rollins Hall,Room 110 - Conference Room - Campus Media Area
10/2/2025 Thu,3:30 PM,5:00 PM,3:30 PM,5:00 PM,Kathleen W Rollins Hall,Room 320 - Hauske Scale-up Classroom
10/2/2025 Thu,4:00 PM,6:00 PM,4:00 PM,6:00 PM,Bush Science Center,Room 176 - Smart Classroom 
10/2/2025 Thu,4:00 PM,6:30 PM,4:00 PM,6:30 PM,Olin Library,Van Houten Conference Room
10/2/2025 Thu,5:00 PM,6:00 PM,5:00 PM,6:00 PM,Kathleen W Rollins Hall,Room 131 - Conference Room - CCLP Area
10/2/2025 Thu,5:00 PM,7:00 PM,5:00 PM,7:00 PM,Bush Science Center,Room 200
10/2/2025 Thu,5:00 PM,7:00 PM,5:00 PM,7:00 PM,Bush Science Center,Room 210 
10/2/2025 Thu,5:00 PM,11:00 PM,6:00 PM,10:00 PM,Olin Library,Room 230 - Library Meeting Room
10/2/2025 Thu,5:00 PM,6:00 PM,5:00 PM,6:00 PM,Kathleen W Rollins Hall,Room 330 - Teaching Seminar Room
10/2/2025 Thu,5:00 PM,6:00 PM,5:00 PM,6:00 PM,Kathleen W Rollins Hall,Room 340 - Galloway Seminar Meeting Room
10/2/2025 Thu,6:00 PM,9:00 PM,6:00 PM,9:00 PM,Bush Science Center,Room 201
10/2/2025 Thu,7:00 PM,9:00 PM,7:00 PM,9:00 PM,Kathleen W Rollins Hall,Room 128 - Screening Room
10/3/2025 Fri,10:00 AM,4:00 PM,10:00 AM,4:00 PM,Kathleen W Rollins Hall,Room 230 - Conference Room - CLCE Area
10/3/2025 Fri,10:30 AM,2:30 PM,10:30 AM,2:30 PM,Kathleen W Rollins Hall,Room 112 - Podcast Room - Campus Media Priority
10/3/2025 Fri,11:00 AM,4:00 PM,11:00 AM,4:00 PM,Kathleen W Rollins Hall,Room 241 - Conference Room - Hub/SE/Acad Adv Area
10/3/2025 Fri,11:30 AM,3:00 AM,11:30 AM,3:00 AM,Kathleen W Rollins Hall,Room 114 - Meeting Room - Campus Media Area
10/3/2025 Fri,11:30 AM,6:30 PM,1:00 PM,5:00 PM,Kathleen W Rollins Hall,Room 300 - Galloway Room 
10/3/2025 Fri,12:30 PM,2:00 PM,12:30 PM,2:00 PM,Kathleen W Rollins Hall,Room 330 - Teaching Seminar Room
10/3/2025 Fri,2:00 PM,5:00 PM,2:00 PM,5:00 PM,Bush Science Center,Room 202
10/3/2025 Fri,3:00 PM,7:00 PM,3:00 PM,7:00 PM,Kathleen W Rollins Hall,Fountain Entrance Lobby & Gathering Stairs
10/3/2025 Fri,3:00 PM,7:00 PM,3:00 PM,7:00 PM,Kathleen W Rollins Hall,Mills Foyer
10/3/2025 Fri,4:30 PM,8:15 PM,4:30 PM,8:15 PM,Kathleen W Rollins Hall,Room 128 - Screening Room
10/3/2025 Fri,5:00 PM,7:00 PM,5:00 PM,7:00 PM,Kathleen W Rollins Hall,Room 310 - Genius Scale-up Classroom
10/3/2025 Fri,6:00 PM,7:30 PM,6:00 PM,7:30 PM,Bush Science Center,Room 176 - Smart Classroom 
10/3/2025 Fri,7:00 PM,8:30 PM,7:00 PM,8:30 PM,Bush Science Center,Room 201
10/4/2025 Sat,6:30 AM,3:30 PM,8:00 AM,2:00 PM,Kathleen W Rollins Hall,Room 300 - Galloway Room 
10/4/2025 Sat,7:00 AM,12:00 PM,8:00 AM,11:00 AM,Bush Science Center,Bush Auditorium and Lobby
10/4/2025 Sat,7:30 AM,5:30 PM,7:30 AM,5:30 PM,Bush Science Center,Room 201
10/4/2025 Sat,8:00 AM,2:00 PM,8:00 AM,2:00 PM,Kathleen W Rollins Hall,Room 310 - Genius Scale-up Classroom
10/4/2025 Sat,9:00 AM,1:00 PM,9:00 AM,1:00 PM,Bush Science Center,Room 176 - Smart Classroom 
10/5/2025 Sun,2:00 PM,6:00 PM,2:00 PM,6:00 PM,Kathleen W Rollins Hall,Room 340 - Galloway Seminar Meeting Room
10/5/2025 Sun,4:00 PM,5:00 PM,4:00 PM,5:00 PM,Kathleen W Rollins Hall,Room 330 - Teaching Seminar Room
10/5/2025 Sun,5:00 PM,10:00 PM,5:30 PM,9:30 PM,Bush Science Center,Bush Auditorium and Lobby
10/5/2025 Sun,5:00 PM,9:30 PM,5:00 PM,9:30 PM,Bush Science Center,Room 201
10/5/2025 Sun,5:30 PM,10:00 PM,7:00 PM,8:30 PM,Kathleen W Rollins Hall,Room 300 - Galloway Room 
10/5/2025 Sun,5:30 PM,6:30 PM,5:30 PM,6:30 PM,Kathleen W Rollins Hall,Room 301 - Ourisman Meeting Room
10/5/2025 Sun,6:00 PM,9:00 PM,6:00 PM,9:00 PM,Kathleen W Rollins Hall,Room 114 - Meeting Room - Campus Media Area
10/6/2025 Mon,6:30 AM,3:30 PM,8:00 AM,2:00 PM,Kathleen W Rollins Hall,Tars Plaza
10/6/2025 Mon,7:00 AM,12:00 PM,8:00 AM,11:00 AM,Kathleen W Rollins Hall,Mills Foyer
10/6/2025 Mon,8:00 AM,9:00 AM,8:00 AM,9:00 AM,Kathleen W Rollins Hall,Fountain Entrance Lobby & Gathering Stairs
10/6/2025 Mon,8:00 AM,9:00 AM,8:00 AM,9:00 AM,Kathleen W Rollins Hall,Room 230 - Conference Room - CLCE Area
10/6/2025 Mon,8:30 AM,9:30 AM,8:30 AM,9:30 AM,Bush Science Center,Bush Atrium - Student Priority
10/6/2025 Mon,9:00 AM,11:00 AM,9:00 AM,11:00 AM,Kathleen W Rollins Hall,Room 230 - Conference Room - CLCE Area
10/6/2025 Mon,11:00 AM,1:00 PM,11:00 AM,1:00 PM,Bush Science Center,Room 274 - Operant Lab/Seminar - Operant Lab Prior
10/6/2025 Mon,11:30 AM,1:00 PM,11:30 AM,1:00 PM,Kathleen W Rollins Hall,Room 330 - Teaching Seminar Room
10/6/2025 Mon,11:45 AM,1:15 PM,11:45 AM,1:15 PM,Kathleen W Rollins Hall,Room 230 - Conference Room - CLCE Area
10/6/2025 Mon,12:00 PM,3:00 PM,1:00 PM,3:00 PM,Kathleen W Rollins Hall,Mills Foyer
10/6/2025 Mon,12:00 PM,1:00 PM,12:00 PM,1:00 PM,Kathleen W Rollins Hall,Room 241 - Conference Room - Hub/SE/Acad Adv Area
10/6/2025 Mon,12:30 PM,2:30 PM,12:30 PM,2:30 PM,Bush Science Center,Room 123 - Seminar/Green Room - Sci Div Priority
10/6/2025 Mon,2:30 PM,3:30 PM,2:30 PM,3:30 PM,Kathleen W Rollins Hall,Room 230 - Conference Room - CLCE Area
10/6/2025 Mon,3:00 PM,4:00 PM,3:00 PM,4:00 PM,Kathleen W Rollins Hall,Room 131 - Conference Room - CCLP Area
10/6/2025 Mon,3:00 PM,7:00 PM,4:00 PM,6:00 PM,Olin Library,Room 230 - Library Meeting Room
10/6/2025 Mon,3:15 PM,7:00 PM,3:15 PM,7:00 PM,Kathleen W Rollins Hall,Fountain Entrance Lobby & Gathering Stairs
10/6/2025 Mon,4:00 PM,5:00 PM,4:00 PM,5:00 PM,Kathleen W Rollins Hall,Room 136 - Meeting Room - CCLP Area
10/6/2025 Mon,4:00 PM,5:30 PM,4:00 PM,5:30 PM,Bush Science Center,Room 176 - Smart Classroom 
10/6/2025 Mon,4:00 PM,5:00 PM,4:00 PM,5:00 PM,Bush Science Center,Room 277 - Seminar Room 
10/6/2025 Mon,4:00 PM,5:30 PM,4:00 PM,5:30 PM,Kathleen W Rollins Hall,Room 310 - Genius Scale-up Classroom
10/6/2025 Mon,4:00 PM,5:00 PM,4:00 PM,5:00 PM,Kathleen W Rollins Hall,Room 330 - Teaching Seminar Room
10/6/2025 Mon,5:00 PM,11:00 PM,6:00 PM,10:00 PM,Bush Science Center,Bush Auditorium and Lobby
10/6/2025 Mon,5:00 PM,6:00 PM,5:00 PM,6:00 PM,Kathleen W Rollins Hall,Room 330 - Teaching Seminar Room
10/6/2025 Mon,5:30 PM,7:00 PM,5:30 PM,7:00 PM,Kathleen W Rollins Hall,Room 340 - Galloway Seminar Meeting Room
10/6/2025 Mon,6:00 PM,9:00 PM,6:00 PM,9:00 PM,Kathleen W Rollins Hall,Room 128 - Screening Room
10/6/2025 Mon,6:00 PM,7:00 PM,6:00 PM,7:00 PM,Bush Science Center,Room 200
10/6/2025 Mon,6:00 PM,8:00 PM,6:00 PM,8:00 PM,Kathleen W Rollins Hall,Room 310 - Genius Scale-up Classroom
10/6/2025 Mon,6:30 PM,10:00 PM,6:30 PM,10:00 PM,Bush Science Center,Room 176 - Smart Classroom 
10/6/2025 Mon,6:30 PM,10:30 PM,8:00 PM,9:00 PM,Kathleen W Rollins Hall,Room 300 - Galloway Room 
10/6/2025 Mon,7:00 PM,8:30 PM,7:00 PM,8:30 PM,Bush Science Center,Room 201
10/7/2025 Tue,6:30 AM,3:30 PM,8:00 AM,2:00 PM,Kathleen W Rollins Hall,Mills Lawn
10/7/2025 Tue,7:30 AM,1:30 PM,9:00 AM,12:00 PM,Kathleen W Rollins Hall,Room 300 - Galloway Room 
10/7/2025 Tue,9:30 AM,11:00 AM,9:30 AM,11:00 AM,Kathleen W Rollins Hall,Room 131 - Conference Room - CCLP Area
10/7/2025 Tue,9:30 AM,10:00 AM,9:30 AM,10:00 AM,Kathleen W Rollins Hall,Room 230 - Conference Room - CLCE Area
10/7/2025 Tue,10:00 AM,2:00 PM,10:00 AM,2:00 PM,Kathleen W Rollins Hall,Mills Foyer
10/7/2025 Tue,10:00 AM,11:00 AM,10:00 AM,11:00 AM,Kathleen W Rollins Hall,Room 230 - Conference Room - CLCE Area
10/7/2025 Tue,10:00 AM,2:00 PM,10:00 AM,2:00 PM,Kathleen W Rollins Hall,Room 240/240B - Social Impact Hub/Classroom
10/7/2025 Tue,11:00 AM,3:00 PM,12:30 PM,1:30 PM,Olin Library,Olin Lawn
10/7/2025 Tue,11:00 AM,12:00 PM,11:00 AM,12:00 PM,Kathleen W Rollins Hall,Room 149 - Conference Room - Academic Adv Area
10/7/2025 Tue,11:00 AM,12:00 PM,11:00 AM,12:00 PM,Kathleen W Rollins Hall,Room 230 - Conference Room - CLCE Area
10/7/2025 Tue,12:00 PM,3:00 PM,1:00 PM,3:00 PM,Bush Science Center,Bush Atrium - Student Priority
10/7/2025 Tue,12:00 PM,2:00 PM,12:00 PM,2:00 PM,Kathleen W Rollins Hall,Room 110 - Conference Room - Campus Media Area
10/7/2025 Tue,12:00 PM,5:00 PM,12:00 PM,5:00 PM,Kathleen W Rollins Hall,Room 241 - Conference Room - Hub/SE/Acad Adv Area
10/7/2025 Tue,12:15 PM,1:45 PM,12:15 PM,1:45 PM,Bush Science Center,Room 277 - Seminar Room 
10/7/2025 Tue,12:15 PM,1:45 PM,12:15 PM,1:45 PM,Kathleen W Rollins Hall,Room 330 - Teaching Seminar Room
10/7/2025 Tue,12:30 PM,1:45 PM,12:30 PM,1:45 PM,Bush Science Center,Room 123 - Seminar/Green Room - Sci Div Priority
10/7/2025 Tue,12:30 PM,1:30 PM,12:30 PM,1:30 PM,Kathleen W Rollins Hall,Room 149 - Conference Room - Academic Adv Area
10/7/2025 Tue,12:30 PM,1:30 PM,12:30 PM,1:30 PM,Bush Science Center,Room 202
10/7/2025 Tue,12:30 PM,1:30 PM,12:30 PM,1:30 PM,Bush Science Center,Room 212
10/7/2025 Tue,12:30 PM,1:30 PM,12:30 PM,1:30 PM,Kathleen W Rollins Hall,Room 230 - Conference Room - CLCE Area
10/7/2025 Tue,12:30 PM,1:30 PM,12:30 PM,1:30 PM,Kathleen W Rollins Hall,Room 340 - Galloway Seminar Meeting Room
10/7/2025 Tue,1:00 PM,5:00 PM,2:00 PM,4:00 PM,Olin Library,Room 230 - Library Meeting Room
10/7/2025 Tue,2:00 PM,3:00 PM,2:00 PM,3:00 PM,Kathleen W Rollins Hall,Room 149 - Conference Room - Academic Adv Area
10/7/2025 Tue,2:00 PM,4:00 PM,2:00 PM,4:00 PM,Kathleen W Rollins Hall,Room 330 - Teaching Seminar Room
10/7/2025 Tue,2:30 PM,3:30 PM,2:30 PM,3:30 PM,Bush Science Center,Room 260 - Chemistry Lab Pre-Lab/Seminar Room
10/7/2025 Tue,3:30 PM,10:30 PM,5:00 PM,9:00 PM,Kathleen W Rollins Hall,Room 300 - Galloway Room 
10/7/2025 Tue,4:00 PM,6:30 PM,4:00 PM,6:30 PM,Olin Library,Van Houten Conference Room
10/7/2025 Tue,4:30 PM,5:30 PM,4:30 PM,5:30 PM,Kathleen W Rollins Hall,Room 230 - Conference Room - CLCE Area
10/7/2025 Tue,5:00 PM,6:00 PM,5:00 PM,6:00 PM,Kathleen W Rollins Hall,Room 136 - Meeting Room - CCLP Area
10/7/2025 Tue,5:00 PM,7:30 PM,5:00 PM,7:30 PM,Bush Science Center,Room 164 - Physics Priority
10/7/2025 Tue,5:00 PM,7:00 PM,5:00 PM,7:00 PM,Bush Science Center,Room 200
10/7/2025 Tue,5:00 PM,6:00 PM,5:00 PM,6:00 PM,Bush Science Center,Room 201
10/7/2025 Tue,5:00 PM,6:00 PM,5:00 PM,6:00 PM,Bush Science Center,Room 202
10/7/2025 Tue,5:00 PM,6:00 PM,5:00 PM,6:00 PM,Bush Science Center,Room 210 
10/7/2025 Tue,5:00 PM,6:00 PM,5:00 PM,6:00 PM,Bush Science Center,Room 308 
10/7/2025 Tue,5:00 PM,6:00 PM,5:00 PM,6:00 PM,Kathleen W Rollins Hall,Room 310 - Genius Scale-up Classroom
10/7/2025 Tue,6:00 PM,9:00 PM,6:00 PM,9:00 PM,Bush Science Center,Room 201
10/7/2025 Tue,6:30 PM,12:00 AM,6:30 PM,12:00 AM,Kathleen W Rollins Hall,Room 136 - Meeting Room - CCLP Area
10/8/2025 Wed,7:00 AM,12:00 PM,8:00 AM,11:00 AM,Kathleen W Rollins Hall,Mills Foyer
10/8/2025 Wed,7:30 AM,12:30 PM,9:00 AM,11:00 AM,Kathleen W Rollins Hall,Room 300 - Galloway Room 
10/8/2025 Wed,8:00 AM,9:00 AM,8:00 AM,9:00 AM,Kathleen W Rollins Hall,Room 110 - Conference Room - Campus Media Area
10/8/2025 Wed,9:00 AM,10:00 AM,9:00 AM,10:00 AM,Kathleen W Rollins Hall,Room 128 - Screening Room
10/8/2025 Wed,9:00 AM,1:30 PM,9:00 AM,1:30 PM,Kathleen W Rollins Hall,Room 301 - Ourisman Meeting Room
10/8/2025 Wed,11:00 AM,12:00 PM,11:00 AM,12:00 PM,Kathleen W Rollins Hall,Room 330 - Teaching Seminar Room
10/8/2025 Wed,11:00 AM,12:00 PM,11:00 AM,12:00 PM,Kathleen W Rollins Hall,Room 340 - Galloway Seminar Meeting Room
10/8/2025 Wed,11:45 AM,1:15 PM,11:45 AM,1:15 PM,Kathleen W Rollins Hall,Room 149 - Conference Room - Academic Adv Area
10/8/2025 Wed,12:00 PM,1:00 PM,12:00 PM,1:00 PM,Kathleen W Rollins Hall,Room 230 - Conference Room - CLCE Area
10/8/2025 Wed,2:00 PM,6:00 PM,2:00 PM,6:00 PM,Kathleen W Rollins Hall,Room 241 - Conference Room - Hub/SE/Acad Adv Area
10/8/2025 Wed,2:00 PM,3:30 PM,2:00 PM,3:30 PM,Kathleen W Rollins Hall,Room 330 - Teaching Seminar Room
10/8/2025 Wed,2:00 PM,8:00 PM,4:00 PM,5:00 PM,Kathleen W Rollins Hall,Tars Plaza
10/8/2025 Wed,2:30 PM,7:00 PM,4:00 PM,5:30 PM,Bush Science Center,Bush Lawn (Southside of building)
10/8/2025 Wed,3:00 PM,4:00 PM,3:00 PM,4:00 PM,Kathleen W Rollins Hall,Room 149 - Conference Room - Academic Adv Area
10/8/2025 Wed,3:00 PM,3:30 PM,3:00 PM,3:30 PM,Kathleen W Rollins Hall,Room 230 - Conference Room - CLCE Area
10/8/2025 Wed,3:00 PM,7:00 PM,4:00 PM,6:00 PM,Olin Library,Room 230 - Library Meeting Room
10/8/2025 Wed,3:30 PM,4:30 PM,3:30 PM,4:30 PM,Bush Science Center,Room 200
10/8/2025 Wed,4:30 PM,7:00 PM,4:30 PM,7:00 PM,Kathleen W Rollins Hall,Room 230 - Conference Room - CLCE Area
10/8/2025 Wed,5:00 PM,7:00 PM,5:00 PM,7:00 PM,Kathleen W Rollins Hall,Room 330 - Teaching Seminar Room
10/8/2025 Wed,5:30 PM,10:30 PM,7:00 PM,9:00 PM,Kathleen W Rollins Hall,Room 300 - Galloway Room 
10/8/2025 Wed,6:00 PM,9:00 PM,6:00 PM,9:00 PM,Kathleen W Rollins Hall,Room 128 - Screening Room
10/8/2025 Wed,6:30 PM,8:00 PM,6:30 PM,8:00 PM,Kathleen W Rollins Hall,Room 241 - Conference Room - Hub/SE/Acad Adv Area
10/8/2025 Wed,7:00 PM,8:30 PM,7:00 PM,8:30 PM,Bush Science Center,Room 200
10/8/2025 Wed,7:00 PM,8:30 PM,7:00 PM,8:30 PM,Bush Science Center,Room 201
10/8/2025 Wed,7:00 PM,8:00 PM,7:00 PM,8:00 PM,Kathleen W Rollins Hall,Room 230 - Conference Room - CLCE Area
10/9/2025 Thu,6:30 AM,11:30 AM,8:00 AM,10:00 AM,Kathleen W Rollins Hall,Tars Plaza
10/9/2025 Thu,7:30 AM,11:30 AM,9:00 AM,10:00 AM,Bush Science Center,Bush Lawn (Southside of building)
10/9/2025 Thu,8:30 AM,1:00 PM,10:00 AM,11:30 AM,Kathleen W Rollins Hall,Room 300 - Galloway Room 
10/9/2025 Thu,8:30 AM,5:00 PM,8:30 AM,5:00 PM,Kathleen W Rollins Hall,Room 301 - Ourisman Meeting Room
10/9/2025 Thu,9:30 AM,10:00 AM,9:30 AM,10:00 AM,Kathleen W Rollins Hall,Room 149 - Conference Room - Academic Adv Area
10/9/2025 Thu,10:00 AM,11:00 AM,10:00 AM,11:00 AM,Kathleen W Rollins Hall,Room 241 - Conference Room - Hub/SE/Acad Adv Area
10/9/2025 Thu,10:30 AM,2:30 PM,10:30 AM,2:30 PM,Kathleen W Rollins Hall,Room 131 - Conference Room - CCLP Area
10/9/2025 Thu,11:00 AM,6:00 PM,11:00 AM,6:00 PM,Kathleen W Rollins Hall,Room 241 - Conference Room - Hub/SE/Acad Adv Area
10/9/2025 Thu,12:00 PM,2:00 PM,12:00 PM,2:00 PM,Kathleen W Rollins Hall,Room 110 - Conference Room - Campus Media Area
10/9/2025 Thu,12:00 PM,1:00 PM,12:00 PM,1:00 PM,Kathleen W Rollins Hall,Room 128 - Screening Room
10/9/2025 Thu,12:00 PM,2:00 PM,12:00 PM,2:00 PM,Kathleen W Rollins Hall,Room 240/240B - Social Impact Hub/Classroom
10/9/2025 Thu,12:00 PM,2:00 PM,12:00 PM,2:00 PM,Kathleen W Rollins Hall,Room 340 - Galloway Seminar Meeting Room
10/9/2025 Thu,12:00 PM,2:00 PM,12:00 PM,2:00 PM,Kathleen W Rollins Hall,Tars Plaza
10/9/2025 Thu,12:15 PM,1:45 PM,12:15 PM,1:45 PM,Bush Science Center,Room 277 - Seminar Room 
10/9/2025 Thu,12:30 PM,1:50 PM,12:30 PM,1:50 PM,Bush Science Center,Room 208
10/9/2025 Thu,12:30 PM,1:15 PM,12:30 PM,1:15 PM,Bush Science Center,Room 210 
10/9/2025 Thu,1:00 PM,2:00 PM,1:00 PM,2:00 PM,Kathleen W Rollins Hall,Room 149 - Conference Room - Academic Adv Area
10/9/2025 Thu,2:00 PM,3:00 PM,2:00 PM,3:00 PM,Kathleen W Rollins Hall,Room 128 - Screening Room
10/9/2025 Thu,2:00 PM,2:30 PM,2:00 PM,2:30 PM,Kathleen W Rollins Hall,Room 136 - Meeting Room - CCLP Area
10/9/2025 Thu,2:00 PM,5:00 PM,2:00 PM,5:00 PM,Bush Science Center,Room 200
10/9/2025 Thu,2:30 PM,3:30 PM,2:30 PM,3:30 PM,Bush Science Center,Room 260 - Chemistry Lab Pre-Lab/Seminar Room
10/9/2025 Thu,4:00 PM,5:00 PM,4:00 PM,5:00 PM,Bush Science Center,Room 164 - Physics Priority
10/9/2025 Thu,4:00 PM,6:00 PM,4:00 PM,6:00 PM,Bush Science Center,Room 176 - Smart Classroom 
10/9/2025 Thu,4:00 PM,7:00 PM,4:00 PM,7:00 PM,Kathleen W Rollins Hall,Room 330 - Teaching Seminar Room
10/9/2025 Thu,4:00 PM,6:30 PM,4:00 PM,6:30 PM,Olin Library,Van Houten Conference Room
10/9/2025 Thu,4:45 PM,5:15 PM,4:45 PM,5:15 PM,Kathleen W Rollins Hall,Room 141 - Meeting Room - CCLP Area
10/9/2025 Thu,5:00 PM,10:00 PM,6:00 PM,9:00 PM,Bush Science Center,Bush Auditorium and Lobby
10/9/2025 Thu,5:00 PM,7:00 PM,5:00 PM,7:00 PM,Bush Science Center,Room 200
10/9/2025 Thu,5:00 PM,7:00 PM,5:00 PM,7:00 PM,Bush Science Center,Room 210 
10/9/2025 Thu,5:00 PM,6:00 PM,5:00 PM,6:00 PM,Kathleen W Rollins Hall,Room 230 - Conference Room - CLCE Area
10/9/2025 Thu,5:00 PM,5:30 PM,5:00 PM,5:30 PM,Kathleen W Rollins Hall,Room 310 - Genius Scale-up Classroom
10/9/2025 Thu,5:00 PM,6:00 PM,5:00 PM,6:00 PM,Kathleen W Rollins Hall,Room 320 - Hauske Scale-up Classroom
10/9/2025 Thu,7:00 PM,9:00 PM,7:00 PM,9:00 PM,Kathleen W Rollins Hall,Room 128 - Screening Room
10/9/2025 Thu,7:00 PM,8:00 PM,7:00 PM,8:00 PM,Kathleen W Rollins Hall,Room 330 - Teaching Seminar Room
10/10/2025 Fri,6:30 AM,3:30 PM,8:00 AM,2:00 PM,Kathleen W Rollins Hall,Tars Plaza
10/10/2025 Fri,7:30 AM,11:00 AM,9:00 AM,10:00 AM,Kathleen W Rollins Hall,Room 300 - Galloway Room 
10/10/2025 Fri,11:00 AM,4:00 PM,11:00 AM,4:00 PM,Kathleen W Rollins Hall,Room 241 - Conference Room - Hub/SE/Acad Adv Area
10/10/2025 Fri,1:00 PM,5:00 PM,1:00 PM,5:00 PM,Kathleen W Rollins Hall,Room 230 - Conference Room - CLCE Area
10/10/2025 Fri,1:00 PM,2:00 PM,1:00 PM,2:00 PM,Kathleen W Rollins Hall,Room 340 - Galloway Seminar Meeting Room
10/10/2025 Fri,3:30 PM,6:30 PM,3:30 PM,6:30 PM,Kathleen W Rollins Hall,Room 330 - Teaching Seminar Room
10/10/2025 Fri,7:00 PM,8:30 PM,7:00 PM,8:30 PM,Bush Science Center,Room 201
10/12/2025 Sun,1:30 PM,3:30 PM,1:30 PM,3:30 PM,Kathleen W Rollins Hall,Room 330 - Teaching Seminar Room
10/12/2025 Sun,5:00 PM,10:00 PM,5:30 PM,9:30 PM,Bush Science Center,Bush Auditorium and Lobby
10/12/2025 Sun,5:30 PM,6:30 PM,5:30 PM,6:30 PM,Olin Library,Van Houten Conference Room
10/12/2025 Sun,6:00 PM,9:30 PM,6:00 PM,9:30 PM,Bush Science Center,Room 201
10/13/2025 Mon,7:00 AM,12:30 PM,8:00 AM,11:30 AM,Bush Science Center,Bush Atrium - Student Priority
10/13/2025 Mon,7:00 AM,12:30 PM,8:00 AM,11:30 AM,Bush Science Center,Bush Auditorium and Lobby
10/13/2025 Mon,9:00 AM,12:00 PM,9:00 AM,12:00 PM,Kathleen W Rollins Hall,Room 136 - Meeting Room - CCLP Area
10/13/2025 Mon,11:00 AM,1:00 PM,11:00 AM,1:00 PM,Bush Science Center,Room 274 - Operant Lab/Seminar - Operant Lab Prior
10/13/2025 Mon,11:45 AM,1:15 PM,11:45 AM,1:15 PM,Kathleen W Rollins Hall,Room 230 - Conference Room - CLCE Area
10/13/2025 Mon,2:30 PM,3:30 PM,2:30 PM,3:30 PM,Kathleen W Rollins Hall,Room 230 - Conference Room - CLCE Area
10/13/2025 Mon,4:00 PM,5:30 PM,4:00 PM,5:30 PM,Bush Science Center,Room 176 - Smart Classroom 
10/13/2025 Mon,4:00 PM,5:30 PM,4:00 PM,5:30 PM,Kathleen W Rollins Hall,Room 310 - Genius Scale-up Classroom
10/13/2025 Mon,5:00 PM,11:00 PM,6:00 PM,10:00 PM,Bush Science Center,Bush Auditorium and Lobby
10/13/2025 Mon,5:00 PM,6:00 PM,5:00 PM,6:00 PM,Kathleen W Rollins Hall,Room 330 - Teaching Seminar Room
10/13/2025 Mon,6:00 PM,7:00 PM,6:00 PM,7:00 PM,Bush Science Center,Room 200
10/13/2025 Mon,6:00 PM,8:00 PM,6:00 PM,8:00 PM,Kathleen W Rollins Hall,Room 310 - Genius Scale-up Classroom
10/13/2025 Mon,6:30 PM,10:00 PM,6:30 PM,10:00 PM,Bush Science Center,Room 176 - Smart Classroom 
10/13/2025 Mon,7:00 PM,8:30 PM,7:00 PM,8:30 PM,Bush Science Center,Room 201
10/14/2025 Tue,9:30 AM,11:00 AM,9:30 AM,11:00 AM,Kathleen W Rollins Hall,Room 131 - Conference Room - CCLP Area
10/14/2025 Tue,10:00 AM,11:00 AM,10:00 AM,11:00 AM,Kathleen W Rollins Hall,Room 230 - Conference Room - CLCE Area
10/14/2025 Tue,10:30 AM,4:00 PM,10:30 AM,4:00 PM,Kathleen W Rollins Hall,Room 136 - Meeting Room - CCLP Area
10/14/2025 Tue,11:00 AM,12:00 PM,11:00 AM,12:00 PM,Kathleen W Rollins Hall,Room 149 - Conference Room - Academic Adv Area
10/14/2025 Tue,11:30 AM,1:30 PM,11:30 AM,1:30 PM,Kathleen W Rollins Hall,Room 128 - Screening Room
10/14/2025 Tue,12:00 PM,2:00 PM,12:00 PM,2:00 PM,Kathleen W Rollins Hall,Room 110 - Conference Room - Campus Media Area
10/14/2025 Tue,12:00 PM,5:00 PM,12:00 PM,5:00 PM,Kathleen W Rollins Hall,Room 241 - Conference Room - Hub/SE/Acad Adv Area
10/14/2025 Tue,12:15 PM,1:45 PM,12:15 PM,1:45 PM,Bush Science Center,Room 277 - Seminar Room 
10/14/2025 Tue,12:15 PM,1:45 PM,12:15 PM,1:45 PM,Kathleen W Rollins Hall,Room 330 - Teaching Seminar Room
10/14/2025 Tue,12:30 PM,1:30 PM,12:30 PM,1:30 PM,Kathleen W Rollins Hall,Room 149 - Conference Room - Academic Adv Area
10/14/2025 Tue,12:30 PM,1:30 PM,12:30 PM,1:30 PM,Kathleen W Rollins Hall,Room 230 - Conference Room - CLCE Area
10/14/2025 Tue,12:30 PM,1:30 PM,12:30 PM,1:30 PM,Kathleen W Rollins Hall,Room 340 - Galloway Seminar Meeting Room
10/14/2025 Tue,1:30 PM,2:30 PM,1:30 PM,2:30 PM,Kathleen W Rollins Hall,Room 114 - Meeting Room - Campus Media Area
10/14/2025 Tue,2:00 PM,3:00 PM,2:00 PM,3:00 PM,Kathleen W Rollins Hall,Room 149 - Conference Room - Academic Adv Area
10/14/2025 Tue,2:00 PM,4:00 PM,2:00 PM,4:00 PM,Kathleen W Rollins Hall,Room 330 - Teaching Seminar Room
10/14/2025 Tue,2:30 PM,3:30 PM,2:30 PM,3:30 PM,Bush Science Center,Room 260 - Chemistry Lab Pre-Lab/Seminar Room
10/14/2025 Tue,3:30 PM,4:30 PM,3:30 PM,4:30 PM,Kathleen W Rollins Hall,Room 149 - Conference Room - Academic Adv Area
10/14/2025 Tue,4:00 PM,6:30 PM,4:00 PM,6:30 PM,Olin Library,Van Houten Conference Room
10/14/2025 Tue,5:00 PM,7:00 PM,5:00 PM,7:00 PM,Bush Science Center,Room 200
10/14/2025 Tue,5:00 PM,6:00 PM,5:00 PM,6:00 PM,Kathleen W Rollins Hall,Room 310 - Genius Scale-up Classroom
10/14/2025 Tue,6:00 PM,9:00 PM,6:00 PM,9:00 PM,Kathleen W Rollins Hall,Room 330 - Teaching Seminar Room
10/14/2025 Tue,6:00 PM,9:00 PM,6:00 PM,9:00 PM,Kathleen W Rollins Hall,Room 340 - Galloway Seminar Meeting Room
10/15/2025 Wed,9:00 AM,10:00 AM,9:00 AM,10:00 AM,Kathleen W Rollins Hall,Fountain Entrance Lobby & Gathering Stairs
10/15/2025 Wed,9:00 AM,12:30 PM,10:00 AM,11:30 AM,Olin Library,Room 230 - Library Meeting Room
10/15/2025 Wed,9:00 AM,1:30 PM,9:00 AM,1:30 PM,Kathleen W Rollins Hall,Room 301 - Ourisman Meeting Room
10/15/2025 Wed,9:30 AM,10:30 AM,9:30 AM,10:30 AM,Kathleen W Rollins Hall,Room 128 - Screening Room
10/15/2025 Wed,9:30 AM,10:30 AM,9:30 AM,10:30 AM,Kathleen W Rollins Hall,Room 230 - Conference Room - CLCE Area
10/15/2025 Wed,10:00 AM,12:00 PM,10:00 AM,12:00 PM,Kathleen W Rollins Hall,Room 330 - Teaching Seminar Room
10/15/2025 Wed,10:30 AM,12:30 PM,10:30 AM,12:30 PM,Kathleen W Rollins Hall,Room 131 - Conference Room - CCLP Area
10/15/2025 Wed,10:30 AM,11:00 AM,10:30 AM,11:00 AM,Kathleen W Rollins Hall,Room 230 - Conference Room - CLCE Area
10/15/2025 Wed,11:00 AM,12:00 PM,11:00 AM,12:00 PM,Kathleen W Rollins Hall,Room 340 - Galloway Seminar Meeting Room
10/15/2025 Wed,12:00 PM,1:00 PM,12:00 PM,1:00 PM,Kathleen W Rollins Hall,Room 230 - Conference Room - CLCE Area
10/15/2025 Wed,12:00 PM,2:00 PM,12:00 PM,2:00 PM,Kathleen W Rollins Hall,Room 241 - Conference Room - Hub/SE/Acad Adv Area
10/15/2025 Wed,1:00 PM,4:00 PM,2:00 PM,3:00 PM,Bush Science Center,Bush Auditorium and Lobby
10/15/2025 Wed,1:00 PM,3:45 PM,1:00 PM,2:15 PM,Olin Library,Room 220 - Center for Creativity (Mac) 
10/15/2025 Wed,2:00 PM,6:00 PM,2:00 PM,6:00 PM,Kathleen W Rollins Hall,Room 241 - Conference Room - Hub/SE/Acad Adv Area
10/15/2025 Wed,2:00 PM,3:30 PM,2:00 PM,3:30 PM,Kathleen W Rollins Hall,Room 330 - Teaching Seminar Room
10/15/2025 Wed,3:30 PM,4:00 PM,3:30 PM,4:00 PM,Kathleen W Rollins Hall,Room 230 - Conference Room - CLCE Area
10/15/2025 Wed,4:00 PM,6:45 PM,4:00 PM,6:45 PM,Bush Science Center,Room 176 - Smart Classroom 
10/15/2025 Wed,4:00 PM,5:00 PM,4:00 PM,5:00 PM,Kathleen W Rollins Hall,Room 230 - Conference Room - CLCE Area
10/15/2025 Wed,4:00 PM,7:00 PM,4:00 PM,7:00 PM,Olin Library,Room 230 - Library Meeting Room
10/15/2025 Wed,4:00 PM,5:00 PM,4:00 PM,5:00 PM,Kathleen W Rollins Hall,Room 330 - Teaching Seminar Room
10/15/2025 Wed,4:30 PM,8:30 PM,4:30 PM,8:30 PM,Kathleen W Rollins Hall,Room 110 - Conference Room - Campus Media Area
10/15/2025 Wed,4:45 PM,8:15 PM,4:45 PM,8:15 PM,Kathleen W Rollins Hall,Room 128 - Screening Room
10/15/2025 Wed,4:45 PM,6:00 PM,4:45 PM,6:00 PM,Kathleen W Rollins Hall,Room 340 - Galloway Seminar Meeting Room
10/15/2025 Wed,5:00 PM,7:00 PM,5:00 PM,7:00 PM,Kathleen W Rollins Hall,Room 330 - Teaching Seminar Room
10/15/2025 Wed,5:00 PM,6:00 PM,5:00 PM,6:00 PM,Olin Library,Van Houten Conference Room
10/15/2025 Wed,5:30 PM,10:30 PM,7:00 PM,9:00 PM,Kathleen W Rollins Hall,Room 300 - Galloway Room 
10/15/2025 Wed,7:00 PM,8:30 PM,7:00 PM,8:30 PM,Bush Science Center,Room 201
10/16/2025 Thu,7:00 AM,12:00 PM,8:30 AM,10:30 AM,Kathleen W Rollins Hall,Room 300 - Galloway Room 
10/16/2025 Thu,9:00 AM,5:00 PM,10:30 AM,3:30 PM,Bush Science Center,Bush Lawn (Southside of building)
10/16/2025 Thu,9:00 AM,10:30 AM,9:00 AM,10:30 AM,Kathleen W Rollins Hall,Room 340 - Galloway Seminar Meeting Room
10/16/2025 Thu,9:15 AM,11:00 AM,9:15 AM,11:00 AM,Kathleen W Rollins Hall,Room 330 - Teaching Seminar Room
10/16/2025 Thu,10:30 AM,3:30 PM,12:00 PM,2:00 PM,Olin Library,Olin Lawn
10/16/2025 Thu,10:45 AM,12:45 PM,10:45 AM,12:45 PM,Kathleen W Rollins Hall,Room 226 - Meeting Room - CLCE/Global Init. Area
10/16/2025 Thu,11:00 AM,6:00 PM,11:00 AM,6:00 PM,Kathleen W Rollins Hall,Room 241 - Conference Room - Hub/SE/Acad Adv Area
10/16/2025 Thu,11:00 AM,3:30 PM,12:30 PM,2:00 PM,Kathleen W Rollins Hall,Tars Plaza
10/16/2025 Thu,11:30 AM,1:30 PM,11:30 AM,1:30 PM,Kathleen W Rollins Hall,Room 128 - Screening Room
10/16/2025 Thu,12:00 PM,2:00 PM,12:00 PM,2:00 PM,Kathleen W Rollins Hall,Room 110 - Conference Room - Campus Media Area
10/16/2025 Thu,12:00 PM,2:00 PM,12:00 PM,2:00 PM,Kathleen W Rollins Hall,Room 340 - Galloway Seminar Meeting Room
10/16/2025 Thu,12:15 PM,2:00 PM,12:15 PM,2:00 PM,Bush Science Center,Room 202
10/16/2025 Thu,12:15 PM,1:45 PM,12:15 PM,1:45 PM,Bush Science Center,Room 277 - Seminar Room 
10/16/2025 Thu,12:30 PM,2:00 PM,12:30 PM,2:00 PM,Bush Science Center,Bush Atrium - Student Priority
10/16/2025 Thu,12:30 PM,1:30 PM,12:30 PM,1:30 PM,Bush Science Center,Room 123 - Seminar/Green Room - Sci Div Priority
10/16/2025 Thu,12:30 PM,2:00 PM,12:30 PM,2:00 PM,Bush Science Center,Room 201
10/16/2025 Thu,12:30 PM,1:50 PM,12:30 PM,1:50 PM,Bush Science Center,Room 208
10/16/2025 Thu,12:30 PM,1:15 PM,12:30 PM,1:15 PM,Bush Science Center,Room 210 
10/16/2025 Thu,12:30 PM,2:00 PM,12:30 PM,2:00 PM,Bush Science Center,Room 212
10/16/2025 Thu,12:30 PM,2:00 PM,12:30 PM,2:00 PM,Olin Library,Room 225 - Teaching Computer Lab (PC)
10/16/2025 Thu,12:30 PM,2:00 PM,12:30 PM,2:00 PM,Kathleen W Rollins Hall,Room 230 - Conference Room - CLCE Area
10/16/2025 Thu,12:30 PM,1:45 PM,12:30 PM,1:45 PM,Kathleen W Rollins Hall,Room 330 - Teaching Seminar Room
10/16/2025 Thu,1:00 PM,5:00 PM,1:00 PM,5:00 PM,Kathleen W Rollins Hall,Room 114 - Meeting Room - Campus Media Area
10/16/2025 Thu,1:00 PM,2:00 PM,1:00 PM,2:00 PM,Kathleen W Rollins Hall,Room 149 - Conference Room - Academic Adv Area
10/16/2025 Thu,1:00 PM,2:00 PM,1:00 PM,2:00 PM,Bush Science Center,Room 176 - Smart Classroom 
10/16/2025 Thu,2:00 PM,6:00 PM,2:00 PM,6:00 PM,Kathleen W Rollins Hall,Room 110 - Conference Room - Campus Media Area
10/16/2025 Thu,2:30 PM,3:30 PM,2:30 PM,3:30 PM,Bush Science Center,Room 260 - Chemistry Lab Pre-Lab/Seminar Room
10/16/2025 Thu,4:00 PM,6:00 PM,4:00 PM,6:00 PM,Bush Science Center,Room 176 - Smart Classroom 
10/16/2025 Thu,4:00 PM,6:30 PM,4:00 PM,6:30 PM,Olin Library,Van Houten Conference Room
10/16/2025 Thu,5:00 PM,7:00 PM,5:00 PM,7:00 PM,Bush Science Center,Room 164 - Physics Priority
10/16/2025 Thu,5:00 PM,7:00 PM,5:00 PM,7:00 PM,Bush Science Center,Room 200
10/16/2025 Thu,5:00 PM,7:00 PM,5:00 PM,7:00 PM,Bush Science Center,Room 210 
10/16/2025 Thu,5:00 PM,6:00 PM,5:00 PM,6:00 PM,Kathleen W Rollins Hall,Room 230 - Conference Room - CLCE Area
10/16/2025 Thu,5:00 PM,6:00 PM,5:00 PM,6:00 PM,Kathleen W Rollins Hall,Room 310 - Genius Scale-up Classroom
10/16/2025 Thu,5:00 PM,6:00 PM,5:00 PM,6:00 PM,Kathleen W Rollins Hall,Room 340 - Galloway Seminar Meeting Room
10/16/2025 Thu,7:00 PM,9:00 PM,7:00 PM,9:00 PM,Kathleen W Rollins Hall,Room 128 - Screening Room
10/16/2025 Thu,7:00 PM,9:00 PM,7:00 PM,9:00 PM,Bush Science Center,Room 277 - Seminar Room 
10/17/2025 Fri,8:00 AM,1:00 PM,9:00 AM,12:00 PM,Bush Science Center,Bush Auditorium and Lobby
10/17/2025 Fri,9:00 AM,10:00 AM,9:00 AM,10:00 AM,Kathleen W Rollins Hall,Room 128 - Screening Room
10/17/2025 Fri,10:00 AM,11:15 AM,10:00 AM,11:15 AM,Olin Library,Room 225 - Teaching Computer Lab (PC)
10/17/2025 Fri,11:00 AM,4:00 PM,11:00 AM,4:00 PM,Kathleen W Rollins Hall,Room 241 - Conference Room - Hub/SE/Acad Adv Area
10/17/2025 Fri,12:00 PM,3:00 PM,12:00 PM,3:00 PM,Kathleen W Rollins Hall,Room 230 - Conference Room - CLCE Area
10/17/2025 Fri,1:00 PM,6:00 PM,1:00 PM,6:00 PM,Kathleen W Rollins Hall,Room 110 - Conference Room - Campus Media Area
10/17/2025 Fri,7:00 PM,8:30 PM,7:00 PM,8:30 PM,Bush Science Center,Room 201
10/18/2025 Sat,7:00 AM,12:00 PM,8:00 AM,11:00 AM,Bush Science Center,Bush Auditorium and Lobby
10/18/2025 Sat,9:00 AM,10:15 AM,9:00 AM,10:15 AM,Bush Science Center,Room 123 - Seminar/Green Room - Sci Div Priority
10/18/2025 Sat,12:00 PM,1:00 PM,12:00 PM,1:00 PM,Bush Science Center,Room 176 - Smart Classroom 
10/19/2025 Sun,9:00 AM,1:30 PM,10:30 AM,12:00 PM,Kathleen W Rollins Hall,Mills Lawn
10/19/2025 Sun,2:00 PM,7:00 PM,2:00 PM,7:00 PM,Kathleen W Rollins Hall,Room 114 - Meeting Room - Campus Media Area
10/19/2025 Sun,2:00 PM,6:00 PM,2:00 PM,6:00 PM,Bush Science Center,Room 210 
10/19/2025 Sun,3:30 PM,7:30 PM,3:30 PM,7:30 PM,Kathleen W Rollins Hall,Room 330 - Teaching Seminar Room
10/19/2025 Sun,5:00 PM,10:00 PM,5:30 PM,9:30 PM,Bush Science Center,Bush Auditorium and Lobby
10/19/2025 Sun,5:30 PM,10:00 PM,7:00 PM,8:30 PM,Kathleen W Rollins Hall,Room 300 - Galloway Room 
10/19/2025 Sun,5:30 PM,6:30 PM,5:30 PM,6:30 PM,Olin Library,Van Houten Conference Room
10/19/2025 Sun,6:00 PM,9:30 PM,6:00 PM,9:30 PM,Bush Science Center,Room 201
10/20/2025 Mon,8:30 AM,10:30 AM,8:30 AM,10:30 AM,Kathleen W Rollins Hall,Room 241 - Conference Room - Hub/SE/Acad Adv Area
10/20/2025 Mon,9:30 AM,10:45 AM,9:30 AM,10:45 AM,Bush Science Center,Room 274 - Operant Lab/Seminar - Operant Lab Prior
10/20/2025 Mon,10:00 AM,11:00 AM,10:00 AM,11:00 AM,Bush Science Center,Bush Auditorium and Lobby
10/20/2025 Mon,10:00 AM,11:00 AM,10:00 AM,11:00 AM,Kathleen W Rollins Hall,Room 300 - Galloway Room 
10/20/2025 Mon,10:30 AM,11:00 AM,10:30 AM,11:00 AM,Kathleen W Rollins Hall,Room 230 - Conference Room - CLCE Area
10/20/2025 Mon,10:30 AM,3:00 PM,12:00 PM,1:30 PM,Kathleen W Rollins Hall,Tars Plaza
10/20/2025 Mon,11:00 AM,1:00 PM,11:00 AM,1:00 PM,Bush Science Center,Room 274 - Operant Lab/Seminar - Operant Lab Prior
10/20/2025 Mon,11:00 AM,2:00 PM,11:00 AM,2:00 PM,Kathleen W Rollins Hall,Room 330 - Teaching Seminar Room
10/20/2025 Mon,11:45 AM,1:15 PM,11:45 AM,1:15 PM,Kathleen W Rollins Hall,Room 230 - Conference Room - CLCE Area
10/20/2025 Mon,12:30 PM,2:30 PM,12:30 PM,2:30 PM,Bush Science Center,Room 123 - Seminar/Green Room - Sci Div Priority
10/20/2025 Mon,2:30 PM,3:30 PM,2:30 PM,3:30 PM,Kathleen W Rollins Hall,Room 230 - Conference Room - CLCE Area
10/20/2025 Mon,2:30 PM,4:00 PM,2:30 PM,4:00 PM,Kathleen W Rollins Hall,Room 241 - Conference Room - Hub/SE/Acad Adv Area
10/20/2025 Mon,3:00 PM,7:00 PM,4:00 PM,6:00 PM,Olin Library,Room 230 - Library Meeting Room
10/20/2025 Mon,3:00 PM,4:00 PM,3:00 PM,4:00 PM,Kathleen W Rollins Hall,Room 330 - Teaching Seminar Room
10/20/2025 Mon,3:30 PM,10:30 PM,5:00 PM,9:00 PM,Bush Science Center,Bush Auditorium and Lobby
10/20/2025 Mon,3:30 PM,6:30 PM,3:30 PM,6:30 PM,Kathleen W Rollins Hall,Room 128 - Screening Room
10/20/2025 Mon,3:30 PM,4:30 PM,3:30 PM,4:30 PM,Bush Science Center,Room 308 
10/20/2025 Mon,4:00 PM,5:30 PM,4:00 PM,5:30 PM,Bush Science Center,Room 176 - Smart Classroom 
10/20/2025 Mon,4:00 PM,5:30 PM,4:00 PM,5:30 PM,Kathleen W Rollins Hall,Room 310 - Genius Scale-up Classroom
10/20/2025 Mon,5:00 PM,9:30 PM,6:00 PM,8:30 PM,Bush Science Center,Room 210 
10/20/2025 Mon,5:00 PM,6:00 PM,5:00 PM,6:00 PM,Kathleen W Rollins Hall,Room 330 - Teaching Seminar Room
10/20/2025 Mon,5:30 PM,7:00 PM,5:30 PM,7:00 PM,Kathleen W Rollins Hall,Room 340 - Galloway Seminar Meeting Room
10/20/2025 Mon,6:00 PM,7:00 PM,6:00 PM,7:00 PM,Bush Science Center,Room 200
10/20/2025 Mon,6:00 PM,8:00 PM,6:00 PM,8:00 PM,Kathleen W Rollins Hall,Room 310 - Genius Scale-up Classroom
10/20/2025 Mon,6:00 PM,7:30 PM,6:00 PM,7:30 PM,Kathleen W Rollins Hall,Room 320 - Hauske Scale-up Classroom
10/20/2025 Mon,6:30 PM,10:00 PM,6:30 PM,10:00 PM,Bush Science Center,Room 176 - Smart Classroom 
10/20/2025 Mon,6:30 PM,10:30 PM,8:00 PM,9:00 PM,Kathleen W Rollins Hall,Room 300 - Galloway Room 
10/20/2025 Mon,7:00 PM,9:00 PM,7:00 PM,9:00 PM,Kathleen W Rollins Hall,Mills Lawn
10/20/2025 Mon,7:00 PM,8:00 PM,7:00 PM,8:00 PM,Kathleen W Rollins Hall,Room 110 - Conference Room - Campus Media Area
10/20/2025 Mon,7:00 PM,8:30 PM,7:00 PM,8:30 PM,Bush Science Center,Room 201
10/21/2025 Tue,6:00 AM,7:00 AM,6:00 AM,7:00 AM,Kathleen W Rollins Hall,Mills Lawn
10/21/2025 Tue,9:00 AM,9:30 AM,9:00 AM,9:30 AM,Kathleen W Rollins Hall,Room 136 - Meeting Room - CCLP Area
10/21/2025 Tue,9:30 AM,11:00 AM,9:30 AM,11:00 AM,Kathleen W Rollins Hall,Room 131 - Conference Room - CCLP Area
10/21/2025 Tue,9:30 AM,10:30 AM,9:30 AM,10:30 AM,Olin Library,Room 220 - Center for Creativity (Mac) 
10/21/2025 Tue,10:00 AM,11:00 AM,10:00 AM,11:00 AM,Kathleen W Rollins Hall,Room 230 - Conference Room - CLCE Area
10/21/2025 Tue,10:30 AM,12:30 PM,10:30 AM,12:30 PM,Bush Science Center,Bush Atrium - Student Priority
10/21/2025 Tue,10:30 AM,3:00 PM,12:00 PM,1:30 PM,Kathleen W Rollins Hall,Mills Lawn
10/21/2025 Tue,11:00 AM,12:00 PM,11:00 AM,12:00 PM,Kathleen W Rollins Hall,Room 149 - Conference Room - Academic Adv Area
10/21/2025 Tue,12:00 PM,2:00 PM,12:00 PM,2:00 PM,Kathleen W Rollins Hall,Room 110 - Conference Room - Campus Media Area
10/21/2025 Tue,12:00 PM,5:00 PM,12:00 PM,5:00 PM,Kathleen W Rollins Hall,Room 241 - Conference Room - Hub/SE/Acad Adv Area
10/21/2025 Tue,12:15 PM,1:45 PM,12:15 PM,1:45 PM,Bush Science Center,Room 277 - Seminar Room 
10/21/2025 Tue,12:15 PM,1:45 PM,12:15 PM,1:45 PM,Kathleen W Rollins Hall,Room 330 - Teaching Seminar Room
10/21/2025 Tue,12:30 PM,1:30 PM,12:30 PM,1:30 PM,Kathleen W Rollins Hall,Room 149 - Conference Room - Academic Adv Area
10/21/2025 Tue,12:30 PM,1:45 PM,12:30 PM,1:45 PM,Bush Science Center,Room 201
10/21/2025 Tue,12:30 PM,1:30 PM,12:30 PM,1:30 PM,Bush Science Center,Room 202
10/21/2025 Tue,12:30 PM,1:30 PM,12:30 PM,1:30 PM,Bush Science Center,Room 210 
10/21/2025 Tue,12:30 PM,1:30 PM,12:30 PM,1:30 PM,Kathleen W Rollins Hall,Room 230 - Conference Room - CLCE Area
10/21/2025 Tue,12:30 PM,1:30 PM,12:30 PM,1:30 PM,Kathleen W Rollins Hall,Room 340 - Galloway Seminar Meeting Room
10/21/2025 Tue,2:00 PM,6:00 PM,2:00 PM,6:00 PM,Kathleen W Rollins Hall,Room 110 - Conference Room - Campus Media Area
10/21/2025 Tue,2:00 PM,3:00 PM,2:00 PM,3:00 PM,Kathleen W Rollins Hall,Room 128 - Screening Room
10/21/2025 Tue,2:00 PM,3:00 PM,2:00 PM,3:00 PM,Kathleen W Rollins Hall,Room 149 - Conference Room - Academic Adv Area
10/21/2025 Tue,2:00 PM,3:15 PM,2:00 PM,3:15 PM,Olin Library,Room 220 - Center for Creativity (Mac) 
10/21/2025 Tue,2:00 PM,3:00 PM,2:00 PM,3:00 PM,Olin Library,Room 230 - Library Meeting Room
10/21/2025 Tue,2:00 PM,6:00 PM,3:30 PM,4:30 PM,Kathleen W Rollins Hall,Room 300 - Galloway Room 
10/21/2025 Tue,2:00 PM,4:00 PM,2:00 PM,4:00 PM,Kathleen W Rollins Hall,Room 330 - Teaching Seminar Room
10/21/2025 Tue,2:30 PM,3:30 PM,2:30 PM,3:30 PM,Bush Science Center,Room 260 - Chemistry Lab Pre-Lab/Seminar Room
10/21/2025 Tue,2:45 PM,4:15 PM,2:45 PM,4:15 PM,Kathleen W Rollins Hall,Room 230 - Conference Room - CLCE Area
10/21/2025 Tue,4:00 PM,4:30 PM,4:00 PM,4:30 PM,Kathleen W Rollins Hall,Room 136 - Meeting Room - CCLP Area
10/21/2025 Tue,4:00 PM,10:00 PM,4:00 PM,10:00 PM,Kathleen W Rollins Hall,Room 340 - Galloway Seminar Meeting Room
10/21/2025 Tue,4:00 PM,6:30 PM,4:00 PM,6:30 PM,Olin Library,Van Houten Conference Room
10/21/2025 Tue,4:30 PM,9:00 PM,4:30 PM,9:00 PM,Kathleen W Rollins Hall,Room 128 - Screening Room
10/21/2025 Tue,4:30 PM,6:30 PM,4:30 PM,6:30 PM,Kathleen W Rollins Hall,Room 330 - Teaching Seminar Room
10/21/2025 Tue,5:00 PM,7:00 PM,5:00 PM,7:00 PM,Bush Science Center,Room 200
10/21/2025 Tue,5:00 PM,6:00 PM,5:00 PM,6:00 PM,Bush Science Center,Room 201
10/21/2025 Tue,5:00 PM,6:00 PM,5:00 PM,6:00 PM,Bush Science Center,Room 202
10/21/2025 Tue,5:00 PM,9:30 PM,6:00 PM,8:30 PM,Bush Science Center,Room 210 
10/21/2025 Tue,5:00 PM,6:30 PM,5:00 PM,6:30 PM,Kathleen W Rollins Hall,Room 240/240B - Social Impact Hub/Classroom
10/21/2025 Tue,5:00 PM,6:00 PM,5:00 PM,6:00 PM,Kathleen W Rollins Hall,Room 310 - Genius Scale-up Classroom
10/21/2025 Tue,5:30 PM,6:30 PM,5:30 PM,6:30 PM,Bush Science Center,Room 208
10/21/2025 Tue,6:00 PM,11:00 PM,7:00 PM,11:00 PM,Bush Science Center,Bush Auditorium and Lobby
10/21/2025 Tue,6:00 PM,7:00 PM,6:00 PM,7:00 PM,Kathleen W Rollins Hall,Room 230 - Conference Room - CLCE Area
10/21/2025 Tue,7:15 PM,9:15 PM,7:15 PM,9:15 PM,Bush Science Center,Room 176 - Smart Classroom 
10/22/2025 Wed,7:30 AM,11:30 AM,9:00 AM,10:00 AM,Kathleen W Rollins Hall,Room 300 - Galloway Room 
10/22/2025 Wed,8:00 AM,1:00 PM,9:30 AM,11:30 AM,Kathleen W Rollins Hall,Tars Plaza
10/22/2025 Wed,9:00 AM,10:00 AM,9:00 AM,10:00 AM,Kathleen W Rollins Hall,Room 128 - Screening Room
10/22/2025 Wed,9:00 AM,1:30 PM,9:00 AM,1:30 PM,Kathleen W Rollins Hall,Room 301 - Ourisman Meeting Room
10/22/2025 Wed,9:30 AM,10:45 AM,9:30 AM,10:45 AM,Bush Science Center,Room 274 - Operant Lab/Seminar - Operant Lab Prior
10/22/2025 Wed,11:00 AM,12:00 PM,11:00 AM,12:00 PM,Kathleen W Rollins Hall,Room 330 - Teaching Seminar Room
10/22/2025 Wed,11:30 AM,10:30 PM,1:00 PM,9:00 PM,Kathleen W Rollins Hall,Room 300 - Galloway Room 
10/22/2025 Wed,12:00 PM,1:00 PM,12:00 PM,1:00 PM,Kathleen W Rollins Hall,Room 230 - Conference Room - CLCE Area
10/22/2025 Wed,2:00 PM,6:00 PM,2:00 PM,6:00 PM,Kathleen W Rollins Hall,Room 230 - Conference Room - CLCE Area
10/22/2025 Wed,2:00 PM,3:30 PM,2:00 PM,3:30 PM,Kathleen W Rollins Hall,Room 330 - Teaching Seminar Room
10/22/2025 Wed,2:30 PM,4:30 PM,2:30 PM,4:30 PM,Kathleen W Rollins Hall,Room 131 - Conference Room - CCLP Area
10/22/2025 Wed,3:00 PM,7:00 PM,4:00 PM,6:00 PM,Olin Library,Room 230 - Library Meeting Room
10/22/2025 Wed,3:30 PM,4:30 PM,3:30 PM,4:30 PM,Bush Science Center,Room 200
10/22/2025 Wed,3:45 PM,5:45 PM,3:45 PM,5:45 PM,Kathleen W Rollins Hall,Room 241 - Conference Room - Hub/SE/Acad Adv Area
10/22/2025 Wed,4:00 PM,6:00 PM,4:00 PM,6:00 PM,Kathleen W Rollins Hall,Fountain Entrance Lobby & Gathering Stairs
10/22/2025 Wed,4:00 PM,6:00 PM,4:00 PM,6:00 PM,Kathleen W Rollins Hall,Room 128 - Screening Room
10/22/2025 Wed,4:00 PM,9:00 PM,4:00 PM,9:00 PM,Kathleen W Rollins Hall,Room 330 - Teaching Seminar Room
10/22/2025 Wed,4:00 PM,9:00 PM,4:00 PM,9:00 PM,Kathleen W Rollins Hall,Room 340 - Galloway Seminar Meeting Room
10/22/2025 Wed,5:00 PM,7:00 PM,5:00 PM,7:00 PM,Bush Science Center,Room 123 - Seminar/Green Room - Sci Div Priority
10/22/2025 Wed,5:00 PM,5:30 PM,5:00 PM,5:30 PM,Kathleen W Rollins Hall,Room 136 - Meeting Room - CCLP Area
10/22/2025 Wed,5:00 PM,6:00 PM,5:00 PM,6:00 PM,Bush Science Center,Room 202
10/22/2025 Wed,6:00 PM,10:00 PM,7:00 PM,9:00 PM,Bush Science Center,Bush Auditorium and Lobby
10/22/2025 Wed,6:00 PM,7:00 PM,6:00 PM,7:00 PM,Kathleen W Rollins Hall,Room 310 - Genius Scale-up Classroom
10/22/2025 Wed,6:00 PM,7:00 PM,6:00 PM,7:00 PM,Kathleen W Rollins Hall,Room 320 - Hauske Scale-up Classroom
10/22/2025 Wed,7:00 PM,8:30 PM,7:00 PM,8:30 PM,Bush Science Center,Room 200
10/22/2025 Wed,7:00 PM,8:30 PM,7:00 PM,8:30 PM,Bush Science Center,Room 201
10/23/2025 Thu,5:30 AM,4:00 PM,9:00 AM,4:00 PM,Kathleen W Rollins Hall,Room 300 - Galloway Room 
10/23/2025 Thu,5:30 AM,10:30 PM,7:00 AM,9:00 PM,Kathleen W Rollins Hall,Room 301 - Ourisman Meeting Room
10/23/2025 Thu,7:00 AM,9:00 PM,8:00 AM,9:00 AM,Kathleen W Rollins Hall,Room 330 - Teaching Seminar Room
10/23/2025 Thu,7:00 AM,9:00 PM,7:00 AM,9:00 PM,Kathleen W Rollins Hall,Room 340 - Galloway Seminar Meeting Room
10/23/2025 Thu,9:30 AM,10:30 AM,9:30 AM,10:30 AM,Kathleen W Rollins Hall,Room 149 - Conference Room - Academic Adv Area
10/23/2025 Thu,9:30 AM,2:30 PM,9:30 AM,2:30 PM,Kathleen W Rollins Hall,Room 226 - Meeting Room - CLCE/Global Init. Area
10/23/2025 Thu,10:00 AM,4:00 PM,11:30 AM,2:30 PM,Bush Science Center,Bush Lawn (Southside of building)
10/23/2025 Thu,10:00 AM,11:00 AM,10:00 AM,11:00 AM,Olin Library,Room 230 - Library Meeting Room
10/23/2025 Thu,10:30 AM,4:30 PM,12:00 PM,3:00 PM,Kathleen W Rollins Hall,Mills Lawn
10/23/2025 Thu,11:00 AM,12:00 PM,11:00 AM,12:00 PM,Kathleen W Rollins Hall,Room 131 - Conference Room - CCLP Area
10/23/2025 Thu,11:00 AM,6:00 PM,11:00 AM,6:00 PM,Kathleen W Rollins Hall,Room 241 - Conference Room - Hub/SE/Acad Adv Area
10/23/2025 Thu,11:30 AM,2:45 PM,12:30 PM,1:45 PM,Olin Library,Room 230 - Library Meeting Room
10/23/2025 Thu,12:00 PM,2:00 PM,12:00 PM,2:00 PM,Kathleen W Rollins Hall,Room 110 - Conference Room - Campus Media Area
10/23/2025 Thu,12:00 PM,2:00 PM,12:00 PM,2:00 PM,Kathleen W Rollins Hall,Room 128 - Screening Room
10/23/2025 Thu,12:00 PM,1:00 PM,12:00 PM,1:00 PM,Kathleen W Rollins Hall,Room 131 - Conference Room - CCLP Area
10/23/2025 Thu,12:15 PM,1:45 PM,12:15 PM,1:45 PM,Bush Science Center,Room 277 - Seminar Room 
10/23/2025 Thu,12:30 PM,1:00 PM,12:30 PM,1:00 PM,Kathleen W Rollins Hall,Room 136 - Meeting Room - CCLP Area
10/23/2025 Thu,12:30 PM,1:45 PM,12:30 PM,1:45 PM,Bush Science Center,Room 201
10/23/2025 Thu,12:30 PM,1:50 PM,12:30 PM,1:50 PM,Bush Science Center,Room 208
10/23/2025 Thu,12:30 PM,1:15 PM,12:30 PM,1:15 PM,Bush Science Center,Room 210 
10/23/2025 Thu,12:30 PM,1:45 PM,12:30 PM,1:45 PM,Kathleen W Rollins Hall,Room 310 - Genius Scale-up Classroom
10/23/2025 Thu,1:00 PM,2:00 PM,1:00 PM,2:00 PM,Kathleen W Rollins Hall,Room 149 - Conference Room - Academic Adv Area
10/23/2025 Thu,1:00 PM,2:00 PM,1:00 PM,2:00 PM,Olin Library,Van Houten Conference Room
10/23/2025 Thu,2:00 PM,5:00 PM,2:00 PM,5:00 PM,Kathleen W Rollins Hall,Room 110 - Conference Room - Campus Media Area
10/23/2025 Thu,2:00 PM,3:00 PM,2:00 PM,3:00 PM,Kathleen W Rollins Hall,Room 230 - Conference Room - CLCE Area
10/23/2025 Thu,2:30 PM,3:30 PM,2:30 PM,3:30 PM,Bush Science Center,Room 260 - Chemistry Lab Pre-Lab/Seminar Room
10/23/2025 Thu,3:30 PM,4:00 PM,3:30 PM,4:00 PM,Kathleen W Rollins Hall,Room 136 - Meeting Room - CCLP Area
10/23/2025 Thu,3:35 PM,7:00 PM,3:35 PM,7:00 PM,Kathleen W Rollins Hall,Room 114 - Meeting Room - Campus Media Area
10/23/2025 Thu,4:00 PM,6:00 PM,4:00 PM,6:00 PM,Bush Science Center,Room 176 - Smart Classroom 
10/23/2025 Thu,4:00 PM,10:00 PM,4:00 PM,10:00 PM,Kathleen W Rollins Hall,Room 300 - Galloway Room 
10/23/2025 Thu,4:00 PM,7:00 PM,4:00 PM,7:00 PM,Kathleen W Rollins Hall,Room 320 - Hauske Scale-up Classroom
10/23/2025 Thu,4:00 PM,6:30 PM,4:00 PM,6:30 PM,Olin Library,Van Houten Conference Room
10/23/2025 Thu,5:00 PM,7:00 PM,5:00 PM,7:00 PM,Bush Science Center,Room 200
10/23/2025 Thu,5:00 PM,6:30 PM,5:00 PM,6:30 PM,Bush Science Center,Room 201
10/23/2025 Thu,5:00 PM,6:00 PM,5:00 PM,6:00 PM,Bush Science Center,Room 202
10/23/2025 Thu,5:00 PM,7:00 PM,5:00 PM,7:00 PM,Bush Science Center,Room 210 
10/23/2025 Thu,5:00 PM,6:00 PM,5:00 PM,6:00 PM,Kathleen W Rollins Hall,Room 230 - Conference Room - CLCE Area
10/23/2025 Thu,5:00 PM,5:30 PM,5:00 PM,5:30 PM,Kathleen W Rollins Hall,Room 310 - Genius Scale-up Classroom
10/23/2025 Thu,6:15 PM,9:15 PM,6:15 PM,9:15 PM,Bush Science Center,Room 260 - Chemistry Lab Pre-Lab/Seminar Room
10/23/2025 Thu,7:00 PM,9:00 PM,7:00 PM,9:00 PM,Kathleen W Rollins Hall,Room 128 - Screening Room
10/24/2025 Fri,5:30 AM,1:30 PM,9:00 AM,12:00 PM,Kathleen W Rollins Hall,Room 300 - Galloway Room 
10/24/2025 Fri,5:30 AM,1:30 PM,7:00 AM,12:00 PM,Kathleen W Rollins Hall,Room 301 - Ourisman Meeting Room
10/24/2025 Fri,7:00 AM,12:00 PM,7:00 AM,12:00 PM,Kathleen W Rollins Hall,Room 330 - Teaching Seminar Room
10/24/2025 Fri,7:00 AM,12:00 PM,7:00 AM,12:00 PM,Kathleen W Rollins Hall,Room 340 - Galloway Seminar Meeting Room
10/24/2025 Fri,8:00 AM,1:00 PM,8:00 AM,1:00 PM,Bush Science Center,Room 277 - Seminar Room 
10/24/2025 Fri,8:00 AM,5:00 PM,8:00 AM,5:00 PM,Olin Library,Van Houten Conference Room
10/24/2025 Fri,8:30 AM,9:30 AM,8:30 AM,9:30 AM,Kathleen W Rollins Hall,Room 110 - Conference Room - Campus Media Area
10/24/2025 Fri,9:00 AM,10:00 AM,9:00 AM,10:00 AM,Kathleen W Rollins Hall,Room 128 - Screening Room
10/24/2025 Fri,9:00 AM,1:00 PM,10:00 AM,12:00 PM,Olin Library,Room 230 - Library Meeting Room
10/24/2025 Fri,11:00 AM,4:00 PM,11:00 AM,4:00 PM,Kathleen W Rollins Hall,Room 241 - Conference Room - Hub/SE/Acad Adv Area
10/24/2025 Fri,1:00 PM,2:00 PM,1:00 PM,2:00 PM,Kathleen W Rollins Hall,Room 320 - Hauske Scale-up Classroom
10/24/2025 Fri,1:00 PM,2:00 PM,1:00 PM,2:00 PM,Kathleen W Rollins Hall,Room 340 - Galloway Seminar Meeting Room
10/24/2025 Fri,1:30 PM,2:00 PM,1:30 PM,2:00 PM,Kathleen W Rollins Hall,Room 136 - Meeting Room - CCLP Area
10/24/2025 Fri,1:30 PM,2:30 PM,1:30 PM,2:30 PM,Kathleen W Rollins Hall,Room 310 - Genius Scale-up Classroom
10/24/2025 Fri,2:00 PM,3:00 PM,2:00 PM,3:00 PM,Kathleen W Rollins Hall,Room 340 - Galloway Seminar Meeting Room
10/24/2025 Fri,7:00 PM,8:30 PM,7:00 PM,8:30 PM,Bush Science Center,Room 201
10/25/2025 Sat,5:30 AM,6:30 PM,7:00 AM,5:00 PM,Kathleen W Rollins Hall,Room 300 - Galloway Room 
10/25/2025 Sat,7:00 AM,5:00 PM,7:00 AM,5:00 PM,Kathleen W Rollins Hall,Room 310 - Genius Scale-up Classroom
10/26/2025 Sun,6:00 AM,3:00 PM,7:00 AM,2:00 PM,Bush Science Center,Bush Auditorium and Lobby
10/26/2025 Sun,7:00 AM,2:00 PM,7:00 AM,2:00 PM,Bush Science Center,Room 176 - Smart Classroom 
10/26/2025 Sun,7:30 AM,1:30 PM,9:30 AM,12:30 PM,Bush Science Center,Bush Atrium - Student Priority
10/26/2025 Sun,9:30 AM,2:00 PM,9:30 AM,2:00 PM,Kathleen W Rollins Hall,Room 330 - Teaching Seminar Room
10/26/2025 Sun,5:00 PM,10:00 PM,5:30 PM,9:30 PM,Bush Science Center,Bush Auditorium and Lobby
10/26/2025 Sun,5:30 PM,10:00 PM,7:00 PM,8:30 PM,Kathleen W Rollins Hall,Room 300 - Galloway Room 
10/26/2025 Sun,5:30 PM,6:30 PM,5:30 PM,6:30 PM,Olin Library,Van Houten Conference Room
10/26/2025 Sun,6:00 PM,7:00 PM,6:00 PM,7:00 PM,Bush Science Center,Room 176 - Smart Classroom 
10/26/2025 Sun,6:00 PM,9:30 PM,6:00 PM,9:30 PM,Bush Science Center,Room 201
10/27/2025 Mon,7:00 AM,6:30 PM,8:00 AM,5:30 PM,Olin Library,Room 230 - Library Meeting Room
10/27/2025 Mon,8:30 AM,12:30 PM,10:00 AM,11:00 AM,Kathleen W Rollins Hall,Room 300 - Galloway Room 
10/27/2025 Mon,9:00 AM,10:00 AM,9:00 AM,10:00 AM,Kathleen W Rollins Hall,Fountain Entrance Lobby & Gathering Stairs
10/27/2025 Mon,9:00 AM,10:00 AM,9:00 AM,10:00 AM,Kathleen W Rollins Hall,Room 128 - Screening Room
10/27/2025 Mon,9:00 AM,10:00 AM,9:00 AM,10:00 AM,Olin Library,Van Houten Conference Room
10/27/2025 Mon,9:30 AM,9:45 AM,9:30 AM,9:45 AM,Kathleen W Rollins Hall,Room 136 - Meeting Room - CCLP Area
10/27/2025 Mon,9:30 AM,10:45 AM,9:30 AM,10:45 AM,Bush Science Center,Room 274 - Operant Lab/Seminar - Operant Lab Prior
10/27/2025 Mon,10:00 AM,11:00 AM,10:00 AM,11:00 AM,Kathleen W Rollins Hall,Room 340 - Galloway Seminar Meeting Room
10/27/2025 Mon,10:30 AM,11:00 AM,10:30 AM,11:00 AM,Kathleen W Rollins Hall,Room 230 - Conference Room - CLCE Area
10/27/2025 Mon,11:00 AM,1:00 PM,11:00 AM,1:00 PM,Bush Science Center,Room 274 - Operant Lab/Seminar - Operant Lab Prior
10/27/2025 Mon,11:00 AM,12:00 PM,11:00 AM,12:00 PM,Kathleen W Rollins Hall,Room 340 - Galloway Seminar Meeting Room
10/27/2025 Mon,11:45 AM,1:15 PM,11:45 AM,1:15 PM,Kathleen W Rollins Hall,Room 230 - Conference Room - CLCE Area
10/27/2025 Mon,12:00 PM,3:30 PM,1:00 PM,3:30 PM,Bush Science Center,Bush Auditorium and Lobby
10/27/2025 Mon,12:30 PM,7:30 PM,2:00 PM,6:00 PM,Kathleen W Rollins Hall,Room 300 - Galloway Room 
10/27/2025 Mon,2:30 PM,3:30 PM,2:30 PM,3:30 PM,Kathleen W Rollins Hall,Room 230 - Conference Room - CLCE Area
10/27/2025 Mon,2:30 PM,4:00 PM,2:30 PM,4:00 PM,Kathleen W Rollins Hall,Room 241 - Conference Room - Hub/SE/Acad Adv Area
10/27/2025 Mon,3:30 PM,5:00 PM,3:30 PM,5:00 PM,Kathleen W Rollins Hall,Room 149 - Conference Room - Academic Adv Area
10/27/2025 Mon,3:45 PM,4:30 PM,3:45 PM,4:30 PM,Bush Science Center,Room 164 - Physics Priority
10/27/2025 Mon,4:00 PM,5:30 PM,4:00 PM,5:30 PM,Bush Science Center,Bush Auditorium and Lobby
10/27/2025 Mon,4:00 PM,5:30 PM,4:00 PM,5:30 PM,Kathleen W Rollins Hall,Room 136 - Meeting Room - CCLP Area
10/27/2025 Mon,4:00 PM,5:30 PM,4:00 PM,5:30 PM,Bush Science Center,Room 176 - Smart Classroom 
10/27/2025 Mon,4:00 PM,5:30 PM,4:00 PM,5:30 PM,Kathleen W Rollins Hall,Room 310 - Genius Scale-up Classroom
10/27/2025 Mon,6:00 PM,11:00 PM,6:00 PM,10:00 PM,Bush Science Center,Bush Auditorium and Lobby
10/27/2025 Mon,6:00 PM,7:00 PM,6:00 PM,7:00 PM,Bush Science Center,Room 200
10/27/2025 Mon,6:00 PM,8:00 PM,6:00 PM,8:00 PM,Kathleen W Rollins Hall,Room 310 - Genius Scale-up Classroom
10/27/2025 Mon,6:30 PM,8:00 PM,6:30 PM,8:00 PM,Kathleen W Rollins Hall,Room 128 - Screening Room
10/27/2025 Mon,6:30 PM,10:00 PM,6:30 PM,10:00 PM,Bush Science Center,Room 176 - Smart Classroom 
10/27/2025 Mon,7:30 PM,9:00 PM,8:00 PM,9:00 PM,Kathleen W Rollins Hall,Room 300 - Galloway Room 
10/28/2025 Tue,9:30 AM,11:00 AM,9:30 AM,11:00 AM,Kathleen W Rollins Hall,Room 131 - Conference Room - CCLP Area
10/28/2025 Tue,10:00 AM,1:30 PM,10:00 AM,1:30 PM,Bush Science Center,Room 123 - Seminar/Green Room - Sci Div Priority
10/28/2025 Tue,10:00 AM,11:00 AM,10:00 AM,11:00 AM,Kathleen W Rollins Hall,Room 230 - Conference Room - CLCE Area
10/28/2025 Tue,10:30 AM,2:00 PM,12:00 PM,1:30 PM,Kathleen W Rollins Hall,Tars Plaza
10/28/2025 Tue,11:00 AM,2:30 PM,11:00 AM,2:30 PM,Kathleen W Rollins Hall,Fountain Entrance Lobby & Gathering Stairs
10/28/2025 Tue,11:00 AM,12:00 PM,11:00 AM,12:00 PM,Kathleen W Rollins Hall,Room 128 - Screening Room
10/28/2025 Tue,11:00 AM,12:00 PM,11:00 AM,12:00 PM,Kathleen W Rollins Hall,Room 149 - Conference Room - Academic Adv Area
10/28/2025 Tue,11:35 AM,1:30 PM,11:35 AM,1:30 PM,Kathleen W Rollins Hall,Room 114 - Meeting Room - Campus Media Area
10/28/2025 Tue,12:00 PM,2:00 PM,12:00 PM,2:00 PM,Kathleen W Rollins Hall,Room 110 - Conference Room - Campus Media Area
10/28/2025 Tue,12:00 PM,5:00 PM,12:00 PM,5:00 PM,Kathleen W Rollins Hall,Room 241 - Conference Room - Hub/SE/Acad Adv Area
10/28/2025 Tue,12:15 PM,2:00 PM,12:15 PM,2:00 PM,Kathleen W Rollins Hall,Room 128 - Screening Room
10/28/2025 Tue,12:15 PM,2:00 PM,12:15 PM,2:00 PM,Bush Science Center,Room 210 
10/28/2025 Tue,12:15 PM,1:45 PM,12:15 PM,1:45 PM,Bush Science Center,Room 277 - Seminar Room 
10/28/2025 Tue,12:15 PM,1:45 PM,12:15 PM,1:45 PM,Kathleen W Rollins Hall,Room 330 - Teaching Seminar Room
10/28/2025 Tue,12:30 PM,1:30 PM,12:30 PM,1:30 PM,Kathleen W Rollins Hall,Room 149 - Conference Room - Academic Adv Area
10/28/2025 Tue,12:30 PM,2:00 PM,12:30 PM,2:00 PM,Bush Science Center,Room 176 - Smart Classroom 
10/28/2025 Tue,12:30 PM,1:45 PM,12:30 PM,1:45 PM,Bush Science Center,Room 201
10/28/2025 Tue,12:30 PM,1:30 PM,12:30 PM,1:30 PM,Kathleen W Rollins Hall,Room 230 - Conference Room - CLCE Area
10/28/2025 Tue,12:30 PM,1:30 PM,12:30 PM,1:30 PM,Kathleen W Rollins Hall,Room 340 - Galloway Seminar Meeting Room
10/28/2025 Tue,1:30 PM,2:30 PM,1:30 PM,2:30 PM,Kathleen W Rollins Hall,Room 114 - Meeting Room - Campus Media Area
10/28/2025 Tue,2:00 PM,3:00 PM,2:00 PM,3:00 PM,Kathleen W Rollins Hall,Room 149 - Conference Room - Academic Adv Area
10/28/2025 Tue,2:00 PM,4:00 PM,2:00 PM,4:00 PM,Kathleen W Rollins Hall,Room 330 - Teaching Seminar Room
10/28/2025 Tue,2:00 PM,4:00 PM,2:00 PM,4:00 PM,Kathleen W Rollins Hall,Tars Plaza
10/28/2025 Tue,2:30 PM,3:30 PM,2:30 PM,3:30 PM,Bush Science Center,Room 260 - Chemistry Lab Pre-Lab/Seminar Room
10/28/2025 Tue,2:30 PM,7:00 PM,4:00 PM,5:30 PM,Kathleen W Rollins Hall,Room 300 - Galloway Room 
10/28/2025 Tue,3:45 PM,8:00 PM,3:45 PM,8:00 PM,Kathleen W Rollins Hall,Room 128 - Screening Room
10/28/2025 Tue,4:00 PM,7:30 PM,5:00 PM,7:00 PM,Kathleen W Rollins Hall,Mills Lawn
10/28/2025 Tue,4:00 PM,6:30 PM,4:00 PM,6:30 PM,Olin Library,Van Houten Conference Room
10/28/2025 Tue,4:45 PM,5:30 PM,4:45 PM,5:30 PM,Kathleen W Rollins Hall,Room 136 - Meeting Room - CCLP Area
10/28/2025 Tue,4:45 PM,8:45 PM,4:45 PM,8:45 PM,Kathleen W Rollins Hall,Room 301 - Ourisman Meeting Room
10/28/2025 Tue,5:00 PM,7:00 PM,5:00 PM,7:00 PM,Bush Science Center,Room 200
10/28/2025 Tue,5:00 PM,6:00 PM,5:00 PM,6:00 PM,Bush Science Center,Room 308 
10/28/2025 Tue,5:00 PM,6:00 PM,5:00 PM,6:00 PM,Kathleen W Rollins Hall,Room 310 - Genius Scale-up Classroom
10/28/2025 Tue,5:00 PM,6:00 PM,5:00 PM,6:00 PM,Kathleen W Rollins Hall,Room 330 - Teaching Seminar Room
10/28/2025 Tue,5:30 PM,6:30 PM,5:30 PM,6:30 PM,Kathleen W Rollins Hall,Room 340 - Galloway Seminar Meeting Room
10/28/2025 Tue,6:00 PM,10:00 PM,7:00 PM,9:00 PM,Bush Science Center,Bush Auditorium and Lobby
10/28/2025 Tue,7:45 PM,9:00 PM,7:45 PM,9:00 PM,Kathleen W Rollins Hall,Mills Lawn
10/29/2025 Wed,8:45 AM,10:15 AM,8:45 AM,10:15 AM,Olin Library,Room 220 - Center for Creativity (Mac) 
10/29/2025 Wed,9:00 AM,2:00 PM,10:30 AM,12:30 PM,Kathleen W Rollins Hall,Room 300 - Galloway Room 
10/29/2025 Wed,9:00 AM,1:30 PM,9:00 AM,1:30 PM,Kathleen W Rollins Hall,Room 301 - Ourisman Meeting Room
10/29/2025 Wed,9:00 AM,10:00 AM,9:00 AM,10:00 AM,Olin Library,Van Houten Conference Room
10/29/2025 Wed,9:30 AM,10:45 AM,9:30 AM,10:45 AM,Bush Science Center,Room 274 - Operant Lab/Seminar - Operant Lab Prior
10/29/2025 Wed,10:00 AM,11:00 AM,10:00 AM,11:00 AM,Kathleen W Rollins Hall,Room 340 - Galloway Seminar Meeting Room
10/29/2025 Wed,11:00 AM,12:00 PM,11:00 AM,12:00 PM,Kathleen W Rollins Hall,Room 330 - Teaching Seminar Room
10/29/2025 Wed,12:00 PM,3:30 PM,1:00 PM,3:30 PM,Bush Science Center,Bush Auditorium and Lobby
10/29/2025 Wed,12:00 PM,1:00 PM,12:00 PM,1:00 PM,Kathleen W Rollins Hall,Room 230 - Conference Room - CLCE Area
10/29/2025 Wed,2:00 PM,6:00 PM,2:00 PM,6:00 PM,Kathleen W Rollins Hall,Room 241 - Conference Room - Hub/SE/Acad Adv Area
10/29/2025 Wed,2:00 PM,3:30 PM,2:00 PM,3:30 PM,Kathleen W Rollins Hall,Room 330 - Teaching Seminar Room
10/29/2025 Wed,3:45 PM,4:30 PM,3:45 PM,4:30 PM,Bush Science Center,Room 164 - Physics Priority
10/29/2025 Wed,4:00 PM,6:00 PM,4:00 PM,6:00 PM,Bush Science Center,Room 176 - Smart Classroom 
10/29/2025 Wed,4:00 PM,5:00 PM,4:00 PM,5:00 PM,Kathleen W Rollins Hall,Room 340 - Galloway Seminar Meeting Room
10/29/2025 Wed,5:00 PM,7:00 PM,5:00 PM,7:00 PM,Kathleen W Rollins Hall,Fountain Entrance Lobby & Gathering Stairs
10/29/2025 Wed,5:00 PM,7:00 PM,5:00 PM,7:00 PM,Kathleen W Rollins Hall,Room 330 - Teaching Seminar Room
10/29/2025 Wed,5:30 PM,10:30 PM,7:00 PM,9:00 PM,Kathleen W Rollins Hall,Room 300 - Galloway Room 
10/29/2025 Wed,7:00 PM,8:30 PM,7:00 PM,8:30 PM,Bush Science Center,Room 201
10/30/2025 Thu,8:00 AM,9:00 AM,8:00 AM,9:00 AM,Kathleen W Rollins Hall,Fountain Entrance Lobby & Gathering Stairs
10/30/2025 Thu,8:00 AM,12:15 PM,9:30 AM,10:45 AM,Kathleen W Rollins Hall,Room 300 - Galloway Room 
10/30/2025 Thu,9:30 AM,10:30 AM,9:30 AM,10:30 AM,Kathleen W Rollins Hall,Room 149 - Conference Room - Academic Adv Area
10/30/2025 Thu,9:30 AM,10:30 AM,9:30 AM,10:30 AM,Kathleen W Rollins Hall,Room 230 - Conference Room - CLCE Area
10/30/2025 Thu,10:00 AM,11:30 AM,10:00 AM,11:30 AM,Bush Science Center,Room 200
10/30/2025 Thu,10:00 AM,1:00 PM,11:00 AM,12:00 PM,Olin Library,Room 230 - Library Meeting Room
10/30/2025 Thu,10:00 AM,3:30 PM,11:30 AM,2:00 PM,Kathleen W Rollins Hall,Tars Plaza
10/30/2025 Thu,11:00 AM,3:00 PM,12:00 PM,2:00 PM,Bush Science Center,Bush Auditorium and Lobby
10/30/2025 Thu,11:00 AM,2:00 PM,12:00 PM,2:00 PM,Kathleen W Rollins Hall,Mills Foyer
10/30/2025 Thu,11:00 AM,6:00 PM,11:00 AM,6:00 PM,Kathleen W Rollins Hall,Room 241 - Conference Room - Hub/SE/Acad Adv Area
10/30/2025 Thu,11:00 AM,12:00 PM,11:00 AM,12:00 PM,Kathleen W Rollins Hall,Room 330 - Teaching Seminar Room
10/30/2025 Thu,12:00 PM,2:00 PM,12:00 PM,2:00 PM,Kathleen W Rollins Hall,Room 110 - Conference Room - Campus Media Area
10/30/2025 Thu,12:00 PM,2:00 PM,12:00 PM,2:00 PM,Kathleen W Rollins Hall,Room 340 - Galloway Seminar Meeting Room
10/30/2025 Thu,12:15 PM,2:00 PM,12:15 PM,2:00 PM,Bush Science Center,Room 176 - Smart Classroom 
10/30/2025 Thu,12:15 PM,1:45 PM,12:15 PM,1:45 PM,Bush Science Center,Room 277 - Seminar Room 
10/30/2025 Thu,12:30 PM,1:45 PM,12:30 PM,1:45 PM,Bush Science Center,Room 201
10/30/2025 Thu,12:30 PM,1:50 PM,12:30 PM,1:50 PM,Bush Science Center,Room 208
10/30/2025 Thu,12:30 PM,1:15 PM,12:30 PM,1:15 PM,Bush Science Center,Room 210 
10/30/2025 Thu,12:30 PM,1:45 PM,12:30 PM,1:45 PM,Kathleen W Rollins Hall,Room 310 - Genius Scale-up Classroom
10/30/2025 Thu,12:30 PM,1:45 PM,12:30 PM,1:45 PM,Kathleen W Rollins Hall,Room 330 - Teaching Seminar Room
10/30/2025 Thu,1:00 PM,2:00 PM,1:00 PM,2:00 PM,Kathleen W Rollins Hall,Room 149 - Conference Room - Academic Adv Area
10/30/2025 Thu,2:00 PM,5:00 PM,2:00 PM,5:00 PM,Kathleen W Rollins Hall,Fox Den
10/30/2025 Thu,2:00 PM,5:00 PM,2:00 PM,5:00 PM,Bush Science Center,Room 200
10/30/2025 Thu,2:00 PM,3:00 PM,2:00 PM,3:00 PM,Kathleen W Rollins Hall,Room 230 - Conference Room - CLCE Area
10/30/2025 Thu,2:30 PM,3:30 PM,2:30 PM,3:30 PM,Bush Science Center,Room 260 - Chemistry Lab Pre-Lab/Seminar Room
10/30/2025 Thu,3:00 PM,10:00 PM,4:00 PM,9:00 PM,Olin Library,Room 230 - Library Meeting Room
10/30/2025 Thu,3:30 PM,4:45 PM,3:30 PM,4:45 PM,Kathleen W Rollins Hall,Room 131 - Conference Room - CCLP Area
10/30/2025 Thu,4:00 PM,6:00 PM,4:00 PM,6:00 PM,Bush Science Center,Room 176 - Smart Classroom 
10/30/2025 Thu,4:00 PM,6:30 PM,4:00 PM,6:30 PM,Olin Library,Van Houten Conference Room
10/30/2025 Thu,4:30 PM,11:30 PM,6:00 PM,10:00 PM,Olin Library,Olin Lawn
10/30/2025 Thu,4:45 PM,5:30 PM,4:45 PM,5:30 PM,Kathleen W Rollins Hall,Room 136 - Meeting Room - CCLP Area
10/30/2025 Thu,5:00 PM,7:00 PM,5:00 PM,7:00 PM,Bush Science Center,Room 164 - Physics Priority
10/30/2025 Thu,5:00 PM,7:00 PM,5:00 PM,7:00 PM,Bush Science Center,Room 200
10/30/2025 Thu,5:00 PM,7:00 PM,5:00 PM,7:00 PM,Bush Science Center,Room 210 
10/30/2025 Thu,5:00 PM,9:00 PM,5:00 PM,9:00 PM,Olin Library,Room 220 - Center for Creativity (Mac) 
10/30/2025 Thu,5:00 PM,9:00 PM,5:00 PM,9:00 PM,Olin Library,Room 225 - Teaching Computer Lab (PC)
10/30/2025 Thu,5:00 PM,6:00 PM,5:00 PM,6:00 PM,Kathleen W Rollins Hall,Room 230 - Conference Room - CLCE Area
10/30/2025 Thu,5:00 PM,6:00 PM,5:00 PM,6:00 PM,Kathleen W Rollins Hall,Room 310 - Genius Scale-up Classroom
10/30/2025 Thu,5:00 PM,6:00 PM,5:00 PM,6:00 PM,Kathleen W Rollins Hall,Room 340 - Galloway Seminar Meeting Room
10/30/2025 Thu,6:00 PM,8:00 PM,6:00 PM,8:00 PM,Kathleen W Rollins Hall,Room 136 - Meeting Room - CCLP Area
10/30/2025 Thu,7:00 PM,9:00 PM,7:00 PM,9:00 PM,Kathleen W Rollins Hall,Room 128 - Screening Room
10/31/2025 Fri,6:00 AM,12:00 PM,7:30 AM,12:00 PM,Kathleen W Rollins Hall,Tars Plaza
10/31/2025 Fri,7:30 AM,11:30 AM,9:00 AM,10:00 AM,Olin Library,Olin Lawn
10/31/2025 Fri,8:00 AM,10:00 AM,8:00 AM,10:00 AM,Bush Science Center,Room 176 - Smart Classroom 
10/31/2025 Fri,9:00 AM,10:00 AM,9:00 AM,10:00 AM,Kathleen W Rollins Hall,Fox Den
10/31/2025 Fri,10:00 AM,12:00 PM,10:00 AM,12:00 PM,Bush Science Center,Room 310 - Computer Lab (Mac)
10/31/2025 Fri,11:00 AM,4:00 PM,11:00 AM,4:00 PM,Kathleen W Rollins Hall,Room 241 - Conference Room - Hub/SE/Acad Adv Area
10/31/2025 Fri,12:00 PM,1:00 PM,12:00 PM,1:00 PM,Kathleen W Rollins Hall,Mills Lawn
10/31/2025 Fri,2:15 PM,4:00 PM,2:15 PM,4:00 PM,Kathleen W Rollins Hall,Room 230 - Conference Room - CLCE Area
11/1/2025 Sat,11:00 AM,9:00 PM,11:00 AM,9:00 PM,Bush Science Center,Bush Auditorium and Lobby
11/1/2025 Sat,11:00 AM,9:00 PM,11:00 AM,9:00 PM,Bush Science Center,Room 212
11/1/2025 Sat,11:00 AM,9:00 PM,11:00 AM,9:00 PM,Bush Science Center,Room 228
11/2/2025 Sun,2:00 PM,3:30 PM,2:00 PM,3:30 PM,Kathleen W Rollins Hall,Room 131 - Conference Room - CCLP Area
11/2/2025 Sun,2:00 PM,6:00 PM,2:00 PM,6:00 PM,Kathleen W Rollins Hall,Room 340 - Galloway Seminar Meeting Room
11/2/2025 Sun,5:00 PM,10:00 PM,5:30 PM,9:30 PM,Bush Science Center,Bush Auditorium and Lobby
11/2/2025 Sun,5:00 PM,8:30 PM,5:00 PM,8:30 PM,Kathleen W Rollins Hall,Room 310 - Genius Scale-up Classroom
11/2/2025 Sun,5:30 PM,10:00 PM,7:00 PM,8:30 PM,Kathleen W Rollins Hall,Room 300 - Galloway Room 
11/2/2025 Sun,5:30 PM,6:30 PM,5:30 PM,6:30 PM,Olin Library,Van Houten Conference Room
11/2/2025 Sun,6:00 PM,9:30 PM,6:00 PM,9:30 PM,Bush Science Center,Room 201
11/3/2025 Mon,9:30 AM,11:30 AM,9:30 AM,11:30 AM,Olin Library,Room 230 - Library Meeting Room
11/3/2025 Mon,9:30 AM,10:45 AM,9:30 AM,10:45 AM,Bush Science Center,Room 274 - Operant Lab/Seminar - Operant Lab Prior
11/3/2025 Mon,10:00 AM,2:30 PM,11:30 AM,1:00 PM,Olin Library,Olin Lawn
11/3/2025 Mon,10:30 AM,2:30 PM,10:30 AM,2:30 PM,Kathleen W Rollins Hall,Room 114 - Meeting Room - Campus Media Area
11/3/2025 Mon,10:30 AM,11:00 AM,10:30 AM,11:00 AM,Kathleen W Rollins Hall,Room 230 - Conference Room - CLCE Area
11/3/2025 Mon,11:00 AM,1:00 PM,11:00 AM,1:00 PM,Bush Science Center,Room 274 - Operant Lab/Seminar - Operant Lab Prior
11/3/2025 Mon,11:45 AM,1:15 PM,11:45 AM,1:15 PM,Kathleen W Rollins Hall,Room 230 - Conference Room - CLCE Area
11/3/2025 Mon,11:45 AM,3:30 PM,12:45 PM,2:30 PM,Olin Library,Room 230 - Library Meeting Room
11/3/2025 Mon,12:30 PM,2:30 PM,12:30 PM,2:30 PM,Bush Science Center,Room 123 - Seminar/Green Room - Sci Div Priority
11/3/2025 Mon,2:30 PM,3:30 PM,2:30 PM,3:30 PM,Kathleen W Rollins Hall,Room 230 - Conference Room - CLCE Area
11/3/2025 Mon,2:30 PM,4:00 PM,2:30 PM,4:00 PM,Kathleen W Rollins Hall,Room 241 - Conference Room - Hub/SE/Acad Adv Area
11/3/2025 Mon,3:45 PM,4:30 PM,3:45 PM,4:30 PM,Kathleen W Rollins Hall,Room 136 - Meeting Room - CCLP Area
11/3/2025 Mon,3:45 PM,5:00 PM,3:45 PM,5:00 PM,Kathleen W Rollins Hall,Room 230 - Conference Room - CLCE Area
11/3/2025 Mon,4:00 PM,5:30 PM,4:00 PM,5:30 PM,Bush Science Center,Room 176 - Smart Classroom 
11/3/2025 Mon,4:00 PM,5:30 PM,4:00 PM,5:30 PM,Kathleen W Rollins Hall,Room 310 - Genius Scale-up Classroom
11/3/2025 Mon,4:00 PM,5:00 PM,4:00 PM,5:00 PM,Kathleen W Rollins Hall,Room 330 - Teaching Seminar Room
11/3/2025 Mon,4:00 PM,5:00 PM,4:00 PM,5:00 PM,Kathleen W Rollins Hall,Room 340 - Galloway Seminar Meeting Room
11/3/2025 Mon,5:00 PM,11:00 PM,6:00 PM,10:00 PM,Bush Science Center,Bush Auditorium and Lobby
11/3/2025 Mon,5:30 PM,7:00 PM,5:30 PM,7:00 PM,Kathleen W Rollins Hall,Room 340 - Galloway Seminar Meeting Room
11/3/2025 Mon,6:00 PM,6:30 PM,6:00 PM,6:30 PM,Bush Science Center,Room 176 - Smart Classroom 
11/3/2025 Mon,6:00 PM,7:00 PM,6:00 PM,7:00 PM,Bush Science Center,Room 200
11/3/2025 Mon,6:00 PM,9:00 PM,6:00 PM,9:00 PM,Bush Science Center,Room 210 
11/3/2025 Mon,6:00 PM,9:00 PM,6:00 PM,9:00 PM,Bush Science Center,Room 274 - Operant Lab/Seminar - Operant Lab Prior
11/3/2025 Mon,6:00 PM,8:00 PM,6:00 PM,8:00 PM,Kathleen W Rollins Hall,Room 310 - Genius Scale-up Classroom
11/3/2025 Mon,6:00 PM,7:30 PM,6:00 PM,7:30 PM,Kathleen W Rollins Hall,Room 320 - Hauske Scale-up Classroom
11/3/2025 Mon,6:00 PM,7:30 PM,6:00 PM,7:30 PM,Kathleen W Rollins Hall,Room 330 - Teaching Seminar Room
11/3/2025 Mon,6:30 PM,10:00 PM,6:30 PM,10:00 PM,Bush Science Center,Room 176 - Smart Classroom 
11/3/2025 Mon,7:00 PM,9:00 PM,7:00 PM,9:00 PM,Kathleen W Rollins Hall,Mills Lawn
11/3/2025 Mon,7:00 PM,9:00 PM,7:00 PM,9:00 PM,Bush Science Center,Room 201
11/4/2025 Tue,6:00 AM,7:00 AM,6:00 AM,7:00 AM,Kathleen W Rollins Hall,Mills Lawn
11/4/2025 Tue,8:30 AM,12:00 PM,9:30 AM,11:00 AM,Bush Science Center,Bush Auditorium and Lobby
11/4/2025 Tue,9:30 AM,11:00 AM,9:30 AM,11:00 AM,Kathleen W Rollins Hall,Room 131 - Conference Room - CCLP Area
11/4/2025 Tue,10:00 AM,11:00 AM,10:00 AM,11:00 AM,Kathleen W Rollins Hall,Room 230 - Conference Room - CLCE Area
11/4/2025 Tue,10:30 AM,3:30 PM,12:00 PM,2:00 PM,Kathleen W Rollins Hall,Mills Lawn
11/4/2025 Tue,10:30 AM,3:30 PM,12:00 PM,2:00 PM,Kathleen W Rollins Hall,Room 300 - Galloway Room 
11/4/2025 Tue,11:00 AM,12:00 PM,11:00 AM,12:00 PM,Kathleen W Rollins Hall,Room 149 - Conference Room - Academic Adv Area
11/4/2025 Tue,12:00 PM,2:00 PM,12:00 PM,2:00 PM,Kathleen W Rollins Hall,Room 110 - Conference Room - Campus Media Area
11/4/2025 Tue,12:00 PM,5:00 PM,12:00 PM,5:00 PM,Kathleen W Rollins Hall,Room 241 - Conference Room - Hub/SE/Acad Adv Area
11/4/2025 Tue,12:15 PM,1:45 PM,12:15 PM,1:45 PM,Bush Science Center,Room 277 - Seminar Room 
11/4/2025 Tue,12:15 PM,1:45 PM,12:15 PM,1:45 PM,Kathleen W Rollins Hall,Room 330 - Teaching Seminar Room
11/4/2025 Tue,12:30 PM,1:30 PM,12:30 PM,1:30 PM,Kathleen W Rollins Hall,Room 149 - Conference Room - Academic Adv Area
11/4/2025 Tue,12:30 PM,1:45 PM,12:30 PM,1:45 PM,Bush Science Center,Room 201
11/4/2025 Tue,12:30 PM,1:30 PM,12:30 PM,1:30 PM,Bush Science Center,Room 202
11/4/2025 Tue,12:30 PM,1:30 PM,12:30 PM,1:30 PM,Kathleen W Rollins Hall,Room 230 - Conference Room - CLCE Area
11/4/2025 Tue,12:30 PM,1:45 PM,12:30 PM,1:45 PM,Kathleen W Rollins Hall,Room 310 - Genius Scale-up Classroom
11/4/2025 Tue,12:30 PM,1:30 PM,12:30 PM,1:30 PM,Kathleen W Rollins Hall,Room 340 - Galloway Seminar Meeting Room
11/4/2025 Tue,2:00 PM,3:00 PM,2:00 PM,3:00 PM,Kathleen W Rollins Hall,Room 149 - Conference Room - Academic Adv Area
11/4/2025 Tue,2:00 PM,3:00 PM,2:00 PM,3:00 PM,Olin Library,Room 230 - Library Meeting Room
11/4/2025 Tue,2:00 PM,4:00 PM,2:00 PM,4:00 PM,Kathleen W Rollins Hall,Room 330 - Teaching Seminar Room
11/4/2025 Tue,2:30 PM,3:30 PM,2:30 PM,3:30 PM,Bush Science Center,Room 260 - Chemistry Lab Pre-Lab/Seminar Room
11/4/2025 Tue,3:30 PM,7:30 PM,4:30 PM,6:30 PM,Bush Science Center,Bush Auditorium and Lobby
11/4/2025 Tue,4:00 PM,7:00 PM,4:00 PM,7:00 PM,Kathleen W Rollins Hall,Room 330 - Teaching Seminar Room
11/4/2025 Tue,4:00 PM,5:00 PM,4:00 PM,5:00 PM,Kathleen W Rollins Hall,Room 340 - Galloway Seminar Meeting Room
11/4/2025 Tue,4:00 PM,6:30 PM,4:00 PM,6:30 PM,Olin Library,Van Houten Conference Room
11/4/2025 Tue,4:30 PM,9:30 PM,4:30 PM,9:30 PM,Kathleen W Rollins Hall,Room 128 - Screening Room
11/4/2025 Tue,4:45 PM,5:45 PM,4:45 PM,5:45 PM,Kathleen W Rollins Hall,Room 131 - Conference Room - CCLP Area
11/4/2025 Tue,5:00 PM,6:00 PM,5:00 PM,6:00 PM,Bush Science Center,Room 164 - Physics Priority
11/4/2025 Tue,5:00 PM,7:00 PM,5:00 PM,7:00 PM,Bush Science Center,Room 200
11/4/2025 Tue,5:00 PM,6:00 PM,5:00 PM,6:00 PM,Bush Science Center,Room 201
11/4/2025 Tue,5:00 PM,6:00 PM,5:00 PM,6:00 PM,Bush Science Center,Room 202
11/4/2025 Tue,5:00 PM,6:00 PM,5:00 PM,6:00 PM,Kathleen W Rollins Hall,Room 310 - Genius Scale-up Classroom
11/4/2025 Tue,5:00 PM,9:00 PM,5:00 PM,9:00 PM,Kathleen W Rollins Hall,Room 340 - Galloway Seminar Meeting Room
11/4/2025 Tue,7:00 PM,8:30 PM,7:00 PM,8:30 PM,Kathleen W Rollins Hall,Room 131 - Conference Room - CCLP Area
11/4/2025 Tue,7:15 PM,9:15 PM,7:15 PM,9:15 PM,Bush Science Center,Room 176 - Smart Classroom 
11/5/2025 Wed,7:30 AM,10:30 AM,9:00 AM,10:00 AM,Kathleen W Rollins Hall,Room 300 - Galloway Room 
11/5/2025 Wed,8:30 AM,1:30 PM,10:00 AM,12:00 PM,Olin Library,Olin Lawn
11/5/2025 Wed,9:00 AM,12:30 PM,10:00 AM,11:30 AM,Olin Library,Room 230 - Library Meeting Room
11/5/2025 Wed,9:30 AM,10:45 AM,9:30 AM,10:45 AM,Bush Science Center,Room 274 - Operant Lab/Seminar - Operant Lab Prior
11/5/2025 Wed,10:30 AM,3:00 PM,12:00 PM,2:00 PM,Kathleen W Rollins Hall,Room 300 - Galloway Room 
11/5/2025 Wed,11:00 AM,12:00 PM,11:00 AM,12:00 PM,Kathleen W Rollins Hall,Room 330 - Teaching Seminar Room
11/5/2025 Wed,12:00 PM,1:00 PM,12:00 PM,1:00 PM,Kathleen W Rollins Hall,Room 230 - Conference Room - CLCE Area
11/5/2025 Wed,12:00 PM,1:00 PM,12:00 PM,1:00 PM,Kathleen W Rollins Hall,Room 340 - Galloway Seminar Meeting Room
11/5/2025 Wed,1:00 PM,2:00 PM,1:00 PM,2:00 PM,Kathleen W Rollins Hall,Fountain Entrance Lobby & Gathering Stairs
11/5/2025 Wed,1:00 PM,2:00 PM,1:00 PM,2:00 PM,Olin Library,Room 220 - Center for Creativity (Mac) 
11/5/2025 Wed,2:00 PM,6:00 PM,2:00 PM,6:00 PM,Kathleen W Rollins Hall,Room 241 - Conference Room - Hub/SE/Acad Adv Area
11/5/2025 Wed,2:00 PM,3:30 PM,2:00 PM,3:30 PM,Kathleen W Rollins Hall,Room 330 - Teaching Seminar Room
11/5/2025 Wed,3:30 PM,4:30 PM,3:30 PM,4:30 PM,Bush Science Center,Room 200
11/5/2025 Wed,3:30 PM,5:00 PM,3:30 PM,5:00 PM,Olin Library,Room 220 - Center for Creativity (Mac) 
11/5/2025 Wed,3:30 PM,5:00 PM,3:30 PM,5:00 PM,Kathleen W Rollins Hall,Room 340 - Galloway Seminar Meeting Room
11/5/2025 Wed,4:00 PM,5:00 PM,4:00 PM,5:00 PM,Kathleen W Rollins Hall,Room 310 - Genius Scale-up Classroom
11/5/2025 Wed,4:30 PM,9:30 PM,5:30 PM,8:30 PM,Olin Library,Room 230 - Library Meeting Room
11/5/2025 Wed,5:00 PM,6:00 PM,5:00 PM,6:00 PM,Kathleen W Rollins Hall,Room 128 - Screening Room
11/5/2025 Wed,5:00 PM,7:00 PM,5:00 PM,7:00 PM,Kathleen W Rollins Hall,Room 330 - Teaching Seminar Room
11/5/2025 Wed,5:30 PM,10:30 PM,7:00 PM,9:00 PM,Kathleen W Rollins Hall,Room 300 - Galloway Room 
11/5/2025 Wed,6:30 PM,8:00 PM,6:30 PM,8:00 PM,Kathleen W Rollins Hall,Room 230 - Conference Room - CLCE Area
11/5/2025 Wed,6:30 PM,8:00 PM,6:30 PM,8:00 PM,Kathleen W Rollins Hall,Room 241 - Conference Room - Hub/SE/Acad Adv Area
11/5/2025 Wed,7:00 PM,8:30 PM,7:00 PM,8:30 PM,Bush Science Center,Room 201
11/6/2025 Thu,7:00 AM,10:00 PM,8:00 AM,9:00 PM,Bush Science Center,Bush Auditorium and Lobby
11/6/2025 Thu,7:30 AM,4:30 PM,9:00 AM,3:00 PM,Kathleen W Rollins Hall,Mills Lawn
11/6/2025 Thu,7:30 AM,4:30 PM,9:00 AM,3:00 PM,Kathleen W Rollins Hall,Room 300 - Galloway Room 
11/6/2025 Thu,9:00 AM,3:00 PM,9:00 AM,3:00 PM,Kathleen W Rollins Hall,Fountain Entrance Lobby & Gathering Stairs
11/6/2025 Thu,9:00 AM,3:00 PM,9:00 AM,3:00 PM,Kathleen W Rollins Hall,Mills Foyer
11/6/2025 Thu,9:00 AM,2:00 PM,9:00 AM,2:00 PM,Kathleen W Rollins Hall,Room 240/240B - Social Impact Hub/Classroom
11/6/2025 Thu,9:00 AM,12:30 PM,9:00 AM,12:30 PM,Kathleen W Rollins Hall,Room 330 - Teaching Seminar Room
11/6/2025 Thu,9:00 AM,12:00 PM,9:00 AM,12:00 PM,Kathleen W Rollins Hall,Room 340 - Galloway Seminar Meeting Room
11/6/2025 Thu,9:30 AM,10:30 AM,9:30 AM,10:30 AM,Kathleen W Rollins Hall,Room 149 - Conference Room - Academic Adv Area
11/6/2025 Thu,11:00 AM,3:00 PM,12:00 PM,2:00 PM,Olin Library,Room 230 - Library Meeting Room
11/6/2025 Thu,11:00 AM,6:00 PM,11:00 AM,6:00 PM,Kathleen W Rollins Hall,Room 241 - Conference Room - Hub/SE/Acad Adv Area
11/6/2025 Thu,12:00 PM,2:00 PM,12:00 PM,2:00 PM,Kathleen W Rollins Hall,Room 110 - Conference Room - Campus Media Area
11/6/2025 Thu,12:00 PM,2:00 PM,12:00 PM,2:00 PM,Kathleen W Rollins Hall,Room 340 - Galloway Seminar Meeting Room
11/6/2025 Thu,12:15 PM,1:45 PM,12:15 PM,1:45 PM,Bush Science Center,Room 277 - Seminar Room 
11/6/2025 Thu,12:15 PM,2:00 PM,12:15 PM,2:00 PM,Kathleen W Rollins Hall,Room 310 - Genius Scale-up Classroom
11/6/2025 Thu,12:30 PM,1:45 PM,12:30 PM,1:45 PM,Bush Science Center,Room 176 - Smart Classroom 
11/6/2025 Thu,12:30 PM,1:45 PM,12:30 PM,1:45 PM,Bush Science Center,Room 201
11/6/2025 Thu,12:30 PM,1:50 PM,12:30 PM,1:50 PM,Bush Science Center,Room 208
11/6/2025 Thu,12:30 PM,1:15 PM,12:30 PM,1:15 PM,Bush Science Center,Room 210 
11/6/2025 Thu,12:30 PM,1:30 PM,12:30 PM,1:30 PM,Kathleen W Rollins Hall,Room 320 - Hauske Scale-up Classroom
11/6/2025 Thu,12:30 PM,1:45 PM,12:30 PM,1:45 PM,Kathleen W Rollins Hall,Room 330 - Teaching Seminar Room
11/6/2025 Thu,1:00 PM,2:00 PM,1:00 PM,2:00 PM,Kathleen W Rollins Hall,Room 149 - Conference Room - Academic Adv Area
11/6/2025 Thu,2:00 PM,3:00 PM,2:00 PM,3:00 PM,Kathleen W Rollins Hall,Room 330 - Teaching Seminar Room
11/6/2025 Thu,2:30 PM,3:30 PM,2:30 PM,3:30 PM,Bush Science Center,Room 260 - Chemistry Lab Pre-Lab/Seminar Room
11/6/2025 Thu,3:15 PM,4:30 PM,3:15 PM,4:30 PM,Olin Library,Room 230 - Library Meeting Room
11/6/2025 Thu,4:00 PM,6:00 PM,4:00 PM,6:00 PM,Bush Science Center,Room 176 - Smart Classroom 
11/6/2025 Thu,4:00 PM,5:45 PM,4:00 PM,5:45 PM,Kathleen W Rollins Hall,Room 340 - Galloway Seminar Meeting Room
11/6/2025 Thu,4:00 PM,6:30 PM,4:00 PM,6:30 PM,Olin Library,Van Houten Conference Room
11/6/2025 Thu,4:30 PM,6:00 PM,5:00 PM,6:00 PM,Olin Library,Room 230 - Library Meeting Room
11/6/2025 Thu,4:45 PM,8:45 PM,4:45 PM,8:45 PM,Kathleen W Rollins Hall,Room 301 - Ourisman Meeting Room
11/6/2025 Thu,5:00 PM,7:00 PM,5:00 PM,7:00 PM,Bush Science Center,Room 200
11/6/2025 Thu,5:00 PM,7:00 PM,5:00 PM,7:00 PM,Bush Science Center,Room 210 
11/6/2025 Thu,5:00 PM,6:00 PM,5:00 PM,6:00 PM,Kathleen W Rollins Hall,Room 230 - Conference Room - CLCE Area
11/6/2025 Thu,5:00 PM,7:00 PM,5:00 PM,7:00 PM,Kathleen W Rollins Hall,Room 300 - Galloway Room 
11/6/2025 Thu,5:00 PM,5:30 PM,5:00 PM,5:30 PM,Kathleen W Rollins Hall,Room 310 - Genius Scale-up Classroom
11/6/2025 Thu,5:00 PM,8:00 PM,5:00 PM,8:00 PM,Kathleen W Rollins Hall,Room 320 - Hauske Scale-up Classroom
11/6/2025 Thu,5:00 PM,6:00 PM,5:00 PM,6:00 PM,Kathleen W Rollins Hall,Room 330 - Teaching Seminar Room
11/6/2025 Thu,5:30 PM,6:30 PM,5:30 PM,6:30 PM,Bush Science Center,Room 201
11/6/2025 Thu,6:00 PM,7:00 PM,6:00 PM,7:00 PM,Bush Science Center,Room 308 
11/6/2025 Thu,6:00 PM,7:00 PM,6:00 PM,7:00 PM,Kathleen W Rollins Hall,Room 330 - Teaching Seminar Room
11/6/2025 Thu,6:00 PM,7:00 PM,6:00 PM,7:00 PM,Kathleen W Rollins Hall,Room 340 - Galloway Seminar Meeting Room
11/6/2025 Thu,7:00 PM,9:00 PM,7:00 PM,9:00 PM,Kathleen W Rollins Hall,Room 128 - Screening Room
11/7/2025 Fri,7:00 AM,7:00 PM,10:00 AM,4:00 PM,Bush Science Center,Bush Auditorium and Lobby
11/7/2025 Fri,7:00 AM,5:00 PM,10:30 AM,3:30 PM,Bush Science Center,Bush Lawn (Southside of building)
11/7/2025 Fri,7:00 AM,4:00 PM,2:00 PM,4:00 PM,Kathleen W Rollins Hall,Room 300 - Galloway Room 
11/7/2025 Fri,7:30 AM,11:00 AM,8:00 AM,10:30 AM,Kathleen W Rollins Hall,Tars Plaza
11/7/2025 Fri,8:00 AM,9:00 AM,8:00 AM,9:00 AM,Kathleen W Rollins Hall,Room 131 - Conference Room - CCLP Area
11/7/2025 Fri,8:00 AM,9:00 AM,8:00 AM,9:00 AM,Bush Science Center,Room 260 - Chemistry Lab Pre-Lab/Seminar Room
11/7/2025 Fri,11:00 AM,10:30 PM,3:00 PM,6:00 PM,Kathleen W Rollins Hall,Mills Lawn
11/7/2025 Fri,11:00 AM,4:00 PM,11:00 AM,4:00 PM,Kathleen W Rollins Hall,Room 241 - Conference Room - Hub/SE/Acad Adv Area
11/7/2025 Fri,12:00 PM,6:00 PM,4:00 PM,5:30 PM,Bush Science Center,Bush Atrium - Student Priority
11/7/2025 Fri,12:00 PM,1:00 PM,12:00 PM,1:00 PM,Bush Science Center,Room 274 - Operant Lab/Seminar - Operant Lab Prior
11/7/2025 Fri,12:00 PM,2:00 PM,12:00 PM,2:00 PM,Kathleen W Rollins Hall,Room 330 - Teaching Seminar Room
11/7/2025 Fri,1:00 PM,2:15 PM,1:00 PM,2:15 PM,Bush Science Center,Room 201
11/7/2025 Fri,4:00 PM,10:15 PM,5:30 PM,9:30 PM,Kathleen W Rollins Hall,Room 300 - Galloway Room 
11/7/2025 Fri,4:00 PM,10:15 PM,5:30 PM,9:30 PM,Kathleen W Rollins Hall,Room 340 - Galloway Seminar Meeting Room
11/7/2025 Fri,5:00 PM,7:00 PM,5:00 PM,7:00 PM,Bush Science Center,Room 176 - Smart Classroom 
11/7/2025 Fri,5:00 PM,8:00 PM,5:00 PM,8:00 PM,Kathleen W Rollins Hall,Room 310 - Genius Scale-up Classroom
11/7/2025 Fri,5:30 PM,6:15 PM,5:30 PM,6:15 PM,Kathleen W Rollins Hall,Room 320 - Hauske Scale-up Classroom
11/7/2025 Fri,7:00 PM,10:00 PM,7:00 PM,10:00 PM,Kathleen W Rollins Hall,Room 128 - Screening Room
11/7/2025 Fri,7:30 PM,8:30 PM,7:30 PM,8:30 PM,Kathleen W Rollins Hall,Room 330 - Teaching Seminar Room
11/8/2025 Sat,6:30 AM,8:30 PM,8:00 AM,1:00 PM,Bush Science Center,Bush Lawn (Southside of building)
11/8/2025 Sat,6:30 AM,12:00 PM,9:00 AM,12:00 PM,Kathleen W Rollins Hall,Tars Plaza
11/8/2025 Sat,7:00 AM,10:30 AM,7:00 AM,10:30 AM,Kathleen W Rollins Hall,Fox Den
11/8/2025 Sat,8:00 AM,10:00 PM,11:00 AM,12:00 PM,Bush Science Center,Bush Auditorium and Lobby
11/8/2025 Sat,8:00 AM,8:00 PM,8:00 AM,8:00 PM,Bush Science Center,Room 176 - Smart Classroom 
11/8/2025 Sat,8:00 AM,8:00 PM,8:00 AM,8:00 PM,Kathleen W Rollins Hall,Room 310 - Genius Scale-up Classroom
11/8/2025 Sat,8:00 AM,8:00 PM,8:00 AM,8:00 PM,Kathleen W Rollins Hall,Room 320 - Hauske Scale-up Classroom
11/8/2025 Sat,8:00 AM,8:00 PM,8:00 AM,8:00 PM,Kathleen W Rollins Hall,Room 330 - Teaching Seminar Room
11/8/2025 Sat,8:00 AM,8:00 PM,8:00 AM,8:00 PM,Kathleen W Rollins Hall,Room 340 - Galloway Seminar Meeting Room
11/8/2025 Sat,9:00 AM,1:00 PM,10:30 AM,12:00 PM,Kathleen W Rollins Hall,Mills Foyer
11/8/2025 Sat,9:00 AM,10:30 PM,1:00 PM,3:30 PM,Kathleen W Rollins Hall,Room 300 - Galloway Room 
11/8/2025 Sat,10:00 AM,3:00 PM,10:00 AM,3:00 PM,Bush Science Center,Room 164 - Physics Priority
11/8/2025 Sat,11:00 AM,12:00 PM,11:00 AM,12:00 PM,Bush Science Center,Bush Atrium - Student Priority
11/8/2025 Sat,12:00 PM,9:30 PM,6:00 PM,8:00 PM,Kathleen W Rollins Hall,Mills Lawn
11/9/2025 Sun,6:30 AM,2:30 PM,8:00 AM,1:00 PM,Bush Science Center,Bush Lawn (Southside of building)
11/9/2025 Sun,6:30 AM,2:30 PM,8:00 AM,1:00 PM,Kathleen W Rollins Hall,Mills Lawn
11/9/2025 Sun,6:30 AM,11:15 AM,8:00 AM,9:45 AM,Kathleen W Rollins Hall,Room 300 - Galloway Room 
11/9/2025 Sun,7:00 AM,2:00 PM,8:00 AM,1:00 PM,Bush Science Center,Bush Auditorium and Lobby
11/9/2025 Sun,8:00 AM,1:00 PM,8:00 AM,1:00 PM,Bush Science Center,Bush Atrium - Student Priority
11/9/2025 Sun,8:00 AM,12:00 PM,8:00 AM,12:00 PM,Bush Science Center,Room 176 - Smart Classroom 
11/9/2025 Sun,8:00 AM,12:00 PM,8:00 AM,12:00 PM,Kathleen W Rollins Hall,Room 310 - Genius Scale-up Classroom
11/9/2025 Sun,8:00 AM,12:00 PM,8:00 AM,12:00 PM,Kathleen W Rollins Hall,Room 320 - Hauske Scale-up Classroom
11/9/2025 Sun,8:00 AM,12:00 PM,8:00 AM,12:00 PM,Kathleen W Rollins Hall,Room 330 - Teaching Seminar Room
11/9/2025 Sun,8:00 AM,12:00 PM,8:00 AM,12:00 PM,Kathleen W Rollins Hall,Room 340 - Galloway Seminar Meeting Room
11/9/2025 Sun,5:00 PM,10:00 PM,5:30 PM,9:30 PM,Bush Science Center,Bush Auditorium and Lobby
11/9/2025 Sun,5:30 PM,10:00 PM,7:00 PM,8:30 PM,Kathleen W Rollins Hall,Room 300 - Galloway Room 
11/9/2025 Sun,5:30 PM,6:30 PM,5:30 PM,6:30 PM,Olin Library,Van Houten Conference Room
11/9/2025 Sun,6:00 PM,9:30 PM,6:00 PM,9:30 PM,Bush Science Center,Room 201
11/10/2025 Mon,9:30 AM,10:45 AM,9:30 AM,10:45 AM,Bush Science Center,Room 274 - Operant Lab/Seminar - Operant Lab Prior
11/10/2025 Mon,10:00 AM,12:00 PM,10:00 AM,12:00 PM,Kathleen W Rollins Hall,Room 330 - Teaching Seminar Room
11/10/2025 Mon,10:30 AM,3:30 PM,12:00 PM,2:30 PM,Bush Science Center,Bush Lawn (Southside of building)
11/10/2025 Mon,10:30 AM,11:00 AM,10:30 AM,11:00 AM,Kathleen W Rollins Hall,Room 230 - Conference Room - CLCE Area
11/10/2025 Mon,11:00 AM,1:00 PM,11:00 AM,1:00 PM,Bush Science Center,Room 274 - Operant Lab/Seminar - Operant Lab Prior
11/10/2025 Mon,11:30 AM,4:00 PM,1:00 PM,2:30 PM,Kathleen W Rollins Hall,Tars Plaza
11/10/2025 Mon,11:45 AM,1:15 PM,11:45 AM,1:15 PM,Kathleen W Rollins Hall,Room 230 - Conference Room - CLCE Area
11/10/2025 Mon,12:00 PM,1:30 PM,12:00 PM,1:30 PM,Kathleen W Rollins Hall,Room 330 - Teaching Seminar Room
11/10/2025 Mon,12:15 PM,1:15 PM,12:15 PM,1:15 PM,Kathleen W Rollins Hall,Room 149 - Conference Room - Academic Adv Area
11/10/2025 Mon,2:30 PM,3:30 PM,2:30 PM,3:30 PM,Kathleen W Rollins Hall,Room 230 - Conference Room - CLCE Area
11/10/2025 Mon,2:30 PM,4:00 PM,2:30 PM,4:00 PM,Kathleen W Rollins Hall,Room 241 - Conference Room - Hub/SE/Acad Adv Area
11/10/2025 Mon,2:45 PM,3:45 PM,2:45 PM,3:45 PM,Kathleen W Rollins Hall,Room 330 - Teaching Seminar Room
11/10/2025 Mon,4:00 PM,5:30 PM,4:00 PM,5:30 PM,Bush Science Center,Room 176 - Smart Classroom 
11/10/2025 Mon,4:00 PM,5:30 PM,4:00 PM,5:30 PM,Kathleen W Rollins Hall,Room 310 - Genius Scale-up Classroom
11/10/2025 Mon,4:00 PM,7:00 PM,4:00 PM,7:00 PM,Kathleen W Rollins Hall,Room 340 - Galloway Seminar Meeting Room
11/10/2025 Mon,5:00 PM,11:00 PM,6:00 PM,10:00 PM,Bush Science Center,Bush Auditorium and Lobby
11/10/2025 Mon,6:00 PM,7:00 PM,6:00 PM,7:00 PM,Bush Science Center,Room 200
11/10/2025 Mon,6:00 PM,9:00 PM,6:00 PM,9:00 PM,Bush Science Center,Room 308 
11/10/2025 Mon,6:00 PM,8:00 PM,6:00 PM,8:00 PM,Kathleen W Rollins Hall,Room 310 - Genius Scale-up Classroom
11/10/2025 Mon,6:00 PM,7:30 PM,6:00 PM,7:30 PM,Kathleen W Rollins Hall,Room 320 - Hauske Scale-up Classroom
11/10/2025 Mon,6:30 PM,10:00 PM,6:30 PM,10:00 PM,Bush Science Center,Room 176 - Smart Classroom 
11/10/2025 Mon,6:30 PM,10:30 PM,8:00 PM,9:00 PM,Kathleen W Rollins Hall,Room 300 - Galloway Room 
11/10/2025 Mon,7:00 PM,9:00 PM,7:00 PM,9:00 PM,Kathleen W Rollins Hall,Room 240/240B - Social Impact Hub/Classroom
11/11/2025 Tue,9:30 AM,11:00 AM,9:30 AM,11:00 AM,Kathleen W Rollins Hall,Room 131 - Conference Room - CCLP Area
11/11/2025 Tue,10:00 AM,11:00 AM,10:00 AM,11:00 AM,Kathleen W Rollins Hall,Room 230 - Conference Room - CLCE Area
11/11/2025 Tue,10:30 AM,2:00 PM,11:30 AM,1:00 PM,Olin Library,Room 230 - Library Meeting Room
11/11/2025 Tue,11:00 AM,12:00 PM,11:00 AM,12:00 PM,Kathleen W Rollins Hall,Room 149 - Conference Room - Academic Adv Area
11/11/2025 Tue,11:00 AM,2:00 PM,11:00 AM,2:00 PM,Kathleen W Rollins Hall,Room 301 - Ourisman Meeting Room
11/11/2025 Tue,12:00 PM,2:00 PM,12:00 PM,2:00 PM,Kathleen W Rollins Hall,Room 110 - Conference Room - Campus Media Area
11/11/2025 Tue,12:00 PM,1:00 PM,12:00 PM,1:00 PM,Kathleen W Rollins Hall,Room 128 - Screening Room
11/11/2025 Tue,12:00 PM,5:00 PM,12:00 PM,5:00 PM,Kathleen W Rollins Hall,Room 241 - Conference Room - Hub/SE/Acad Adv Area
11/11/2025 Tue,12:15 PM,1:45 PM,12:15 PM,1:45 PM,Bush Science Center,Room 201
11/11/2025 Tue,12:15 PM,1:45 PM,12:15 PM,1:45 PM,Bush Science Center,Room 277 - Seminar Room 
11/11/2025 Tue,12:15 PM,1:45 PM,12:15 PM,1:45 PM,Kathleen W Rollins Hall,Room 330 - Teaching Seminar Room
11/11/2025 Tue,12:30 PM,1:30 PM,12:30 PM,1:30 PM,Kathleen W Rollins Hall,Room 149 - Conference Room - Academic Adv Area
11/11/2025 Tue,12:30 PM,1:45 PM,12:30 PM,1:45 PM,Bush Science Center,Room 176 - Smart Classroom 
11/11/2025 Tue,12:30 PM,1:30 PM,12:30 PM,1:30 PM,Kathleen W Rollins Hall,Room 230 - Conference Room - CLCE Area
11/11/2025 Tue,12:30 PM,1:30 PM,12:30 PM,1:30 PM,Kathleen W Rollins Hall,Room 320 - Hauske Scale-up Classroom
11/11/2025 Tue,12:30 PM,1:45 PM,12:30 PM,1:45 PM,Kathleen W Rollins Hall,Room 340 - Galloway Seminar Meeting Room
11/11/2025 Tue,1:30 PM,2:30 PM,1:30 PM,2:30 PM,Kathleen W Rollins Hall,Room 114 - Meeting Room - Campus Media Area
11/11/2025 Tue,1:30 PM,4:00 PM,1:30 PM,4:00 PM,Kathleen W Rollins Hall,Room 141 - Meeting Room - CCLP Area
11/11/2025 Tue,1:30 PM,4:00 PM,1:30 PM,4:00 PM,Kathleen W Rollins Hall,Room 143 - Meeting Room - CCLP Area
11/11/2025 Tue,2:00 PM,5:00 PM,2:00 PM,5:00 PM,Kathleen W Rollins Hall,Room 110 - Conference Room - Campus Media Area
11/11/2025 Tue,2:00 PM,3:00 PM,2:00 PM,3:00 PM,Kathleen W Rollins Hall,Room 149 - Conference Room - Academic Adv Area
11/11/2025 Tue,2:00 PM,4:00 PM,2:00 PM,4:00 PM,Kathleen W Rollins Hall,Room 330 - Teaching Seminar Room
11/11/2025 Tue,2:30 PM,3:30 PM,2:30 PM,3:30 PM,Bush Science Center,Room 260 - Chemistry Lab Pre-Lab/Seminar Room
11/11/2025 Tue,3:15 PM,4:30 PM,3:15 PM,4:30 PM,Kathleen W Rollins Hall,Room 230 - Conference Room - CLCE Area
11/11/2025 Tue,4:00 PM,7:00 PM,5:00 PM,6:00 PM,Olin Library,Room 230 - Library Meeting Room
11/11/2025 Tue,4:00 PM,9:30 PM,5:30 PM,8:00 PM,Kathleen W Rollins Hall,Room 300 - Galloway Room 
11/11/2025 Tue,4:00 PM,6:30 PM,4:00 PM,6:30 PM,Olin Library,Van Houten Conference Room
11/11/2025 Tue,4:30 PM,8:30 PM,4:30 PM,8:30 PM,Kathleen W Rollins Hall,Room 301 - Ourisman Meeting Room
11/11/2025 Tue,5:00 PM,7:00 PM,5:00 PM,7:00 PM,Bush Science Center,Room 200
11/11/2025 Tue,5:00 PM,6:00 PM,5:00 PM,6:00 PM,Bush Science Center,Room 201
11/11/2025 Tue,5:00 PM,9:30 PM,6:00 PM,8:30 PM,Bush Science Center,Room 210 
11/11/2025 Tue,5:00 PM,6:00 PM,5:00 PM,6:00 PM,Bush Science Center,Room 308 
11/11/2025 Tue,5:00 PM,6:00 PM,5:00 PM,6:00 PM,Kathleen W Rollins Hall,Room 310 - Genius Scale-up Classroom
11/12/2025 Wed,9:00 AM,10:00 AM,9:00 AM,10:00 AM,Kathleen W Rollins Hall,Fountain Entrance Lobby & Gathering Stairs
11/12/2025 Wed,9:30 AM,10:45 AM,9:30 AM,10:45 AM,Bush Science Center,Room 274 - Operant Lab/Seminar - Operant Lab Prior
11/12/2025 Wed,10:00 AM,2:30 PM,11:30 AM,1:00 PM,Olin Library,Olin Lawn
11/12/2025 Wed,10:00 AM,2:00 PM,10:00 AM,2:00 PM,Kathleen W Rollins Hall,Room 149 - Conference Room - Academic Adv Area
11/12/2025 Wed,10:00 AM,10:30 AM,10:00 AM,10:30 AM,Kathleen W Rollins Hall,Room 241 - Conference Room - Hub/SE/Acad Adv Area
11/12/2025 Wed,11:00 AM,2:30 AM,11:00 AM,2:30 AM,Kathleen W Rollins Hall,Room 114 - Meeting Room - Campus Media Area
11/12/2025 Wed,11:00 AM,12:00 PM,11:00 AM,12:00 PM,Kathleen W Rollins Hall,Room 230 - Conference Room - CLCE Area
11/12/2025 Wed,11:00 AM,12:00 PM,11:00 AM,12:00 PM,Kathleen W Rollins Hall,Room 330 - Teaching Seminar Room
11/12/2025 Wed,12:00 PM,3:30 PM,12:00 PM,3:30 PM,Bush Science Center,Room 202
11/12/2025 Wed,12:00 PM,1:00 PM,12:00 PM,1:00 PM,Kathleen W Rollins Hall,Room 230 - Conference Room - CLCE Area
11/12/2025 Wed,1:00 PM,4:30 PM,2:00 PM,3:30 PM,Bush Science Center,Bush Auditorium and Lobby
11/12/2025 Wed,2:00 PM,3:00 PM,2:00 PM,3:00 PM,Kathleen W Rollins Hall,Room 230 - Conference Room - CLCE Area
11/12/2025 Wed,2:00 PM,6:00 PM,2:00 PM,6:00 PM,Kathleen W Rollins Hall,Room 241 - Conference Room - Hub/SE/Acad Adv Area
11/12/2025 Wed,2:00 PM,3:30 PM,2:00 PM,3:30 PM,Kathleen W Rollins Hall,Room 330 - Teaching Seminar Room
11/12/2025 Wed,3:00 PM,4:00 PM,3:00 PM,4:00 PM,Kathleen W Rollins Hall,Room 301 - Ourisman Meeting Room
11/12/2025 Wed,4:00 PM,6:30 PM,4:00 PM,6:30 PM,Kathleen W Rollins Hall,Room 340 - Galloway Seminar Meeting Room
11/12/2025 Wed,4:30 PM,5:30 PM,4:30 PM,5:30 PM,Kathleen W Rollins Hall,Room 310 - Genius Scale-up Classroom
11/12/2025 Wed,5:00 PM,9:30 PM,6:00 PM,8:30 PM,Bush Science Center,Room 210 
11/12/2025 Wed,5:00 PM,7:00 PM,5:00 PM,7:00 PM,Kathleen W Rollins Hall,Room 330 - Teaching Seminar Room
11/12/2025 Wed,5:30 PM,10:30 PM,7:00 PM,9:00 PM,Kathleen W Rollins Hall,Room 300 - Galloway Room 
11/12/2025 Wed,7:00 PM,8:30 PM,7:00 PM,8:30 PM,Bush Science Center,Room 201
11/12/2025 Wed,8:00 PM,11:30 PM,8:00 PM,11:30 PM,Kathleen W Rollins Hall,Room 128 - Screening Room
11/13/2025 Thu,8:30 AM,11:30 AM,10:00 AM,11:30 AM,Kathleen W Rollins Hall,Room 300 - Galloway Room 
11/13/2025 Thu,9:30 AM,10:30 AM,9:30 AM,10:30 AM,Kathleen W Rollins Hall,Room 149 - Conference Room - Academic Adv Area
11/13/2025 Thu,11:00 AM,2:30 PM,12:00 PM,1:45 PM,Bush Science Center,Bush Auditorium and Lobby
11/13/2025 Thu,11:00 AM,6:00 PM,11:00 AM,6:00 PM,Kathleen W Rollins Hall,Room 241 - Conference Room - Hub/SE/Acad Adv Area
11/13/2025 Thu,11:00 AM,3:00 PM,12:30 PM,1:30 PM,Kathleen W Rollins Hall,Tars Plaza
11/13/2025 Thu,11:15 AM,2:15 PM,12:15 PM,1:15 PM,Bush Science Center,Bush Atrium - Student Priority
11/13/2025 Thu,11:45 AM,5:00 PM,1:30 PM,3:30 PM,Kathleen W Rollins Hall,Room 300 - Galloway Room 
11/13/2025 Thu,12:00 PM,2:00 PM,12:00 PM,2:00 PM,Kathleen W Rollins Hall,Room 110 - Conference Room - Campus Media Area
11/13/2025 Thu,12:00 PM,2:00 PM,12:00 PM,2:00 PM,Kathleen W Rollins Hall,Room 330 - Teaching Seminar Room
11/13/2025 Thu,12:00 PM,2:00 PM,12:00 PM,2:00 PM,Kathleen W Rollins Hall,Room 340 - Galloway Seminar Meeting Room
11/13/2025 Thu,12:15 PM,1:45 PM,12:15 PM,1:45 PM,Bush Science Center,Room 277 - Seminar Room 
11/13/2025 Thu,12:30 PM,1:50 PM,12:30 PM,1:50 PM,Bush Science Center,Room 208
11/13/2025 Thu,12:30 PM,1:15 PM,12:30 PM,1:15 PM,Bush Science Center,Room 210 
11/13/2025 Thu,1:00 PM,2:00 PM,1:00 PM,2:00 PM,Kathleen W Rollins Hall,Room 149 - Conference Room - Academic Adv Area
11/13/2025 Thu,1:00 PM,3:00 PM,1:00 PM,3:00 PM,Kathleen W Rollins Hall,Room 301 - Ourisman Meeting Room
11/13/2025 Thu,1:30 PM,4:00 PM,1:30 PM,4:00 PM,Kathleen W Rollins Hall,Room 141 - Meeting Room - CCLP Area
11/13/2025 Thu,1:30 PM,4:00 PM,1:30 PM,4:00 PM,Kathleen W Rollins Hall,Room 143 - Meeting Room - CCLP Area
11/13/2025 Thu,2:30 PM,3:30 PM,2:30 PM,3:30 PM,Bush Science Center,Room 260 - Chemistry Lab Pre-Lab/Seminar Room
11/13/2025 Thu,4:00 PM,5:00 PM,4:00 PM,5:00 PM,Kathleen W Rollins Hall,Room 131 - Conference Room - CCLP Area
11/13/2025 Thu,4:00 PM,6:00 PM,4:00 PM,6:00 PM,Bush Science Center,Room 176 - Smart Classroom 
11/13/2025 Thu,4:00 PM,6:30 PM,4:00 PM,6:30 PM,Olin Library,Van Houten Conference Room
11/13/2025 Thu,4:30 PM,7:30 PM,4:30 PM,7:30 PM,Kathleen W Rollins Hall,Room 320 - Hauske Scale-up Classroom
11/13/2025 Thu,5:00 PM,7:00 PM,5:00 PM,7:00 PM,Bush Science Center,Room 164 - Physics Priority
11/13/2025 Thu,5:00 PM,7:00 PM,5:00 PM,7:00 PM,Bush Science Center,Room 200
11/13/2025 Thu,5:00 PM,7:00 PM,5:00 PM,7:00 PM,Bush Science Center,Room 210 
11/13/2025 Thu,5:00 PM,6:00 PM,5:00 PM,6:00 PM,Kathleen W Rollins Hall,Room 230 - Conference Room - CLCE Area
11/13/2025 Thu,5:00 PM,6:00 PM,5:00 PM,6:00 PM,Kathleen W Rollins Hall,Room 310 - Genius Scale-up Classroom
11/13/2025 Thu,5:00 PM,6:00 PM,5:00 PM,6:00 PM,Kathleen W Rollins Hall,Room 340 - Galloway Seminar Meeting Room
11/13/2025 Thu,7:00 PM,9:00 PM,7:00 PM,9:00 PM,Kathleen W Rollins Hall,Room 128 - Screening Room
11/13/2025 Thu,7:00 PM,8:00 PM,7:00 PM,8:00 PM,Kathleen W Rollins Hall,Room 330 - Teaching Seminar Room
11/13/2025 Thu,7:00 PM,10:00 PM,7:00 PM,10:00 PM,Kathleen W Rollins Hall,Room 340 - Galloway Seminar Meeting Room
11/14/2025 Fri,6:30 AM,5:30 PM,8:00 AM,4:00 PM,Kathleen W Rollins Hall,Room 300 - Galloway Room 
11/14/2025 Fri,8:30 AM,2:00 PM,9:30 AM,1:00 PM,Bush Science Center,Bush Auditorium and Lobby
11/14/2025 Fri,9:00 AM,10:00 AM,9:00 AM,10:00 AM,Kathleen W Rollins Hall,Room 128 - Screening Room
11/14/2025 Fri,9:00 AM,9:50 AM,9:00 AM,9:50 AM,Bush Science Center,Room 176 - Smart Classroom 
11/14/2025 Fri,10:00 AM,11:30 AM,10:00 AM,11:30 AM,Kathleen W Rollins Hall,Room 330 - Teaching Seminar Room
11/14/2025 Fri,11:00 AM,4:00 PM,11:00 AM,4:00 PM,Kathleen W Rollins Hall,Room 241 - Conference Room - Hub/SE/Acad Adv Area
11/14/2025 Fri,12:00 PM,3:00 PM,12:00 PM,3:00 PM,Kathleen W Rollins Hall,Room 149 - Conference Room - Academic Adv Area
11/14/2025 Fri,12:00 PM,2:00 PM,12:00 PM,2:00 PM,Bush Science Center,Room 200
11/14/2025 Fri,12:00 PM,1:00 PM,12:00 PM,1:00 PM,Kathleen W Rollins Hall,Room 330 - Teaching Seminar Room
11/14/2025 Fri,2:00 PM,3:00 PM,2:00 PM,3:00 PM,Kathleen W Rollins Hall,Room 340 - Galloway Seminar Meeting Room
11/14/2025 Fri,2:30 PM,3:45 PM,2:30 PM,3:45 PM,Kathleen W Rollins Hall,Room 230 - Conference Room - CLCE Area
11/14/2025 Fri,2:45 PM,4:15 PM,3:15 PM,4:15 PM,Kathleen W Rollins Hall,Room 330 - Teaching Seminar Room
11/14/2025 Fri,3:15 PM,6:00 PM,4:45 PM,5:45 PM,Kathleen W Rollins Hall,Mills Lawn
11/14/2025 Fri,6:00 PM,10:30 PM,7:00 PM,9:00 PM,Kathleen W Rollins Hall,Mills Lawn
11/15/2025 Sat,7:00 AM,12:00 PM,8:00 AM,11:00 AM,Bush Science Center,Bush Auditorium and Lobby
11/15/2025 Sat,9:30 AM,12:00 PM,9:30 AM,12:00 PM,Bush Science Center,Room 176 - Smart Classroom 
11/15/2025 Sat,6:15 PM,10:15 PM,7:45 PM,8:45 PM,Kathleen W Rollins Hall,Mills Lawn
11/16/2025 Sun,9:00 AM,5:00 PM,9:00 AM,5:00 PM,Kathleen W Rollins Hall,Room 230 - Conference Room - CLCE Area
11/16/2025 Sun,9:00 AM,5:00 PM,9:00 AM,5:00 PM,Kathleen W Rollins Hall,Room 241 - Conference Room - Hub/SE/Acad Adv Area
11/16/2025 Sun,9:00 AM,5:00 PM,9:00 AM,5:00 PM,Kathleen W Rollins Hall,Room 310 - Genius Scale-up Classroom
11/16/2025 Sun,9:00 AM,5:00 PM,9:00 AM,5:00 PM,Kathleen W Rollins Hall,Room 330 - Teaching Seminar Room
11/16/2025 Sun,9:00 AM,5:00 PM,9:00 AM,5:00 PM,Kathleen W Rollins Hall,Room 340 - Galloway Seminar Meeting Room
11/16/2025 Sun,9:30 AM,5:30 PM,11:00 AM,4:00 PM,Kathleen W Rollins Hall,Room 300 - Galloway Room 
11/16/2025 Sun,2:00 PM,3:30 PM,2:00 PM,3:30 PM,Kathleen W Rollins Hall,Room 131 - Conference Room - CCLP Area
11/16/2025 Sun,2:00 PM,6:00 PM,2:00 PM,6:00 PM,Bush Science Center,Room 210 
11/16/2025 Sun,5:00 PM,10:00 PM,5:30 PM,9:30 PM,Bush Science Center,Bush Auditorium and Lobby
11/16/2025 Sun,5:30 PM,10:00 PM,7:00 PM,8:30 PM,Kathleen W Rollins Hall,Room 300 - Galloway Room 
11/16/2025 Sun,5:30 PM,6:30 PM,5:30 PM,6:30 PM,Olin Library,Van Houten Conference Room
11/16/2025 Sun,6:00 PM,9:30 PM,6:00 PM,9:30 PM,Bush Science Center,Room 201
11/17/2025 Mon,7:00 AM,12:00 PM,8:00 AM,11:00 AM,Bush Science Center,Bush Auditorium and Lobby
11/17/2025 Mon,8:30 AM,12:30 PM,10:00 AM,11:00 AM,Kathleen W Rollins Hall,Room 300 - Galloway Room 
11/17/2025 Mon,9:30 AM,10:45 AM,9:30 AM,10:45 AM,Bush Science Center,Room 274 - Operant Lab/Seminar - Operant Lab Prior
11/17/2025 Mon,10:30 AM,11:00 AM,10:30 AM,11:00 AM,Kathleen W Rollins Hall,Room 230 - Conference Room - CLCE Area
11/17/2025 Mon,11:00 AM,1:00 PM,11:00 AM,1:00 PM,Bush Science Center,Room 274 - Operant Lab/Seminar - Operant Lab Prior
11/17/2025 Mon,11:00 AM,12:00 PM,11:00 AM,12:00 PM,Kathleen W Rollins Hall,Room 340 - Galloway Seminar Meeting Room
11/17/2025 Mon,11:30 AM,1:00 PM,11:30 AM,1:00 PM,Kathleen W Rollins Hall,Room 241 - Conference Room - Hub/SE/Acad Adv Area
11/17/2025 Mon,11:45 AM,1:15 PM,11:45 AM,1:15 PM,Kathleen W Rollins Hall,Room 230 - Conference Room - CLCE Area
11/17/2025 Mon,12:10 PM,2:30 PM,12:10 PM,2:30 PM,Kathleen W Rollins Hall,Room 114 - Meeting Room - Campus Media Area
11/17/2025 Mon,12:30 PM,2:30 PM,12:30 PM,2:30 PM,Bush Science Center,Room 123 - Seminar/Green Room - Sci Div Priority
11/17/2025 Mon,1:00 PM,4:00 PM,2:00 PM,3:00 PM,Bush Science Center,Bush Auditorium and Lobby
11/17/2025 Mon,1:00 PM,2:00 PM,1:00 PM,2:00 PM,Kathleen W Rollins Hall,Room 241 - Conference Room - Hub/SE/Acad Adv Area
11/17/2025 Mon,1:15 PM,2:00 PM,1:15 PM,2:00 PM,Kathleen W Rollins Hall,Room 230 - Conference Room - CLCE Area
11/17/2025 Mon,1:30 PM,5:45 PM,3:00 PM,4:15 PM,Bush Science Center,Bush Lawn (Southside of building)
11/17/2025 Mon,1:30 PM,5:30 PM,3:00 PM,4:00 PM,Kathleen W Rollins Hall,Room 300 - Galloway Room 
11/17/2025 Mon,2:30 PM,3:30 PM,2:30 PM,3:30 PM,Kathleen W Rollins Hall,Room 230 - Conference Room - CLCE Area
11/17/2025 Mon,2:30 PM,4:00 PM,2:30 PM,4:00 PM,Kathleen W Rollins Hall,Room 241 - Conference Room - Hub/SE/Acad Adv Area
11/17/2025 Mon,2:30 PM,4:00 PM,2:30 PM,4:00 PM,Kathleen W Rollins Hall,Room 340 - Galloway Seminar Meeting Room
11/17/2025 Mon,4:00 PM,5:30 PM,4:00 PM,5:30 PM,Bush Science Center,Room 176 - Smart Classroom 
11/17/2025 Mon,4:00 PM,5:30 PM,4:00 PM,5:30 PM,Kathleen W Rollins Hall,Room 310 - Genius Scale-up Classroom
11/17/2025 Mon,5:00 PM,11:00 PM,6:00 PM,10:00 PM,Bush Science Center,Bush Auditorium and Lobby
11/17/2025 Mon,5:30 PM,7:00 PM,5:30 PM,7:00 PM,Kathleen W Rollins Hall,Room 340 - Galloway Seminar Meeting Room
11/17/2025 Mon,6:00 PM,7:00 PM,6:00 PM,7:00 PM,Kathleen W Rollins Hall,Room 110 - Conference Room - Campus Media Area
11/17/2025 Mon,6:00 PM,7:00 PM,6:00 PM,7:00 PM,Bush Science Center,Room 200
11/17/2025 Mon,6:00 PM,8:00 PM,6:00 PM,8:00 PM,Kathleen W Rollins Hall,Room 310 - Genius Scale-up Classroom
11/17/2025 Mon,6:00 PM,7:00 PM,6:00 PM,7:00 PM,Kathleen W Rollins Hall,Room 320 - Hauske Scale-up Classroom
11/17/2025 Mon,6:30 PM,7:30 PM,6:30 PM,7:30 PM,Kathleen W Rollins Hall,Room 128 - Screening Room
11/17/2025 Mon,6:30 PM,10:00 PM,6:30 PM,10:00 PM,Bush Science Center,Room 176 - Smart Classroom 
11/17/2025 Mon,6:30 PM,10:30 PM,8:00 PM,9:00 PM,Kathleen W Rollins Hall,Room 300 - Galloway Room 
11/17/2025 Mon,7:00 PM,9:00 PM,7:00 PM,9:00 PM,Kathleen W Rollins Hall,Mills Lawn
11/18/2025 Tue,6:00 AM,7:00 AM,6:00 AM,7:00 AM,Kathleen W Rollins Hall,Mills Lawn
11/18/2025 Tue,9:30 AM,11:00 AM,9:30 AM,11:00 AM,Kathleen W Rollins Hall,Room 131 - Conference Room - CCLP Area
11/18/2025 Tue,9:45 AM,11:00 AM,9:45 AM,11:00 AM,Olin Library,Room 230 - Library Meeting Room
11/18/2025 Tue,10:00 AM,4:00 PM,10:00 AM,4:00 PM,Kathleen W Rollins Hall,Fountain Entrance Lobby & Gathering Stairs
11/18/2025 Tue,10:00 AM,4:00 PM,10:00 AM,4:00 PM,Kathleen W Rollins Hall,Room 141 - Meeting Room - CCLP Area
11/18/2025 Tue,10:00 AM,4:00 PM,10:00 AM,4:00 PM,Kathleen W Rollins Hall,Room 143 - Meeting Room - CCLP Area
11/18/2025 Tue,10:00 AM,11:00 AM,10:00 AM,11:00 AM,Kathleen W Rollins Hall,Room 230 - Conference Room - CLCE Area
11/18/2025 Tue,11:00 AM,12:00 PM,11:00 AM,12:00 PM,Kathleen W Rollins Hall,Room 149 - Conference Room - Academic Adv Area
11/18/2025 Tue,11:00 AM,2:00 PM,11:00 AM,2:00 PM,Olin Library,Room 230 - Library Meeting Room
11/18/2025 Tue,12:00 PM,2:00 PM,12:00 PM,2:00 PM,Kathleen W Rollins Hall,Room 110 - Conference Room - Campus Media Area
11/18/2025 Tue,12:00 PM,5:00 PM,12:00 PM,5:00 PM,Kathleen W Rollins Hall,Room 241 - Conference Room - Hub/SE/Acad Adv Area
11/18/2025 Tue,12:15 PM,1:45 PM,12:15 PM,1:45 PM,Bush Science Center,Room 277 - Seminar Room 
11/18/2025 Tue,12:15 PM,1:45 PM,12:15 PM,1:45 PM,Kathleen W Rollins Hall,Room 330 - Teaching Seminar Room
11/18/2025 Tue,12:30 PM,1:30 PM,12:30 PM,1:30 PM,Kathleen W Rollins Hall,Room 149 - Conference Room - Academic Adv Area
11/18/2025 Tue,12:30 PM,2:00 PM,12:30 PM,2:00 PM,Bush Science Center,Room 176 - Smart Classroom 
11/18/2025 Tue,12:30 PM,1:30 PM,12:30 PM,1:30 PM,Bush Science Center,Room 201
11/18/2025 Tue,12:30 PM,1:30 PM,12:30 PM,1:30 PM,Bush Science Center,Room 202
11/18/2025 Tue,12:30 PM,1:30 PM,12:30 PM,1:30 PM,Kathleen W Rollins Hall,Room 230 - Conference Room - CLCE Area
11/18/2025 Tue,12:30 PM,1:30 PM,12:30 PM,1:30 PM,Kathleen W Rollins Hall,Room 340 - Galloway Seminar Meeting Room
11/18/2025 Tue,2:00 PM,3:00 PM,2:00 PM,3:00 PM,Kathleen W Rollins Hall,Room 149 - Conference Room - Academic Adv Area
11/18/2025 Tue,2:00 PM,4:00 PM,2:00 PM,4:00 PM,Kathleen W Rollins Hall,Room 330 - Teaching Seminar Room
11/18/2025 Tue,2:15 PM,3:30 PM,2:15 PM,3:30 PM,Olin Library,Room 230 - Library Meeting Room
11/18/2025 Tue,2:30 PM,3:30 PM,2:30 PM,3:30 PM,Bush Science Center,Room 260 - Chemistry Lab Pre-Lab/Seminar Room
11/18/2025 Tue,4:00 PM,7:00 PM,5:00 PM,6:00 PM,Bush Science Center,Bush Auditorium and Lobby
11/18/2025 Tue,4:00 PM,8:30 PM,5:30 PM,7:00 PM,Kathleen W Rollins Hall,Room 300 - Galloway Room 
11/18/2025 Tue,4:00 PM,7:00 PM,4:00 PM,7:00 PM,Kathleen W Rollins Hall,Room 330 - Teaching Seminar Room
11/18/2025 Tue,4:00 PM,6:30 PM,4:00 PM,6:30 PM,Olin Library,Van Houten Conference Room
11/18/2025 Tue,4:30 PM,7:30 PM,5:30 PM,6:30 PM,Olin Library,Room 230 - Library Meeting Room
11/18/2025 Tue,4:45 PM,8:30 PM,4:45 PM,8:30 PM,Kathleen W Rollins Hall,Room 128 - Screening Room
11/18/2025 Tue,5:00 PM,7:00 PM,5:00 PM,7:00 PM,Bush Science Center,Room 200
11/18/2025 Tue,5:00 PM,6:00 PM,5:00 PM,6:00 PM,Bush Science Center,Room 202
11/18/2025 Tue,5:00 PM,6:00 PM,5:00 PM,6:00 PM,Bush Science Center,Room 308 
11/18/2025 Tue,5:00 PM,6:00 PM,5:00 PM,6:00 PM,Kathleen W Rollins Hall,Room 310 - Genius Scale-up Classroom
11/18/2025 Tue,5:00 PM,6:00 PM,5:00 PM,6:00 PM,Kathleen W Rollins Hall,Room 340 - Galloway Seminar Meeting Room
11/18/2025 Tue,5:30 PM,8:30 PM,5:30 PM,8:30 PM,Kathleen W Rollins Hall,Fox Den
11/18/2025 Tue,7:00 PM,8:30 PM,7:00 PM,8:30 PM,Kathleen W Rollins Hall,Room 131 - Conference Room - CCLP Area
11/19/2025 Wed,8:00 AM,5:00 PM,8:00 AM,5:00 PM,Kathleen W Rollins Hall,Room 131 - Conference Room - CCLP Area
11/19/2025 Wed,9:00 AM,11:30 AM,10:00 AM,11:30 AM,Olin Library,Room 230 - Library Meeting Room
11/19/2025 Wed,9:30 AM,10:45 AM,9:30 AM,10:45 AM,Bush Science Center,Room 274 - Operant Lab/Seminar - Operant Lab Prior
11/19/2025 Wed,11:00 AM,12:00 PM,11:00 AM,12:00 PM,Kathleen W Rollins Hall,Room 330 - Teaching Seminar Room
11/19/2025 Wed,11:00 AM,1:00 PM,11:00 AM,1:00 PM,Kathleen W Rollins Hall,Room 340 - Galloway Seminar Meeting Room
11/19/2025 Wed,11:30 AM,1:15 PM,11:30 AM,1:15 PM,Olin Library,Room 230 - Library Meeting Room
11/19/2025 Wed,11:30 AM,12:30 PM,11:30 AM,12:30 PM,Olin Library,Van Houten Conference Room
11/19/2025 Wed,12:00 PM,1:00 PM,12:00 PM,1:00 PM,Kathleen W Rollins Hall,Fox Den
11/19/2025 Wed,12:00 PM,1:30 PM,12:00 PM,1:30 PM,Kathleen W Rollins Hall,Room 149 - Conference Room - Academic Adv Area
11/19/2025 Wed,12:00 PM,1:00 PM,12:00 PM,1:00 PM,Kathleen W Rollins Hall,Room 230 - Conference Room - CLCE Area
11/19/2025 Wed,1:00 PM,2:00 PM,1:00 PM,2:00 PM,Bush Science Center,Room 123 - Seminar/Green Room - Sci Div Priority
11/19/2025 Wed,1:00 PM,2:30 PM,1:00 PM,2:30 PM,Kathleen W Rollins Hall,Room 241 - Conference Room - Hub/SE/Acad Adv Area
11/19/2025 Wed,1:00 PM,2:00 PM,1:00 PM,2:00 PM,Bush Science Center,Room 277 - Seminar Room 
11/19/2025 Wed,2:00 PM,6:00 PM,2:00 PM,6:00 PM,Kathleen W Rollins Hall,Room 230 - Conference Room - CLCE Area
11/19/2025 Wed,2:00 PM,3:30 PM,2:00 PM,3:30 PM,Kathleen W Rollins Hall,Room 330 - Teaching Seminar Room
11/19/2025 Wed,2:30 PM,3:15 PM,2:30 PM,3:15 PM,Kathleen W Rollins Hall,Room 340 - Galloway Seminar Meeting Room
11/19/2025 Wed,3:30 PM,4:30 PM,3:30 PM,4:30 PM,Bush Science Center,Room 200
11/19/2025 Wed,3:45 PM,5:45 PM,3:45 PM,5:45 PM,Kathleen W Rollins Hall,Room 241 - Conference Room - Hub/SE/Acad Adv Area
11/19/2025 Wed,4:00 PM,7:45 PM,5:00 PM,6:45 PM,Bush Science Center,Bush Auditorium and Lobby
11/19/2025 Wed,4:00 PM,7:30 PM,4:00 PM,7:30 PM,Kathleen W Rollins Hall,Room 310 - Genius Scale-up Classroom
11/19/2025 Wed,5:00 PM,6:00 PM,5:00 PM,6:00 PM,Bush Science Center,Room 123 - Seminar/Green Room - Sci Div Priority
11/19/2025 Wed,5:00 PM,7:00 PM,5:00 PM,7:00 PM,Kathleen W Rollins Hall,Room 330 - Teaching Seminar Room
11/19/2025 Wed,5:22 PM,6:22 PM,5:22 PM,6:22 PM,Bush Science Center,Room 210 
11/19/2025 Wed,5:30 PM,10:30 PM,7:00 PM,9:00 PM,Kathleen W Rollins Hall,Room 300 - Galloway Room 
11/19/2025 Wed,6:00 PM,7:00 PM,6:00 PM,7:00 PM,Kathleen W Rollins Hall,Room 320 - Hauske Scale-up Classroom
11/19/2025 Wed,6:00 PM,8:00 PM,6:00 PM,8:00 PM,Kathleen W Rollins Hall,Room 340 - Galloway Seminar Meeting Room
11/19/2025 Wed,7:00 PM,8:30 PM,7:00 PM,8:30 PM,Bush Science Center,Room 201
11/19/2025 Wed,7:00 PM,11:30 PM,7:00 PM,11:30 PM,Kathleen W Rollins Hall,Room 330 - Teaching Seminar Room
11/20/2025 Thu,8:00 AM,5:00 PM,8:00 AM,5:00 PM,Bush Science Center,Room 200
11/20/2025 Thu,8:15 AM,12:00 PM,9:15 AM,11:00 AM,Bush Science Center,Bush Auditorium and Lobby
11/20/2025 Thu,9:30 AM,10:30 AM,9:30 AM,10:30 AM,Kathleen W Rollins Hall,Room 149 - Conference Room - Academic Adv Area
11/20/2025 Thu,9:30 AM,10:30 AM,9:30 AM,10:30 AM,Kathleen W Rollins Hall,Room 320 - Hauske Scale-up Classroom
11/20/2025 Thu,10:00 AM,12:00 PM,10:00 AM,12:00 PM,Kathleen W Rollins Hall,Fountain Entrance Lobby & Gathering Stairs
11/20/2025 Thu,10:00 AM,4:00 PM,10:00 AM,4:00 PM,Kathleen W Rollins Hall,Room 141 - Meeting Room - CCLP Area
11/20/2025 Thu,10:00 AM,4:00 PM,10:00 AM,4:00 PM,Kathleen W Rollins Hall,Room 143 - Meeting Room - CCLP Area
11/20/2025 Thu,10:30 AM,3:30 PM,12:00 PM,2:00 PM,Kathleen W Rollins Hall,Tars Plaza
11/20/2025 Thu,11:00 AM,6:00 PM,11:00 AM,6:00 PM,Kathleen W Rollins Hall,Room 241 - Conference Room - Hub/SE/Acad Adv Area
11/20/2025 Thu,11:00 AM,3:15 PM,12:30 PM,1:45 PM,Kathleen W Rollins Hall,Room 300 - Galloway Room 
11/20/2025 Thu,11:30 AM,2:00 PM,11:30 AM,2:00 PM,Kathleen W Rollins Hall,Room 114 - Meeting Room - Campus Media Area
11/20/2025 Thu,11:30 AM,2:45 PM,12:30 PM,1:45 PM,Olin Library,Room 230 - Library Meeting Room
11/20/2025 Thu,12:00 PM,1:00 PM,12:00 PM,1:00 PM,Kathleen W Rollins Hall,Fountain Entrance Lobby & Gathering Stairs
11/20/2025 Thu,12:00 PM,2:00 PM,12:00 PM,2:00 PM,Kathleen W Rollins Hall,Room 110 - Conference Room - Campus Media Area
11/20/2025 Thu,12:00 PM,2:00 PM,12:00 PM,2:00 PM,Kathleen W Rollins Hall,Room 340 - Galloway Seminar Meeting Room
11/20/2025 Thu,12:15 PM,1:45 PM,12:15 PM,1:45 PM,Bush Science Center,Room 277 - Seminar Room 
11/20/2025 Thu,12:30 PM,1:45 PM,12:30 PM,1:45 PM,Bush Science Center,Room 176 - Smart Classroom 
11/20/2025 Thu,12:30 PM,1:50 PM,12:30 PM,1:50 PM,Bush Science Center,Room 208
11/20/2025 Thu,12:30 PM,1:15 PM,12:30 PM,1:15 PM,Bush Science Center,Room 210 
11/20/2025 Thu,12:30 PM,1:45 PM,12:30 PM,1:45 PM,Kathleen W Rollins Hall,Room 330 - Teaching Seminar Room
11/20/2025 Thu,1:00 PM,4:00 PM,1:00 PM,4:00 PM,Kathleen W Rollins Hall,Fountain Entrance Lobby & Gathering Stairs
11/20/2025 Thu,1:00 PM,2:00 PM,1:00 PM,2:00 PM,Kathleen W Rollins Hall,Room 149 - Conference Room - Academic Adv Area
11/20/2025 Thu,2:00 PM,4:00 PM,2:00 PM,4:00 PM,Bush Science Center,Room 277 - Seminar Room 
11/20/2025 Thu,2:00 PM,4:30 PM,2:00 PM,4:30 PM,Kathleen W Rollins Hall,Room 340 - Galloway Seminar Meeting Room
11/20/2025 Thu,2:30 PM,3:30 PM,2:30 PM,3:30 PM,Bush Science Center,Bush Atrium - Student Priority
11/20/2025 Thu,2:30 PM,3:30 PM,2:30 PM,3:30 PM,Bush Science Center,Room 260 - Chemistry Lab Pre-Lab/Seminar Room
11/20/2025 Thu,4:00 PM,7:00 PM,5:00 PM,6:00 PM,Bush Science Center,Bush Auditorium and Lobby
11/20/2025 Thu,4:00 PM,5:00 PM,4:00 PM,5:00 PM,Kathleen W Rollins Hall,Room 131 - Conference Room - CCLP Area
11/20/2025 Thu,4:00 PM,6:00 PM,4:00 PM,6:00 PM,Kathleen W Rollins Hall,Room 149 - Conference Room - Academic Adv Area
11/20/2025 Thu,4:00 PM,6:00 PM,4:00 PM,6:00 PM,Bush Science Center,Room 176 - Smart Classroom 
11/20/2025 Thu,4:00 PM,10:00 PM,5:30 PM,8:30 PM,Kathleen W Rollins Hall,Room 300 - Galloway Room 
11/20/2025 Thu,4:00 PM,5:00 PM,4:00 PM,5:00 PM,Kathleen W Rollins Hall,Room 320 - Hauske Scale-up Classroom
11/20/2025 Thu,4:00 PM,6:30 PM,4:00 PM,6:30 PM,Olin Library,Van Houten Conference Room
11/20/2025 Thu,5:00 PM,7:00 PM,5:00 PM,7:00 PM,Bush Science Center,Room 164 - Physics Priority
11/20/2025 Thu,5:00 PM,7:00 PM,5:00 PM,7:00 PM,Bush Science Center,Room 200
11/20/2025 Thu,5:00 PM,6:00 PM,5:00 PM,6:00 PM,Bush Science Center,Room 201
11/20/2025 Thu,5:00 PM,7:00 PM,5:00 PM,7:00 PM,Bush Science Center,Room 210 
11/20/2025 Thu,5:00 PM,6:00 PM,5:00 PM,6:00 PM,Kathleen W Rollins Hall,Room 230 - Conference Room - CLCE Area
11/20/2025 Thu,5:00 PM,5:30 PM,5:00 PM,5:30 PM,Kathleen W Rollins Hall,Room 310 - Genius Scale-up Classroom
11/20/2025 Thu,5:00 PM,6:00 PM,5:00 PM,6:00 PM,Kathleen W Rollins Hall,Room 320 - Hauske Scale-up Classroom
11/20/2025 Thu,5:00 PM,9:00 PM,5:00 PM,9:00 PM,Kathleen W Rollins Hall,Room 330 - Teaching Seminar Room
11/20/2025 Thu,5:45 PM,8:00 PM,5:45 PM,8:00 PM,Bush Science Center,Room 308 
11/20/2025 Thu,6:00 PM,7:30 PM,6:00 PM,7:30 PM,Kathleen W Rollins Hall,Room 320 - Hauske Scale-up Classroom
11/20/2025 Thu,7:00 PM,10:00 PM,8:00 PM,9:00 PM,Bush Science Center,Bush Auditorium and Lobby
11/20/2025 Thu,7:00 PM,9:00 PM,7:00 PM,9:00 PM,Kathleen W Rollins Hall,Room 128 - Screening Room
11/21/2025 Fri,8:00 AM,12:00 PM,8:00 AM,12:00 PM,Kathleen W Rollins Hall,Room 340 - Galloway Seminar Meeting Room
11/21/2025 Fri,10:00 AM,3:00 PM,10:00 AM,3:00 PM,Kathleen W Rollins Hall,Room 300 - Galloway Room 
11/21/2025 Fri,11:00 AM,12:00 PM,11:00 AM,12:00 PM,Kathleen W Rollins Hall,Fountain Entrance Lobby & Gathering Stairs
11/21/2025 Fri,11:00 AM,4:00 PM,11:00 AM,4:00 PM,Kathleen W Rollins Hall,Room 241 - Conference Room - Hub/SE/Acad Adv Area
11/21/2025 Fri,11:30 AM,2:00 PM,12:30 PM,1:00 PM,Bush Science Center,Bush Auditorium and Lobby
11/21/2025 Fri,12:45 PM,3:15 PM,12:45 PM,3:15 PM,Kathleen W Rollins Hall,Room 330 - Teaching Seminar Room
11/21/2025 Fri,1:00 PM,2:00 PM,1:00 PM,2:00 PM,Kathleen W Rollins Hall,Room 128 - Screening Room
11/21/2025 Fri,1:45 PM,2:45 PM,1:45 PM,2:45 PM,Kathleen W Rollins Hall,Room 110 - Conference Room - Campus Media Area
11/21/2025 Fri,2:30 PM,8:30 PM,4:00 PM,7:00 PM,Kathleen W Rollins Hall,Mills Lawn
11/21/2025 Fri,3:00 PM,4:30 PM,3:00 PM,4:30 PM,Kathleen W Rollins Hall,Room 310 - Genius Scale-up Classroom
11/21/2025 Fri,3:00 PM,5:00 PM,3:00 PM,5:00 PM,Kathleen W Rollins Hall,Room 340 - Galloway Seminar Meeting Room
11/22/2025 Sat,7:00 AM,12:00 PM,8:00 AM,11:00 AM,Bush Science Center,Bush Auditorium and Lobby
11/22/2025 Sat,9:00 AM,9:00 PM,9:00 AM,9:00 PM,Kathleen W Rollins Hall,Room 340 - Galloway Seminar Meeting Room
11/23/2025 Sun,9:00 AM,9:00 PM,9:00 AM,9:00 PM,Kathleen W Rollins Hall,Room 340 - Galloway Seminar Meeting Room
11/23/2025 Sun,5:00 PM,10:00 PM,5:30 PM,9:30 PM,Bush Science Center,Bush Auditorium and Lobby
11/23/2025 Sun,5:30 PM,6:30 PM,5:30 PM,6:30 PM,Olin Library,Van Houten Conference Room
11/23/2025 Sun,6:00 PM,9:30 PM,6:00 PM,9:30 PM,Bush Science Center,Room 201
11/24/2025 Mon,8:30 AM,10:30 AM,8:30 AM,10:30 AM,Kathleen W Rollins Hall,Room 136 - Meeting Room - CCLP Area
11/24/2025 Mon,9:30 AM,10:45 AM,9:30 AM,10:45 AM,Bush Science Center,Room 274 - Operant Lab/Seminar - Operant Lab Prior
11/24/2025 Mon,10:30 AM,11:00 AM,10:30 AM,11:00 AM,Kathleen W Rollins Hall,Room 230 - Conference Room - CLCE Area
11/24/2025 Mon,11:00 AM,12:00 PM,11:00 AM,12:00 PM,Kathleen W Rollins Hall,Room 241 - Conference Room - Hub/SE/Acad Adv Area
11/24/2025 Mon,11:00 AM,1:00 PM,11:00 AM,1:00 PM,Bush Science Center,Room 274 - Operant Lab/Seminar - Operant Lab Prior
11/24/2025 Mon,11:45 AM,1:15 PM,11:45 AM,1:15 PM,Kathleen W Rollins Hall,Room 230 - Conference Room - CLCE Area
11/24/2025 Mon,2:30 PM,3:30 PM,2:30 PM,3:30 PM,Kathleen W Rollins Hall,Room 230 - Conference Room - CLCE Area
11/24/2025 Mon,2:30 PM,4:00 PM,2:30 PM,4:00 PM,Kathleen W Rollins Hall,Room 241 - Conference Room - Hub/SE/Acad Adv Area
11/24/2025 Mon,4:00 PM,5:30 PM,4:00 PM,5:30 PM,Bush Science Center,Room 176 - Smart Classroom 
11/24/2025 Mon,4:00 PM,5:30 PM,4:00 PM,5:30 PM,Kathleen W Rollins Hall,Room 310 - Genius Scale-up Classroom
11/24/2025 Mon,5:00 PM,11:00 PM,6:00 PM,10:00 PM,Bush Science Center,Bush Auditorium and Lobby
11/24/2025 Mon,6:00 PM,7:00 PM,6:00 PM,7:00 PM,Bush Science Center,Room 200
11/24/2025 Mon,6:00 PM,8:00 PM,6:00 PM,8:00 PM,Kathleen W Rollins Hall,Room 310 - Genius Scale-up Classroom
11/24/2025 Mon,6:30 PM,10:00 PM,6:30 PM,10:00 PM,Bush Science Center,Room 176 - Smart Classroom 
11/24/2025 Mon,6:30 PM,10:30 PM,8:00 PM,9:00 PM,Kathleen W Rollins Hall,Room 300 - Galloway Room 
11/25/2025 Tue,8:00 AM,12:15 PM,9:30 AM,10:45 AM,Kathleen W Rollins Hall,Room 300 - Galloway Room 
11/25/2025 Tue,9:30 AM,11:00 AM,9:30 AM,11:00 AM,Kathleen W Rollins Hall,Room 131 - Conference Room - CCLP Area
11/25/2025 Tue,10:00 AM,11:00 AM,10:00 AM,11:00 AM,Kathleen W Rollins Hall,Room 230 - Conference Room - CLCE Area
11/25/2025 Tue,11:00 AM,12:00 PM,11:00 AM,12:00 PM,Kathleen W Rollins Hall,Room 149 - Conference Room - Academic Adv Area
11/25/2025 Tue,12:00 PM,2:00 PM,12:00 PM,2:00 PM,Kathleen W Rollins Hall,Room 110 - Conference Room - Campus Media Area
11/25/2025 Tue,12:00 PM,5:00 PM,12:00 PM,5:00 PM,Kathleen W Rollins Hall,Room 241 - Conference Room - Hub/SE/Acad Adv Area
11/25/2025 Tue,12:15 PM,1:45 PM,12:15 PM,1:45 PM,Bush Science Center,Room 277 - Seminar Room 
11/25/2025 Tue,12:15 PM,1:45 PM,12:15 PM,1:45 PM,Kathleen W Rollins Hall,Room 330 - Teaching Seminar Room
11/25/2025 Tue,12:30 PM,1:30 PM,12:30 PM,1:30 PM,Kathleen W Rollins Hall,Room 149 - Conference Room - Academic Adv Area
11/25/2025 Tue,12:30 PM,1:30 PM,12:30 PM,1:30 PM,Kathleen W Rollins Hall,Room 230 - Conference Room - CLCE Area
11/25/2025 Tue,12:30 PM,1:30 PM,12:30 PM,1:30 PM,Kathleen W Rollins Hall,Room 340 - Galloway Seminar Meeting Room
11/25/2025 Tue,1:30 PM,2:30 PM,1:30 PM,2:30 PM,Kathleen W Rollins Hall,Room 114 - Meeting Room - Campus Media Area
11/25/2025 Tue,2:00 PM,3:00 PM,2:00 PM,3:00 PM,Kathleen W Rollins Hall,Room 149 - Conference Room - Academic Adv Area
11/25/2025 Tue,2:00 PM,4:00 PM,2:00 PM,4:00 PM,Kathleen W Rollins Hall,Room 330 - Teaching Seminar Room
11/25/2025 Tue,2:30 PM,3:30 PM,2:30 PM,3:30 PM,Bush Science Center,Room 260 - Chemistry Lab Pre-Lab/Seminar Room
11/25/2025 Tue,4:00 PM,6:30 PM,4:00 PM,6:30 PM,Olin Library,Van Houten Conference Room
11/25/2025 Tue,5:00 PM,7:00 PM,5:00 PM,7:00 PM,Bush Science Center,Room 200
11/25/2025 Tue,5:00 PM,6:00 PM,5:00 PM,6:00 PM,Bush Science Center,Room 308 
11/25/2025 Tue,5:00 PM,6:00 PM,5:00 PM,6:00 PM,Kathleen W Rollins Hall,Room 310 - Genius Scale-up Classroom
11/26/2025 Wed,7:30 AM,12:30 PM,8:30 AM,11:30 AM,Bush Science Center,Bush Auditorium and Lobby
11/26/2025 Wed,9:30 AM,10:45 AM,9:30 AM,10:45 AM,Bush Science Center,Room 274 - Operant Lab/Seminar - Operant Lab Prior
11/26/2025 Wed,11:00 AM,12:00 PM,11:00 AM,12:00 PM,Kathleen W Rollins Hall,Room 330 - Teaching Seminar Room
11/26/2025 Wed,12:00 PM,1:00 PM,12:00 PM,1:00 PM,Kathleen W Rollins Hall,Room 230 - Conference Room - CLCE Area
11/26/2025 Wed,2:00 PM,6:00 PM,2:00 PM,6:00 PM,Kathleen W Rollins Hall,Room 241 - Conference Room - Hub/SE/Acad Adv Area
11/26/2025 Wed,2:00 PM,3:30 PM,2:00 PM,3:30 PM,Kathleen W Rollins Hall,Room 330 - Teaching Seminar Room
11/26/2025 Wed,5:00 PM,7:00 PM,5:00 PM,7:00 PM,Kathleen W Rollins Hall,Room 330 - Teaching Seminar Room
11/27/2025 Thu,9:30 AM,10:30 AM,9:30 AM,10:30 AM,Kathleen W Rollins Hall,Room 149 - Conference Room - Academic Adv Area
11/27/2025 Thu,12:00 PM,2:00 PM,12:00 PM,2:00 PM,Kathleen W Rollins Hall,Room 110 - Conference Room - Campus Media Area
11/27/2025 Thu,12:30 PM,1:50 PM,12:30 PM,1:50 PM,Bush Science Center,Room 208
11/27/2025 Thu,12:30 PM,1:15 PM,12:30 PM,1:15 PM,Bush Science Center,Room 210 
11/27/2025 Thu,4:00 PM,6:00 PM,4:00 PM,6:00 PM,Bush Science Center,Room 176 - Smart Classroom 
11/27/2025 Thu,5:00 PM,7:00 PM,5:00 PM,7:00 PM,Bush Science Center,Room 200
11/27/2025 Thu,5:00 PM,7:00 PM,5:00 PM,7:00 PM,Bush Science Center,Room 210 
11/27/2025 Thu,5:00 PM,6:00 PM,5:00 PM,6:00 PM,Kathleen W Rollins Hall,Room 230 - Conference Room - CLCE Area
11/27/2025 Thu,5:00 PM,6:00 PM,5:00 PM,6:00 PM,Kathleen W Rollins Hall,Room 340 - Galloway Seminar Meeting Room
11/27/2025 Thu,7:00 PM,9:00 PM,7:00 PM,9:00 PM,Kathleen W Rollins Hall,Room 128 - Screening Room
11/28/2025 Fri,11:00 AM,4:00 PM,11:00 AM,4:00 PM,Kathleen W Rollins Hall,Room 241 - Conference Room - Hub/SE/Acad Adv Area
11/30/2025 Sun,2:00 PM,3:30 PM,2:00 PM,3:30 PM,Kathleen W Rollins Hall,Room 131 - Conference Room - CCLP Area
11/30/2025 Sun,3:00 PM,8:00 PM,3:00 PM,8:00 PM,Kathleen W Rollins Hall,Room 136 - Meeting Room - CCLP Area
11/30/2025 Sun,5:00 PM,10:00 PM,5:30 PM,9:30 PM,Bush Science Center,Bush Auditorium and Lobby
11/30/2025 Sun,5:30 PM,6:30 PM,5:30 PM,6:30 PM,Olin Library,Van Houten Conference Room
11/30/2025 Sun,6:00 PM,9:30 PM,6:00 PM,9:30 PM,Bush Science Center,Room 201
12/1/2025 Mon,7:00 AM,9:00 PM,9:00 AM,7:00 PM,Kathleen W Rollins Hall,Room 300 - Galloway Room 
12/1/2025 Mon,8:00 AM,12:00 PM,8:00 AM,12:00 PM,Kathleen W Rollins Hall,Room 241 - Conference Room - Hub/SE/Acad Adv Area
12/1/2025 Mon,8:30 AM,2:00 PM,9:30 AM,1:00 PM,Bush Science Center,Bush Auditorium and Lobby
12/1/2025 Mon,8:30 AM,10:00 AM,8:30 AM,10:00 AM,Kathleen W Rollins Hall,Room 230 - Conference Room - CLCE Area
12/1/2025 Mon,9:00 AM,11:00 AM,9:00 AM,11:00 AM,Kathleen W Rollins Hall,Room 128 - Screening Room
12/1/2025 Mon,9:30 AM,10:45 AM,9:30 AM,10:45 AM,Bush Science Center,Room 274 - Operant Lab/Seminar - Operant Lab Prior
12/1/2025 Mon,10:30 AM,11:00 AM,10:30 AM,11:00 AM,Kathleen W Rollins Hall,Room 230 - Conference Room - CLCE Area
12/1/2025 Mon,11:00 AM,1:00 PM,11:00 AM,1:00 PM,Olin Library,Room 225 - Teaching Computer Lab (PC)
12/1/2025 Mon,11:00 AM,1:00 PM,11:00 AM,1:00 PM,Bush Science Center,Room 274 - Operant Lab/Seminar - Operant Lab Prior
12/1/2025 Mon,11:45 AM,1:15 PM,11:45 AM,1:15 PM,Kathleen W Rollins Hall,Room 230 - Conference Room - CLCE Area
12/1/2025 Mon,12:00 PM,9:00 PM,12:00 PM,9:00 PM,Olin Library,Room 226 - Lobby & Lounge Area
12/1/2025 Mon,12:00 PM,9:00 PM,12:00 PM,9:00 PM,Olin Library,Room 230 - Library Meeting Room
12/1/2025 Mon,12:30 PM,2:30 PM,12:30 PM,2:30 PM,Bush Science Center,Room 123 - Seminar/Green Room - Sci Div Priority
12/1/2025 Mon,1:00 PM,2:30 PM,1:00 PM,2:30 PM,Kathleen W Rollins Hall,Room 241 - Conference Room - Hub/SE/Acad Adv Area
12/1/2025 Mon,2:00 PM,10:00 PM,2:00 PM,10:00 PM,Bush Science Center,Bush Atrium - Student Priority
12/1/2025 Mon,2:30 PM,3:30 PM,2:30 PM,3:30 PM,Kathleen W Rollins Hall,Room 230 - Conference Room - CLCE Area
12/1/2025 Mon,2:30 PM,4:00 PM,2:30 PM,4:00 PM,Kathleen W Rollins Hall,Room 241 - Conference Room - Hub/SE/Acad Adv Area
12/1/2025 Mon,3:00 PM,5:00 PM,3:00 PM,5:00 PM,Kathleen W Rollins Hall,Room 330 - Teaching Seminar Room
12/1/2025 Mon,4:00 PM,5:00 PM,4:00 PM,5:00 PM,Bush Science Center,Room 123 - Seminar/Green Room - Sci Div Priority
12/1/2025 Mon,4:00 PM,5:30 PM,4:00 PM,5:30 PM,Bush Science Center,Room 176 - Smart Classroom 
12/1/2025 Mon,4:00 PM,5:30 PM,4:00 PM,5:30 PM,Kathleen W Rollins Hall,Room 310 - Genius Scale-up Classroom
12/1/2025 Mon,5:00 PM,11:00 PM,6:00 PM,10:00 PM,Bush Science Center,Bush Auditorium and Lobby
12/1/2025 Mon,5:30 PM,7:00 PM,5:30 PM,7:00 PM,Kathleen W Rollins Hall,Room 340 - Galloway Seminar Meeting Room
12/1/2025 Mon,5:45 PM,9:00 PM,5:45 PM,9:00 PM,Kathleen W Rollins Hall,Room 128 - Screening Room
12/1/2025 Mon,6:00 PM,7:00 PM,6:00 PM,7:00 PM,Kathleen W Rollins Hall,Room 110 - Conference Room - Campus Media Area
12/1/2025 Mon,6:00 PM,11:00 PM,6:00 PM,11:00 PM,Kathleen W Rollins Hall,Room 114 - Meeting Room - Campus Media Area
12/1/2025 Mon,6:00 PM,7:00 PM,6:00 PM,7:00 PM,Bush Science Center,Room 200
12/1/2025 Mon,6:00 PM,8:00 PM,6:00 PM,8:00 PM,Kathleen W Rollins Hall,Room 310 - Genius Scale-up Classroom
12/1/2025 Mon,6:00 PM,8:00 PM,6:00 PM,8:00 PM,Kathleen W Rollins Hall,Room 320 - Hauske Scale-up Classroom
12/1/2025 Mon,6:30 PM,10:00 PM,6:30 PM,10:00 PM,Bush Science Center,Room 176 - Smart Classroom 
12/1/2025 Mon,7:00 PM,8:00 PM,7:00 PM,8:00 PM,Kathleen W Rollins Hall,Room 131 - Conference Room - CCLP Area
12/2/2025 Tue,7:00 AM,11:30 AM,9:00 AM,10:30 AM,Bush Science Center,Bush Atrium - Student Priority
12/2/2025 Tue,7:30 AM,12:00 PM,9:00 AM,10:30 AM,Olin Library,Room 226 - Lobby & Lounge Area
12/2/2025 Tue,7:30 AM,12:00 PM,9:00 AM,10:30 AM,Olin Library,Room 230 - Library Meeting Room
12/2/2025 Tue,7:30 AM,11:00 AM,9:00 AM,10:30 AM,Kathleen W Rollins Hall,Room 300 - Galloway Room 
12/2/2025 Tue,8:15 AM,12:00 PM,9:15 AM,11:00 AM,Bush Science Center,Bush Auditorium and Lobby
12/2/2025 Tue,8:15 AM,9:00 AM,8:15 AM,9:00 AM,Kathleen W Rollins Hall,Fountain Entrance Lobby & Gathering Stairs
12/2/2025 Tue,9:30 AM,11:00 AM,9:30 AM,11:00 AM,Kathleen W Rollins Hall,Room 131 - Conference Room - CCLP Area
12/2/2025 Tue,10:00 AM,11:00 AM,10:00 AM,11:00 AM,Kathleen W Rollins Hall,Room 230 - Conference Room - CLCE Area
12/2/2025 Tue,11:00 AM,2:00 PM,11:00 AM,2:00 PM,Kathleen W Rollins Hall,Fountain Entrance Lobby & Gathering Stairs
12/2/2025 Tue,11:00 AM,12:00 PM,11:00 AM,12:00 PM,Kathleen W Rollins Hall,Room 149 - Conference Room - Academic Adv Area
12/2/2025 Tue,11:00 AM,8:30 PM,1:30 PM,7:00 PM,Kathleen W Rollins Hall,Room 300 - Galloway Room 
12/2/2025 Tue,11:05 AM,2:00 PM,11:05 AM,2:00 PM,Kathleen W Rollins Hall,Room 143 - Meeting Room - CCLP Area
12/2/2025 Tue,11:30 AM,1:30 PM,11:30 AM,1:30 PM,Kathleen W Rollins Hall,Room 340 - Galloway Seminar Meeting Room
12/2/2025 Tue,12:00 PM,2:00 PM,12:00 PM,2:00 PM,Kathleen W Rollins Hall,Room 110 - Conference Room - Campus Media Area
12/2/2025 Tue,12:00 PM,2:00 PM,12:00 PM,2:00 PM,Olin Library,Room 230 - Library Meeting Room
12/2/2025 Tue,12:00 PM,5:00 PM,12:00 PM,5:00 PM,Kathleen W Rollins Hall,Room 241 - Conference Room - Hub/SE/Acad Adv Area
12/2/2025 Tue,12:15 PM,2:00 PM,12:15 PM,2:00 PM,Olin Library,Room 225 - Teaching Computer Lab (PC)
12/2/2025 Tue,12:15 PM,1:45 PM,12:15 PM,1:45 PM,Bush Science Center,Room 277 - Seminar Room 
12/2/2025 Tue,12:15 PM,1:45 PM,12:15 PM,1:45 PM,Kathleen W Rollins Hall,Room 330 - Teaching Seminar Room
12/2/2025 Tue,12:30 PM,1:30 PM,12:30 PM,1:30 PM,Kathleen W Rollins Hall,Room 149 - Conference Room - Academic Adv Area
12/2/2025 Tue,12:30 PM,1:30 PM,12:30 PM,1:30 PM,Bush Science Center,Room 202
12/2/2025 Tue,12:30 PM,1:30 PM,12:30 PM,1:30 PM,Kathleen W Rollins Hall,Room 230 - Conference Room - CLCE Area
12/2/2025 Tue,12:30 PM,1:30 PM,12:30 PM,1:30 PM,Bush Science Center,Room 310 - Computer Lab (Mac)
12/2/2025 Tue,12:30 PM,1:30 PM,12:30 PM,1:30 PM,Kathleen W Rollins Hall,Room 320 - Hauske Scale-up Classroom
12/2/2025 Tue,1:00 PM,2:00 PM,1:00 PM,2:00 PM,Bush Science Center,Room 123 - Seminar/Green Room - Sci Div Priority
12/2/2025 Tue,2:00 PM,3:00 PM,2:00 PM,3:00 PM,Kathleen W Rollins Hall,Room 149 - Conference Room - Academic Adv Area
12/2/2025 Tue,2:00 PM,4:00 PM,2:00 PM,4:00 PM,Olin Library,Room 230 - Library Meeting Room
12/2/2025 Tue,2:00 PM,5:00 PM,2:00 PM,5:00 PM,Kathleen W Rollins Hall,Room 330 - Teaching Seminar Room
12/2/2025 Tue,2:30 PM,3:30 PM,2:30 PM,3:30 PM,Bush Science Center,Room 260 - Chemistry Lab Pre-Lab/Seminar Room
12/2/2025 Tue,3:00 PM,4:00 PM,3:00 PM,4:00 PM,Bush Science Center,Room 123 - Seminar/Green Room - Sci Div Priority
12/2/2025 Tue,3:30 PM,4:30 PM,3:30 PM,4:30 PM,Kathleen W Rollins Hall,Room 128 - Screening Room
12/2/2025 Tue,4:00 PM,6:30 PM,4:00 PM,6:30 PM,Bush Science Center,Room 208
12/2/2025 Tue,4:00 PM,6:30 PM,4:00 PM,6:30 PM,Olin Library,Van Houten Conference Room
12/2/2025 Tue,4:45 PM,8:30 PM,4:45 PM,8:30 PM,Kathleen W Rollins Hall,Room 128 - Screening Room
12/2/2025 Tue,4:45 PM,6:00 PM,4:45 PM,6:00 PM,Bush Science Center,Room 212
12/2/2025 Tue,5:00 PM,7:00 PM,5:00 PM,7:00 PM,Bush Science Center,Room 200
12/2/2025 Tue,5:00 PM,9:00 PM,5:00 PM,9:00 PM,Bush Science Center,Room 201
12/2/2025 Tue,5:00 PM,6:00 PM,5:00 PM,6:00 PM,Bush Science Center,Room 202
12/2/2025 Tue,5:00 PM,9:30 PM,6:00 PM,8:30 PM,Bush Science Center,Room 210 
12/2/2025 Tue,5:00 PM,6:00 PM,5:00 PM,6:00 PM,Kathleen W Rollins Hall,Room 310 - Genius Scale-up Classroom
12/2/2025 Tue,6:00 PM,11:00 PM,6:00 PM,11:00 PM,Kathleen W Rollins Hall,Room 114 - Meeting Room - Campus Media Area
12/2/2025 Tue,7:00 PM,8:30 PM,7:00 PM,8:30 PM,Kathleen W Rollins Hall,Room 131 - Conference Room - CCLP Area
12/3/2025 Wed,8:00 AM,6:00 PM,8:00 AM,6:00 PM,Kathleen W Rollins Hall,Room 128 - Screening Room
12/3/2025 Wed,9:00 AM,1:30 PM,10:00 AM,12:30 PM,Bush Science Center,Bush Auditorium and Lobby
12/3/2025 Wed,9:00 AM,4:00 PM,9:00 AM,4:00 PM,Kathleen W Rollins Hall,Room 301 - Ourisman Meeting Room
12/3/2025 Wed,9:30 AM,10:45 AM,9:30 AM,10:45 AM,Bush Science Center,Room 274 - Operant Lab/Seminar - Operant Lab Prior
12/3/2025 Wed,10:00 AM,11:00 AM,10:00 AM,11:00 AM,Kathleen W Rollins Hall,Room 131 - Conference Room - CCLP Area
12/3/2025 Wed,10:00 AM,11:45 AM,10:00 AM,11:45 AM,Olin Library,Room 230 - Library Meeting Room
12/3/2025 Wed,11:00 AM,12:30 PM,11:00 AM,12:30 PM,Kathleen W Rollins Hall,Room 226 - Meeting Room - CLCE/Global Init. Area
12/3/2025 Wed,11:00 AM,12:00 PM,11:00 AM,12:00 PM,Kathleen W Rollins Hall,Room 241 - Conference Room - Hub/SE/Acad Adv Area
12/3/2025 Wed,11:00 AM,12:00 PM,11:00 AM,12:00 PM,Kathleen W Rollins Hall,Room 330 - Teaching Seminar Room
12/3/2025 Wed,12:00 PM,1:00 PM,12:00 PM,1:00 PM,Bush Science Center,Room 201
12/3/2025 Wed,12:00 PM,1:00 PM,12:00 PM,1:00 PM,Kathleen W Rollins Hall,Room 230 - Conference Room - CLCE Area
12/3/2025 Wed,12:00 PM,7:00 PM,1:00 PM,6:00 PM,Olin Library,Room 230 - Library Meeting Room
12/3/2025 Wed,1:00 PM,4:30 PM,1:00 PM,4:30 PM,Kathleen W Rollins Hall,Fountain Entrance Lobby & Gathering Stairs
12/3/2025 Wed,2:00 PM,3:00 PM,2:00 PM,3:00 PM,Bush Science Center,Room 202
12/3/2025 Wed,2:00 PM,6:00 PM,2:00 PM,6:00 PM,Kathleen W Rollins Hall,Room 230 - Conference Room - CLCE Area
12/3/2025 Wed,2:00 PM,3:30 PM,2:00 PM,3:30 PM,Kathleen W Rollins Hall,Room 330 - Teaching Seminar Room
12/3/2025 Wed,3:00 PM,7:00 PM,4:00 PM,6:00 PM,Bush Science Center,Bush Auditorium and Lobby
12/3/2025 Wed,3:00 PM,5:00 PM,3:00 PM,5:00 PM,Kathleen W Rollins Hall,Room 240/240B - Social Impact Hub/Classroom
12/3/2025 Wed,3:30 PM,4:30 PM,3:30 PM,4:30 PM,Bush Science Center,Room 200
12/3/2025 Wed,3:45 PM,5:45 PM,3:45 PM,5:45 PM,Kathleen W Rollins Hall,Room 241 - Conference Room - Hub/SE/Acad Adv Area
12/3/2025 Wed,4:00 PM,6:30 PM,4:00 PM,6:30 PM,Bush Science Center,Room 176 - Smart Classroom 
12/3/2025 Wed,4:00 PM,5:30 PM,4:00 PM,5:30 PM,Kathleen W Rollins Hall,Room 340 - Galloway Seminar Meeting Room
12/3/2025 Wed,5:00 PM,9:30 PM,6:00 PM,8:30 PM,Bush Science Center,Room 210 
12/3/2025 Wed,5:00 PM,7:00 PM,5:00 PM,7:00 PM,Kathleen W Rollins Hall,Room 330 - Teaching Seminar Room
12/3/2025 Wed,5:22 PM,6:22 PM,5:22 PM,6:22 PM,Bush Science Center,Room 228
12/3/2025 Wed,5:30 PM,10:30 PM,7:00 PM,9:00 PM,Kathleen W Rollins Hall,Room 300 - Galloway Room 
12/3/2025 Wed,6:00 PM,9:00 PM,6:00 PM,9:00 PM,Kathleen W Rollins Hall,Room 310 - Genius Scale-up Classroom
12/3/2025 Wed,7:00 PM,12:00 AM,7:00 PM,12:00 AM,Kathleen W Rollins Hall,Room 110 - Conference Room - Campus Media Area
12/3/2025 Wed,7:00 PM,10:00 PM,7:00 PM,10:00 PM,Bush Science Center,Room 310 - Computer Lab (Mac)
12/4/2025 Thu,8:00 AM,6:00 PM,8:00 AM,6:00 PM,Kathleen W Rollins Hall,Room 128 - Screening Room
12/4/2025 Thu,8:15 AM,12:00 PM,9:15 AM,11:00 AM,Bush Science Center,Bush Auditorium and Lobby
12/4/2025 Thu,9:00 AM,5:00 PM,10:30 AM,3:30 PM,Bush Science Center,Bush Lawn (Southside of building)
12/4/2025 Thu,9:00 AM,10:00 AM,9:00 AM,10:00 AM,Kathleen W Rollins Hall,Fountain Entrance Lobby & Gathering Stairs
12/4/2025 Thu,9:00 AM,3:00 PM,9:00 AM,3:00 PM,Kathleen W Rollins Hall,Room 301 - Ourisman Meeting Room
12/4/2025 Thu,9:30 AM,10:30 AM,9:30 AM,10:30 AM,Kathleen W Rollins Hall,Room 149 - Conference Room - Academic Adv Area
12/4/2025 Thu,10:30 AM,3:30 PM,12:00 PM,2:00 PM,Kathleen W Rollins Hall,Mills Lawn
12/4/2025 Thu,10:30 AM,4:30 PM,10:30 AM,4:30 PM,Olin Library,Room 220 - Center for Creativity (Mac) 
12/4/2025 Thu,11:00 AM,6:00 PM,11:00 AM,6:00 PM,Kathleen W Rollins Hall,Room 241 - Conference Room - Hub/SE/Acad Adv Area
12/4/2025 Thu,11:30 AM,2:45 PM,12:30 PM,1:45 PM,Olin Library,Room 230 - Library Meeting Room
12/4/2025 Thu,12:00 PM,1:00 PM,12:00 PM,1:00 PM,Kathleen W Rollins Hall,Fountain Entrance Lobby & Gathering Stairs
12/4/2025 Thu,12:00 PM,2:00 PM,12:00 PM,2:00 PM,Kathleen W Rollins Hall,Room 340 - Galloway Seminar Meeting Room
12/4/2025 Thu,12:15 PM,1:45 PM,12:15 PM,1:45 PM,Bush Science Center,Room 277 - Seminar Room 
12/4/2025 Thu,12:15 PM,1:45 PM,12:15 PM,1:45 PM,Olin Library,Van Houten Conference Room
12/4/2025 Thu,12:30 PM,1:50 PM,12:30 PM,1:50 PM,Bush Science Center,Room 208
12/4/2025 Thu,12:30 PM,1:15 PM,12:30 PM,1:15 PM,Bush Science Center,Room 210 
12/4/2025 Thu,12:30 PM,7:00 PM,2:00 PM,5:30 PM,Kathleen W Rollins Hall,Room 300 - Galloway Room 
12/4/2025 Thu,12:30 PM,1:30 PM,12:30 PM,1:30 PM,Kathleen W Rollins Hall,Room 310 - Genius Scale-up Classroom
12/4/2025 Thu,12:30 PM,1:45 PM,12:30 PM,1:45 PM,Kathleen W Rollins Hall,Room 330 - Teaching Seminar Room
12/4/2025 Thu,1:00 PM,2:00 PM,1:00 PM,2:00 PM,Kathleen W Rollins Hall,Room 149 - Conference Room - Academic Adv Area
12/4/2025 Thu,2:00 PM,3:00 PM,2:00 PM,3:00 PM,Bush Science Center,Room 277 - Seminar Room 
12/4/2025 Thu,2:00 PM,3:00 PM,2:00 PM,3:00 PM,Kathleen W Rollins Hall,Room 330 - Teaching Seminar Room
12/4/2025 Thu,2:30 PM,3:30 PM,2:30 PM,3:30 PM,Bush Science Center,Room 260 - Chemistry Lab Pre-Lab/Seminar Room
12/4/2025 Thu,2:30 PM,5:30 PM,2:30 PM,5:30 PM,Kathleen W Rollins Hall,Room 340 - Galloway Seminar Meeting Room
12/4/2025 Thu,4:00 PM,11:00 PM,5:00 PM,10:00 PM,Bush Science Center,Bush Auditorium and Lobby
12/4/2025 Thu,4:00 PM,6:00 PM,4:00 PM,6:00 PM,Bush Science Center,Room 176 - Smart Classroom 
12/4/2025 Thu,4:00 PM,6:30 PM,4:00 PM,6:30 PM,Olin Library,Van Houten Conference Room
12/4/2025 Thu,5:00 PM,7:00 PM,5:00 PM,7:00 PM,Bush Science Center,Room 200
12/4/2025 Thu,5:00 PM,9:00 PM,5:00 PM,9:00 PM,Bush Science Center,Room 201
12/4/2025 Thu,5:00 PM,7:00 PM,5:00 PM,7:00 PM,Bush Science Center,Room 210 
12/4/2025 Thu,5:00 PM,5:30 PM,5:00 PM,5:30 PM,Kathleen W Rollins Hall,Room 310 - Genius Scale-up Classroom
12/4/2025 Thu,5:00 PM,6:00 PM,5:00 PM,6:00 PM,Kathleen W Rollins Hall,Room 330 - Teaching Seminar Room
12/4/2025 Thu,6:00 PM,9:00 PM,6:00 PM,9:00 PM,Bush Science Center,Room 123 - Seminar/Green Room - Sci Div Priority
12/4/2025 Thu,7:00 PM,9:00 PM,7:00 PM,9:00 PM,Kathleen W Rollins Hall,Room 128 - Screening Room
12/5/2025 Fri,8:30 AM,12:30 PM,10:00 AM,11:00 AM,Bush Science Center,Bush Lawn (Southside of building)
12/5/2025 Fri,9:00 AM,10:00 AM,9:00 AM,10:00 AM,Kathleen W Rollins Hall,3rd Floor Lobby - Prefunction Area
12/5/2025 Fri,9:00 AM,11:00 AM,9:00 AM,11:00 AM,Olin Library,Room 230 - Library Meeting Room
12/5/2025 Fri,11:00 AM,4:00 PM,11:00 AM,4:00 PM,Kathleen W Rollins Hall,Room 241 - Conference Room - Hub/SE/Acad Adv Area
12/5/2025 Fri,2:00 PM,6:30 PM,2:00 PM,6:30 PM,Bush Science Center,Room 176 - Smart Classroom 
12/5/2025 Fri,2:00 PM,3:00 PM,2:00 PM,3:00 PM,Kathleen W Rollins Hall,Room 340 - Galloway Seminar Meeting Room
12/5/2025 Fri,4:30 PM,10:30 PM,6:00 PM,9:00 PM,Kathleen W Rollins Hall,Mills Lawn
12/5/2025 Fri,6:00 PM,9:00 PM,6:00 PM,9:00 PM,Bush Science Center,Room 210 
12/6/2025 Sat,7:00 AM,12:00 PM,8:00 AM,11:00 AM,Bush Science Center,Bush Auditorium and Lobby
12/6/2025 Sat,4:00 PM,9:00 PM,5:00 PM,8:00 PM,Kathleen W Rollins Hall,Room 300 - Galloway Room 
12/6/2025 Sat,8:00 PM,9:30 PM,8:00 PM,9:30 PM,Bush Science Center,Room 176 - Smart Classroom 
12/7/2025 Sun,2:00 PM,3:00 PM,2:00 PM,3:00 PM,Olin Library,Room 220 - Center for Creativity (Mac) 
12/7/2025 Sun,3:00 PM,5:00 PM,3:00 PM,5:00 PM,Bush Science Center,Room 210 
12/7/2025 Sun,5:00 PM,10:00 PM,5:30 PM,9:30 PM,Bush Science Center,Bush Auditorium and Lobby
12/7/2025 Sun,5:00 PM,8:30 PM,5:00 PM,8:30 PM,Kathleen W Rollins Hall,Room 310 - Genius Scale-up Classroom
12/7/2025 Sun,6:00 PM,9:30 PM,6:00 PM,9:30 PM,Bush Science Center,Room 201
12/8/2025 Mon,9:30 AM,2:30 PM,9:30 AM,2:30 PM,Kathleen W Rollins Hall,Fountain Entrance Lobby & Gathering Stairs
12/8/2025 Mon,10:00 AM,3:00 PM,12:00 PM,2:00 PM,Olin Library,Olin Lawn
12/8/2025 Mon,10:30 AM,11:00 AM,10:30 AM,11:00 AM,Kathleen W Rollins Hall,Room 230 - Conference Room - CLCE Area
12/8/2025 Mon,11:00 AM,1:30 PM,11:00 AM,1:30 PM,Kathleen W Rollins Hall,Room 149 - Conference Room - Academic Adv Area
12/8/2025 Mon,11:00 AM,4:00 PM,12:30 PM,2:30 PM,Kathleen W Rollins Hall,Room 300 - Galloway Room 
12/8/2025 Mon,11:00 AM,1:00 PM,11:00 AM,1:00 PM,Olin Library,Van Houten Conference Room
12/8/2025 Mon,11:45 AM,1:15 PM,11:45 AM,1:15 PM,Kathleen W Rollins Hall,Room 230 - Conference Room - CLCE Area
12/8/2025 Mon,12:00 PM,8:00 PM,12:00 PM,8:00 PM,Kathleen W Rollins Hall,Room 301 - Ourisman Meeting Room
12/8/2025 Mon,2:30 PM,4:00 PM,2:30 PM,4:00 PM,Kathleen W Rollins Hall,Room 230 - Conference Room - CLCE Area
12/8/2025 Mon,2:30 PM,4:00 PM,2:30 PM,4:00 PM,Kathleen W Rollins Hall,Room 241 - Conference Room - Hub/SE/Acad Adv Area
12/8/2025 Mon,3:00 PM,6:00 PM,3:00 PM,6:00 PM,Kathleen W Rollins Hall,Room 330 - Teaching Seminar Room
12/8/2025 Mon,3:30 PM,8:30 PM,4:30 PM,7:30 PM,Bush Science Center,Bush Auditorium and Lobby
12/8/2025 Mon,4:30 PM,7:30 PM,4:30 PM,7:30 PM,Bush Science Center,Room 176 - Smart Classroom 
12/8/2025 Mon,4:45 PM,7:00 PM,4:45 PM,7:00 PM,Bush Science Center,Room 210 
12/8/2025 Mon,4:45 PM,7:00 PM,4:45 PM,7:00 PM,Bush Science Center,Room 308 
12/8/2025 Mon,5:45 PM,9:00 PM,5:45 PM,9:00 PM,Kathleen W Rollins Hall,Room 310 - Genius Scale-up Classroom
12/9/2025 Tue,8:00 AM,12:00 PM,8:00 AM,12:00 PM,Bush Science Center,Room 200
12/9/2025 Tue,9:30 AM,2:30 PM,9:30 AM,2:30 PM,Kathleen W Rollins Hall,Fountain Entrance Lobby & Gathering Stairs
12/9/2025 Tue,9:30 AM,11:00 AM,9:30 AM,11:00 AM,Kathleen W Rollins Hall,Room 131 - Conference Room - CCLP Area
12/9/2025 Tue,10:00 AM,11:00 AM,10:00 AM,11:00 AM,Kathleen W Rollins Hall,Room 230 - Conference Room - CLCE Area
12/9/2025 Tue,12:00 PM,5:00 PM,12:00 PM,5:00 PM,Kathleen W Rollins Hall,Room 241 - Conference Room - Hub/SE/Acad Adv Area
12/9/2025 Tue,12:30 PM,1:30 PM,12:30 PM,1:30 PM,Kathleen W Rollins Hall,Room 149 - Conference Room - Academic Adv Area
12/9/2025 Tue,12:30 PM,1:30 PM,12:30 PM,1:30 PM,Kathleen W Rollins Hall,Room 230 - Conference Room - CLCE Area
12/9/2025 Tue,12:30 PM,1:30 PM,12:30 PM,1:30 PM,Kathleen W Rollins Hall,Room 340 - Galloway Seminar Meeting Room
12/9/2025 Tue,1:00 PM,3:00 PM,1:00 PM,3:00 PM,Kathleen W Rollins Hall,Room 330 - Teaching Seminar Room
12/9/2025 Tue,2:00 PM,3:00 PM,2:00 PM,3:00 PM,Kathleen W Rollins Hall,Room 230 - Conference Room - CLCE Area
12/9/2025 Tue,2:00 PM,6:00 PM,2:00 PM,6:00 PM,Kathleen W Rollins Hall,Room 340 - Galloway Seminar Meeting Room
12/9/2025 Tue,4:00 PM,6:30 PM,4:00 PM,6:30 PM,Olin Library,Van Houten Conference Room
12/9/2025 Tue,5:00 PM,6:00 PM,5:00 PM,6:00 PM,Kathleen W Rollins Hall,Room 310 - Genius Scale-up Classroom
12/10/2025 Wed,7:30 AM,12:30 PM,8:30 AM,11:30 AM,Bush Science Center,Bush Auditorium and Lobby
12/10/2025 Wed,7:30 AM,11:30 AM,9:00 AM,11:00 AM,Kathleen W Rollins Hall,Room 300 - Galloway Room 
12/10/2025 Wed,9:00 AM,10:00 AM,9:00 AM,10:00 AM,Bush Science Center,Bush Rooftop
12/10/2025 Wed,9:00 AM,11:00 AM,9:00 AM,11:00 AM,Kathleen W Rollins Hall,Room 340 - Galloway Seminar Meeting Room
12/10/2025 Wed,9:30 AM,2:30 PM,9:30 AM,2:30 PM,Kathleen W Rollins Hall,Fountain Entrance Lobby & Gathering Stairs
12/10/2025 Wed,9:30 AM,11:00 AM,9:30 AM,11:00 AM,Kathleen W Rollins Hall,Room 330 - Teaching Seminar Room
12/10/2025 Wed,10:00 AM,5:00 PM,10:00 AM,5:00 PM,Kathleen W Rollins Hall,Mills Foyer
12/10/2025 Wed,10:00 AM,11:00 AM,10:00 AM,11:00 AM,Bush Science Center,Room 123 - Seminar/Green Room - Sci Div Priority
12/10/2025 Wed,10:30 AM,3:30 PM,12:00 PM,2:00 PM,Bush Science Center,Bush Lawn (Southside of building)
12/10/2025 Wed,11:30 AM,4:30 PM,1:00 PM,3:00 PM,Kathleen W Rollins Hall,Mills Lawn
12/10/2025 Wed,11:30 AM,6:00 PM,1:00 PM,5:00 PM,Kathleen W Rollins Hall,Room 300 - Galloway Room 
12/10/2025 Wed,12:00 PM,1:00 PM,12:00 PM,1:00 PM,Kathleen W Rollins Hall,Room 230 - Conference Room - CLCE Area
12/10/2025 Wed,12:00 PM,6:00 PM,1:00 PM,5:00 PM,Olin Library,Room 230 - Library Meeting Room
12/10/2025 Wed,12:00 PM,2:00 PM,12:00 PM,2:00 PM,Kathleen W Rollins Hall,Room 340 - Galloway Seminar Meeting Room
12/10/2025 Wed,2:00 PM,6:00 PM,2:00 PM,6:00 PM,Kathleen W Rollins Hall,Room 241 - Conference Room - Hub/SE/Acad Adv Area
12/10/2025 Wed,2:00 PM,3:30 PM,2:00 PM,3:30 PM,Kathleen W Rollins Hall,Room 330 - Teaching Seminar Room
12/10/2025 Wed,2:15 PM,6:00 PM,2:15 PM,6:00 PM,Olin Library,Room 225 - Teaching Computer Lab (PC)
12/10/2025 Wed,3:00 PM,4:00 PM,3:00 PM,4:00 PM,Kathleen W Rollins Hall,Room 149 - Conference Room - Academic Adv Area
12/10/2025 Wed,3:30 PM,4:30 PM,3:30 PM,4:30 PM,Kathleen W Rollins Hall,Room 230 - Conference Room - CLCE Area
12/10/2025 Wed,5:00 PM,7:00 PM,5:00 PM,7:00 PM,Kathleen W Rollins Hall,Room 330 - Teaching Seminar Room
12/10/2025 Wed,6:30 PM,9:30 PM,6:30 PM,9:30 PM,Bush Science Center,Room 310 - Computer Lab (Mac)
12/11/2025 Thu,9:00 AM,10:00 AM,9:00 AM,10:00 AM,Bush Science Center,Bush Rooftop
12/11/2025 Thu,9:30 AM,2:30 PM,9:30 AM,2:30 PM,Kathleen W Rollins Hall,Fountain Entrance Lobby & Gathering Stairs
12/11/2025 Thu,9:30 AM,10:30 AM,9:30 AM,10:30 AM,Kathleen W Rollins Hall,Room 149 - Conference Room - Academic Adv Area
12/11/2025 Thu,11:00 AM,6:00 PM,11:00 AM,6:00 PM,Kathleen W Rollins Hall,Room 241 - Conference Room - Hub/SE/Acad Adv Area
12/11/2025 Thu,12:00 PM,2:00 PM,12:00 PM,2:00 PM,Kathleen W Rollins Hall,Room 330 - Teaching Seminar Room
12/11/2025 Thu,2:00 PM,3:00 PM,2:00 PM,3:00 PM,Kathleen W Rollins Hall,Room 230 - Conference Room - CLCE Area
12/11/2025 Thu,3:00 PM,4:30 PM,3:00 PM,4:30 PM,Kathleen W Rollins Hall,Room 240/240B - Social Impact Hub/Classroom
12/11/2025 Thu,3:00 PM,5:00 PM,3:00 PM,5:00 PM,Kathleen W Rollins Hall,Room 330 - Teaching Seminar Room
12/11/2025 Thu,4:00 PM,8:00 PM,5:00 PM,7:00 PM,Bush Science Center,Bush Auditorium and Lobby
12/11/2025 Thu,4:00 PM,6:30 PM,4:00 PM,6:30 PM,Olin Library,Van Houten Conference Room
12/11/2025 Thu,5:00 PM,6:00 PM,5:00 PM,6:00 PM,Kathleen W Rollins Hall,Room 340 - Galloway Seminar Meeting Room
12/12/2025 Fri,9:30 AM,2:30 PM,9:30 AM,2:30 PM,Kathleen W Rollins Hall,Fountain Entrance Lobby & Gathering Stairs
12/12/2025 Fri,9:30 AM,4:30 PM,11:00 AM,3:00 PM,Kathleen W Rollins Hall,Room 300 - Galloway Room 
12/12/2025 Fri,11:00 AM,4:00 PM,11:00 AM,4:00 PM,Kathleen W Rollins Hall,Room 241 - Conference Room - Hub/SE/Acad Adv Area
12/12/2025 Fri,2:30 PM,3:30 PM,2:30 PM,3:30 PM,Kathleen W Rollins Hall,Room 340 - Galloway Seminar Meeting Room
12/13/2025 Sat,7:00 AM,2:00 PM,7:00 AM,2:00 PM,Kathleen W Rollins Hall,Room 310 - Genius Scale-up Classroom
12/13/2025 Sat,7:00 AM,2:00 PM,7:00 AM,2:00 PM,Kathleen W Rollins Hall,Room 320 - Hauske Scale-up Classroom
12/13/2025 Sat,7:30 AM,3:30 PM,9:00 AM,2:00 PM,Kathleen W Rollins Hall,Room 300 - Galloway Room 
12/13/2025 Sat,9:00 AM,2:00 PM,9:00 AM,2:00 PM,Kathleen W Rollins Hall,Room 330 - Teaching Seminar Room
12/13/2025 Sat,9:00 AM,2:00 PM,9:00 AM,2:00 PM,Kathleen W Rollins Hall,Room 340 - Galloway Seminar Meeting Room
12/15/2025 Mon,8:00 AM,5:00 PM,8:00 AM,5:00 PM,Olin Library,Van Houten Conference Room
12/15/2025 Mon,8:30 AM,12:30 PM,10:00 AM,11:00 AM,Kathleen W Rollins Hall,Room 300 - Galloway Room 
12/15/2025 Mon,10:30 AM,11:00 AM,10:30 AM,11:00 AM,Kathleen W Rollins Hall,Room 230 - Conference Room - CLCE Area
12/15/2025 Mon,11:00 AM,12:00 PM,11:00 AM,12:00 PM,Kathleen W Rollins Hall,Room 340 - Galloway Seminar Meeting Room
12/15/2025 Mon,11:45 AM,1:15 PM,11:45 AM,1:15 PM,Kathleen W Rollins Hall,Room 230 - Conference Room - CLCE Area
12/15/2025 Mon,2:30 PM,3:30 PM,2:30 PM,3:30 PM,Kathleen W Rollins Hall,Room 230 - Conference Room - CLCE Area
12/15/2025 Mon,2:30 PM,4:00 PM,2:30 PM,4:00 PM,Kathleen W Rollins Hall,Room 241 - Conference Room - Hub/SE/Acad Adv Area
12/16/2025 Tue,8:00 AM,5:00 PM,8:00 AM,5:00 PM,Olin Library,Van Houten Conference Room
12/16/2025 Tue,9:00 AM,11:00 AM,9:00 AM,11:00 AM,Kathleen W Rollins Hall,Room 131 - Conference Room - CCLP Area
12/16/2025 Tue,9:00 AM,11:00 AM,9:00 AM,11:00 AM,Kathleen W Rollins Hall,Room 330 - Teaching Seminar Room
12/16/2025 Tue,10:00 AM,11:00 AM,10:00 AM,11:00 AM,Kathleen W Rollins Hall,Room 230 - Conference Room - CLCE Area
12/16/2025 Tue,11:00 AM,1:00 PM,11:00 AM,1:00 PM,Olin Library,Room 230 - Library Meeting Room
12/16/2025 Tue,11:00 AM,12:00 PM,11:00 AM,12:00 PM,Kathleen W Rollins Hall,Room 241 - Conference Room - Hub/SE/Acad Adv Area
12/16/2025 Tue,12:00 PM,5:00 PM,12:00 PM,5:00 PM,Kathleen W Rollins Hall,Room 230 - Conference Room - CLCE Area
12/16/2025 Tue,2:00 PM,4:00 PM,2:00 PM,4:00 PM,Kathleen W Rollins Hall,Room 330 - Teaching Seminar Room
12/16/2025 Tue,2:30 PM,10:00 PM,4:00 PM,8:30 PM,Kathleen W Rollins Hall,Room 300 - Galloway Room 
12/17/2025 Wed,8:00 AM,5:00 PM,8:00 AM,5:00 PM,Olin Library,Van Houten Conference Room
12/17/2025 Wed,12:00 PM,1:00 PM,12:00 PM,1:00 PM,Kathleen W Rollins Hall,Room 230 - Conference Room - CLCE Area
12/17/2025 Wed,2:00 PM,6:00 PM,2:00 PM,6:00 PM,Kathleen W Rollins Hall,Room 241 - Conference Room - Hub/SE/Acad Adv Area
12/17/2025 Wed,2:00 PM,3:30 PM,2:00 PM,3:30 PM,Kathleen W Rollins Hall,Room 330 - Teaching Seminar Room
12/18/2025 Thu,8:00 AM,5:00 PM,8:00 AM,5:00 PM,Olin Library,Van Houten Conference Room
12/18/2025 Thu,11:00 AM,6:00 PM,11:00 AM,6:00 PM,Kathleen W Rollins Hall,Room 241 - Conference Room - Hub/SE/Acad Adv Area
12/19/2025 Fri,8:00 AM,5:00 PM,8:00 AM,5:00 PM,Olin Library,Van Houten Conference Room
12/19/2025 Fri,11:00 AM,4:00 PM,11:00 AM,4:00 PM,Kathleen W Rollins Hall,Room 241 - Conference Room - Hub/SE/Acad Adv Area
12/22/2025 Mon,10:30 AM,11:00 AM,10:30 AM,11:00 AM,Kathleen W Rollins Hall,Room 230 - Conference Room - CLCE Area
12/24/2025 Wed,12:00 PM,1:00 PM,12:00 PM,1:00 PM,Kathleen W Rollins Hall,Room 230 - Conference Room - CLCE Area
12/31/2025 Wed,12:00 PM,1:00 PM,12:00 PM,1:00 PM,Kathleen W Rollins Hall,Room 230 - Conference Room - CLCE Area
1/1/2026 Thu,9:15 AM,11:00 AM,9:15 AM,11:00 AM,Kathleen W Rollins Hall,Room 241 - Conference Room - Hub/SE/Acad Adv Area
1/2/2026 Fri,7:00 AM,12:30 AM,8:00 AM,11:30 PM,Bush Science Center,Bush Auditorium and Lobby
1/2/2026 Fri,8:00 AM,11:30 PM,8:00 AM,11:30 PM,Bush Science Center,Room 123 - Seminar/Green Room - Sci Div Priority
1/2/2026 Fri,8:00 AM,11:30 PM,8:00 AM,11:30 PM,Bush Science Center,Room 176 - Smart Classroom 
1/2/2026 Fri,8:00 AM,11:30 PM,8:00 AM,11:30 PM,Bush Science Center,Room 201
1/2/2026 Fri,8:00 AM,11:30 PM,8:00 AM,11:30 PM,Bush Science Center,Room 208
1/2/2026 Fri,8:00 AM,11:30 PM,8:00 AM,11:30 PM,Bush Science Center,Room 301 - Computer Classroom (PC)
1/3/2026 Sat,7:00 AM,12:30 AM,8:00 AM,11:30 PM,Bush Science Center,Bush Auditorium and Lobby
1/3/2026 Sat,8:00 AM,11:30 PM,8:00 AM,11:30 PM,Bush Science Center,Room 123 - Seminar/Green Room - Sci Div Priority
1/3/2026 Sat,8:00 AM,11:30 PM,8:00 AM,11:30 PM,Bush Science Center,Room 176 - Smart Classroom 
1/3/2026 Sat,8:00 AM,11:30 PM,8:00 AM,11:30 PM,Bush Science Center,Room 201
1/3/2026 Sat,8:00 AM,11:30 PM,8:00 AM,11:30 PM,Bush Science Center,Room 208
1/3/2026 Sat,8:00 AM,11:30 PM,8:00 AM,11:30 PM,Bush Science Center,Room 301 - Computer Classroom (PC)
1/4/2026 Sun,7:00 AM,12:30 AM,8:00 AM,11:30 PM,Bush Science Center,Bush Auditorium and Lobby
1/4/2026 Sun,8:00 AM,11:30 PM,8:00 AM,11:30 PM,Bush Science Center,Room 123 - Seminar/Green Room - Sci Div Priority
1/4/2026 Sun,8:00 AM,11:30 PM,8:00 AM,11:30 PM,Bush Science Center,Room 176 - Smart Classroom 
1/4/2026 Sun,8:00 AM,11:30 PM,8:00 AM,11:30 PM,Bush Science Center,Room 201
1/4/2026 Sun,8:00 AM,11:30 PM,8:00 AM,11:30 PM,Bush Science Center,Room 208
1/4/2026 Sun,8:00 AM,11:30 PM,8:00 AM,11:30 PM,Bush Science Center,Room 301 - Computer Classroom (PC)
1/4/2026 Sun,5:00 PM,8:30 PM,5:00 PM,8:30 PM,Kathleen W Rollins Hall,Room 310 - Genius Scale-up Classroom
1/5/2026 Mon,7:00 AM,11:59 PM,8:00 AM,11:30 PM,Bush Science Center,Bush Auditorium and Lobby
1/5/2026 Mon,7:00 AM,4:00 PM,8:30 AM,2:30 PM,Kathleen W Rollins Hall,Room 300 - Galloway Room 
1/5/2026 Mon,8:00 AM,11:30 PM,8:00 AM,11:30 PM,Bush Science Center,Room 123 - Seminar/Green Room - Sci Div Priority
1/5/2026 Mon,8:00 AM,11:30 PM,8:00 AM,11:30 PM,Bush Science Center,Room 201
1/5/2026 Mon,8:00 AM,11:30 PM,8:00 AM,11:30 PM,Bush Science Center,Room 208
1/5/2026 Mon,8:00 AM,11:30 PM,8:00 AM,11:30 PM,Bush Science Center,Room 301 - Computer Classroom (PC)
1/5/2026 Mon,8:00 AM,5:00 PM,8:00 AM,5:00 PM,Olin Library,Van Houten Conference Room
1/5/2026 Mon,2:30 PM,4:30 PM,2:30 PM,4:30 PM,Kathleen W Rollins Hall,Room 149 - Conference Room - Academic Adv Area
1/5/2026 Mon,3:30 PM,5:00 PM,3:30 PM,5:00 PM,Kathleen W Rollins Hall,Room 330 - Teaching Seminar Room
1/6/2026 Tue,7:00 AM,11:59 PM,8:00 AM,11:30 PM,Bush Science Center,Bush Auditorium and Lobby
1/6/2026 Tue,8:00 AM,11:30 PM,8:00 AM,11:30 PM,Bush Science Center,Room 123 - Seminar/Green Room - Sci Div Priority
1/6/2026 Tue,8:00 AM,11:30 PM,8:00 AM,11:30 PM,Bush Science Center,Room 201
1/6/2026 Tue,8:00 AM,11:30 PM,8:00 AM,11:30 PM,Bush Science Center,Room 208
1/6/2026 Tue,8:00 AM,11:30 PM,8:00 AM,11:30 PM,Bush Science Center,Room 301 - Computer Classroom (PC)
1/6/2026 Tue,8:00 AM,4:00 PM,8:00 AM,4:00 PM,Kathleen W Rollins Hall,Room 340 - Galloway Seminar Meeting Room
1/6/2026 Tue,8:00 AM,5:00 PM,8:00 AM,5:00 PM,Olin Library,Van Houten Conference Room
1/6/2026 Tue,8:30 AM,12:00 PM,8:30 AM,12:00 PM,Bush Science Center,Room 200
1/6/2026 Tue,9:15 AM,11:00 AM,9:15 AM,11:00 AM,Kathleen W Rollins Hall,Room 241 - Conference Room - Hub/SE/Acad Adv Area
1/6/2026 Tue,9:30 AM,11:00 AM,9:30 AM,11:00 AM,Kathleen W Rollins Hall,Room 131 - Conference Room - CCLP Area
1/6/2026 Tue,9:45 AM,12:00 PM,9:45 AM,12:00 PM,Bush Science Center,Room 210 
1/6/2026 Tue,9:45 AM,12:00 PM,9:45 AM,12:00 PM,Bush Science Center,Room 212
1/6/2026 Tue,10:00 AM,11:00 AM,10:00 AM,11:00 AM,Kathleen W Rollins Hall,Room 230 - Conference Room - CLCE Area
1/6/2026 Tue,11:15 AM,4:30 PM,12:45 PM,3:00 PM,Kathleen W Rollins Hall,Room 300 - Galloway Room 
1/6/2026 Tue,1:00 PM,4:00 PM,1:00 PM,4:00 PM,Kathleen W Rollins Hall,Room 230 - Conference Room - CLCE Area
1/6/2026 Tue,2:00 PM,2:15 PM,2:00 PM,2:15 PM,Kathleen W Rollins Hall,Room 310 - Genius Scale-up Classroom
1/6/2026 Tue,2:00 PM,2:15 PM,2:00 PM,2:15 PM,Kathleen W Rollins Hall,Room 320 - Hauske Scale-up Classroom
1/7/2026 Wed,7:00 AM,11:59 PM,8:00 AM,11:30 PM,Bush Science Center,Bush Auditorium and Lobby
1/7/2026 Wed,7:15 AM,1:30 PM,8:45 AM,12:00 PM,Kathleen W Rollins Hall,Room 300 - Galloway Room 
1/7/2026 Wed,8:00 AM,11:30 PM,8:00 AM,11:30 PM,Bush Science Center,Room 123 - Seminar/Green Room - Sci Div Priority
1/7/2026 Wed,8:00 AM,11:30 PM,8:00 AM,11:30 PM,Bush Science Center,Room 201
1/7/2026 Wed,8:00 AM,11:30 PM,8:00 AM,11:30 PM,Bush Science Center,Room 208
1/7/2026 Wed,8:00 AM,11:30 PM,8:00 AM,11:30 PM,Bush Science Center,Room 301 - Computer Classroom (PC)
1/7/2026 Wed,8:00 AM,5:00 PM,8:00 AM,5:00 PM,Olin Library,Van Houten Conference Room
1/7/2026 Wed,9:00 AM,12:00 PM,9:00 AM,12:00 PM,Bush Science Center,Room 210 
1/7/2026 Wed,9:00 AM,12:00 PM,9:00 AM,12:00 PM,Bush Science Center,Room 212
1/7/2026 Wed,9:00 AM,12:30 PM,10:00 AM,11:30 AM,Olin Library,Room 230 - Library Meeting Room
1/7/2026 Wed,10:00 AM,11:00 AM,10:00 AM,11:00 AM,Olin Library,Room 319 
1/7/2026 Wed,2:00 PM,3:00 PM,2:00 PM,3:00 PM,Olin Library,Room 230 - Library Meeting Room
1/7/2026 Wed,2:00 PM,3:30 PM,2:00 PM,3:30 PM,Kathleen W Rollins Hall,Room 330 - Teaching Seminar Room
1/7/2026 Wed,3:00 PM,4:00 PM,3:00 PM,4:00 PM,Kathleen W Rollins Hall,Room 149 - Conference Room - Academic Adv Area
1/8/2026 Thu,7:00 AM,11:59 PM,8:00 AM,11:30 PM,Bush Science Center,Bush Auditorium and Lobby
1/8/2026 Thu,8:00 AM,11:30 PM,8:00 AM,11:30 PM,Bush Science Center,Room 123 - Seminar/Green Room - Sci Div Priority
1/8/2026 Thu,8:00 AM,11:30 PM,8:00 AM,11:30 PM,Bush Science Center,Room 201
1/8/2026 Thu,8:00 AM,11:30 PM,8:00 AM,11:30 PM,Bush Science Center,Room 208
1/8/2026 Thu,8:00 AM,11:30 PM,8:00 AM,11:30 PM,Bush Science Center,Room 301 - Computer Classroom (PC)
1/8/2026 Thu,8:00 AM,5:00 PM,8:00 AM,5:00 PM,Olin Library,Van Houten Conference Room
1/8/2026 Thu,9:15 AM,11:00 AM,9:15 AM,11:00 AM,Kathleen W Rollins Hall,Room 241 - Conference Room - Hub/SE/Acad Adv Area
1/8/2026 Thu,2:30 PM,5:00 PM,2:30 PM,5:00 PM,Kathleen W Rollins Hall,Room 330 - Teaching Seminar Room
1/8/2026 Thu,3:30 PM,10:00 PM,5:00 PM,8:30 PM,Kathleen W Rollins Hall,Room 300 - Galloway Room 
1/8/2026 Thu,4:00 PM,7:00 PM,4:00 PM,7:00 PM,Kathleen W Rollins Hall,Room 340 - Galloway Seminar Meeting Room
1/8/2026 Thu,4:45 PM,7:30 PM,4:45 PM,7:30 PM,Kathleen W Rollins Hall,Room 128 - Screening Room
1/8/2026 Thu,5:00 PM,11:00 PM,5:00 PM,11:00 PM,Kathleen W Rollins Hall,Room 330 - Teaching Seminar Room
1/9/2026 Fri,7:00 AM,11:59 PM,8:00 AM,11:30 PM,Bush Science Center,Bush Auditorium and Lobby
1/9/2026 Fri,8:00 AM,11:30 PM,8:00 AM,11:30 PM,Bush Science Center,Room 123 - Seminar/Green Room - Sci Div Priority
1/9/2026 Fri,8:00 AM,11:30 PM,8:00 AM,11:30 PM,Bush Science Center,Room 201
1/9/2026 Fri,8:00 AM,11:30 PM,8:00 AM,11:30 PM,Bush Science Center,Room 208
1/9/2026 Fri,8:00 AM,11:30 PM,8:00 AM,11:30 PM,Bush Science Center,Room 301 - Computer Classroom (PC)
1/9/2026 Fri,8:00 AM,4:00 PM,8:00 AM,4:00 PM,Kathleen W Rollins Hall,Room 340 - Galloway Seminar Meeting Room
1/9/2026 Fri,8:00 AM,5:00 PM,8:00 AM,5:00 PM,Olin Library,Van Houten Conference Room
1/9/2026 Fri,9:00 AM,7:00 PM,9:00 AM,7:00 PM,Bush Science Center,Bush Atrium - Student Priority
1/9/2026 Fri,9:00 AM,5:00 PM,9:00 AM,5:00 PM,Kathleen W Rollins Hall,Room 310 - Genius Scale-up Classroom
1/9/2026 Fri,11:30 AM,1:30 PM,11:30 AM,1:30 PM,Kathleen W Rollins Hall,Room 149 - Conference Room - Academic Adv Area
1/9/2026 Fri,3:00 PM,5:00 PM,3:00 PM,5:00 PM,Kathleen W Rollins Hall,Fountain Entrance Lobby & Gathering Stairs
1/9/2026 Fri,4:00 PM,10:00 PM,4:00 PM,10:00 PM,Kathleen W Rollins Hall,Room 330 - Teaching Seminar Room
1/9/2026 Fri,4:00 PM,10:00 PM,4:00 PM,10:00 PM,Kathleen W Rollins Hall,Room 340 - Galloway Seminar Meeting Room
1/9/2026 Fri,5:00 PM,8:00 PM,5:00 PM,8:00 PM,Bush Science Center,Room 176 - Smart Classroom 
1/10/2026 Sat,7:00 AM,2:00 PM,9:00 AM,1:00 PM,Bush Science Center,Bush Atrium - Student Priority
1/10/2026 Sat,8:00 AM,11:30 PM,8:00 AM,11:30 PM,Bush Science Center,Room 123 - Seminar/Green Room - Sci Div Priority
1/10/2026 Sat,8:00 AM,11:30 PM,8:00 AM,11:30 PM,Bush Science Center,Room 176 - Smart Classroom 
1/10/2026 Sat,8:00 AM,11:30 PM,8:00 AM,11:30 PM,Bush Science Center,Room 201
1/10/2026 Sat,8:00 AM,11:30 PM,8:00 AM,11:30 PM,Bush Science Center,Room 208
1/10/2026 Sat,8:00 AM,6:30 PM,2:30 PM,3:15 PM,Kathleen W Rollins Hall,Room 300 - Galloway Room 
1/10/2026 Sat,8:00 AM,11:30 PM,8:00 AM,11:30 PM,Bush Science Center,Room 301 - Computer Classroom (PC)
1/10/2026 Sat,8:30 AM,5:00 PM,9:30 AM,4:00 PM,Bush Science Center,Bush Auditorium and Lobby
1/10/2026 Sat,9:00 AM,12:00 PM,10:00 AM,11:00 AM,Kathleen W Rollins Hall,Room 320 - Hauske Scale-up Classroom
1/10/2026 Sat,9:30 AM,4:30 PM,11:00 AM,3:00 PM,Kathleen W Rollins Hall,Mills Lawn
1/10/2026 Sat,1:00 PM,4:00 PM,1:00 PM,4:00 PM,Kathleen W Rollins Hall,Room 310 - Genius Scale-up Classroom
1/10/2026 Sat,2:30 PM,5:00 PM,2:30 PM,5:00 PM,Kathleen W Rollins Hall,Fox Den
1/11/2026 Sun,8:00 AM,11:30 PM,8:00 AM,11:30 PM,Bush Science Center,Room 123 - Seminar/Green Room - Sci Div Priority
1/11/2026 Sun,8:00 AM,11:30 PM,8:00 AM,11:30 PM,Bush Science Center,Room 176 - Smart Classroom 
1/11/2026 Sun,8:00 AM,11:30 PM,8:00 AM,11:30 PM,Bush Science Center,Room 201
1/11/2026 Sun,8:00 AM,11:30 PM,8:00 AM,11:30 PM,Bush Science Center,Room 208
1/11/2026 Sun,8:00 AM,11:30 PM,8:00 AM,11:30 PM,Bush Science Center,Room 301 - Computer Classroom (PC)
1/11/2026 Sun,9:30 AM,4:30 PM,11:00 AM,3:00 PM,Kathleen W Rollins Hall,Mills Lawn
1/11/2026 Sun,10:30 AM,9:30 PM,12:00 PM,8:00 PM,Kathleen W Rollins Hall,Room 300 - Galloway Room 
1/11/2026 Sun,5:00 PM,6:00 PM,5:00 PM,6:00 PM,Kathleen W Rollins Hall,Tars Plaza
1/11/2026 Sun,6:00 PM,10:00 PM,7:00 PM,9:00 PM,Kathleen W Rollins Hall,Mills Lawn
1/12/2026 Mon,5:30 AM,2:30 PM,7:00 AM,1:00 PM,Kathleen W Rollins Hall,Room 300 - Galloway Room 
1/12/2026 Mon,5:30 AM,2:30 PM,7:00 AM,1:00 PM,Kathleen W Rollins Hall,Tars Plaza
1/12/2026 Mon,8:00 AM,5:00 PM,8:00 AM,5:00 PM,Bush Science Center,Room 164 - Physics Priority
1/12/2026 Mon,8:00 AM,5:00 PM,8:00 AM,5:00 PM,Bush Science Center,Room 176 - Smart Classroom 
1/13/2026 Tue,8:15 AM,11:00 AM,9:15 AM,10:00 AM,Bush Science Center,Bush Auditorium and Lobby
1/13/2026 Tue,8:30 AM,9:30 AM,8:30 AM,9:30 AM,Kathleen W Rollins Hall,Room 149 - Conference Room - Academic Adv Area
1/13/2026 Tue,9:00 AM,10:30 AM,9:00 AM,10:30 AM,Bush Science Center,Room 260 - Chemistry Lab Pre-Lab/Seminar Room
1/13/2026 Tue,9:00 AM,2:00 PM,9:00 AM,2:00 PM,Kathleen W Rollins Hall,Room 310 - Genius Scale-up Classroom
1/13/2026 Tue,9:00 AM,12:00 PM,9:00 AM,12:00 PM,Kathleen W Rollins Hall,Room 330 - Teaching Seminar Room
1/13/2026 Tue,9:30 AM,11:00 AM,9:30 AM,11:00 AM,Kathleen W Rollins Hall,Room 131 - Conference Room - CCLP Area
1/13/2026 Tue,10:00 AM,11:00 AM,10:00 AM,11:00 AM,Bush Science Center,Room 208
1/13/2026 Tue,10:00 AM,11:00 AM,10:00 AM,11:00 AM,Kathleen W Rollins Hall,Room 230 - Conference Room - CLCE Area
1/13/2026 Tue,10:00 AM,11:00 AM,10:00 AM,11:00 AM,Kathleen W Rollins Hall,Room 320 - Hauske Scale-up Classroom
1/13/2026 Tue,10:30 AM,5:30 PM,12:00 PM,4:00 PM,Kathleen W Rollins Hall,Room 300 - Galloway Room 
1/13/2026 Tue,11:00 AM,12:00 PM,11:00 AM,12:00 PM,Kathleen W Rollins Hall,Room 149 - Conference Room - Academic Adv Area
1/13/2026 Tue,11:00 AM,12:00 PM,11:00 AM,12:00 PM,Bush Science Center,Room 164 - Physics Priority
1/13/2026 Tue,11:00 AM,11:45 AM,11:00 AM,11:45 AM,Kathleen W Rollins Hall,Room 230 - Conference Room - CLCE Area
1/13/2026 Tue,1:00 PM,2:30 PM,1:00 PM,2:30 PM,Kathleen W Rollins Hall,Room 320 - Hauske Scale-up Classroom
1/14/2026 Wed,7:00 AM,12:00 PM,8:30 AM,10:30 AM,Kathleen W Rollins Hall,Tars Plaza
1/14/2026 Wed,7:30 AM,11:30 AM,9:00 AM,11:00 AM,Kathleen W Rollins Hall,Room 300 - Galloway Room 
1/14/2026 Wed,9:00 AM,7:00 PM,10:00 AM,6:00 PM,Olin Library,Room 230 - Library Meeting Room
1/14/2026 Wed,10:00 AM,3:00 PM,10:00 AM,3:00 PM,Kathleen W Rollins Hall,Room 128 - Screening Room
1/14/2026 Wed,10:30 AM,12:00 PM,10:30 AM,12:00 PM,Kathleen W Rollins Hall,Room 340 - Galloway Seminar Meeting Room
1/14/2026 Wed,11:30 AM,3:00 PM,12:00 PM,2:00 PM,Kathleen W Rollins Hall,Room 300 - Galloway Room 
1/14/2026 Wed,12:00 PM,1:00 PM,12:00 PM,1:00 PM,Kathleen W Rollins Hall,Room 230 - Conference Room - CLCE Area
1/14/2026 Wed,2:00 PM,6:00 PM,3:00 PM,5:00 PM,Bush Science Center,Bush Auditorium and Lobby
1/14/2026 Wed,2:00 PM,3:30 PM,2:00 PM,3:30 PM,Kathleen W Rollins Hall,Room 330 - Teaching Seminar Room
1/14/2026 Wed,3:00 PM,4:00 PM,3:00 PM,4:00 PM,Kathleen W Rollins Hall,Room 340 - Galloway Seminar Meeting Room
1/14/2026 Wed,4:00 PM,5:00 PM,4:00 PM,5:00 PM,Kathleen W Rollins Hall,Room 230 - Conference Room - CLCE Area
1/14/2026 Wed,5:30 PM,10:30 PM,7:00 PM,9:00 PM,Kathleen W Rollins Hall,Room 300 - Galloway Room 
1/14/2026 Wed,5:30 PM,7:00 PM,5:30 PM,7:00 PM,Kathleen W Rollins Hall,Room 330 - Teaching Seminar Room
1/15/2026 Thu,8:00 AM,8:00 PM,8:00 AM,8:00 PM,Kathleen W Rollins Hall,Room 300 - Galloway Room 
1/15/2026 Thu,9:00 AM,5:00 PM,10:30 AM,3:30 PM,Bush Science Center,Bush Lawn (Southside of building)
1/15/2026 Thu,10:00 AM,3:00 PM,10:00 AM,3:00 PM,Kathleen W Rollins Hall,Room 128 - Screening Room
1/15/2026 Thu,11:30 AM,2:45 PM,12:30 PM,1:45 PM,Olin Library,Room 230 - Library Meeting Room
1/15/2026 Thu,12:00 PM,2:00 PM,12:00 PM,2:00 PM,Kathleen W Rollins Hall,Room 230 - Conference Room - CLCE Area
1/15/2026 Thu,12:00 PM,2:00 PM,12:00 PM,2:00 PM,Kathleen W Rollins Hall,Room 340 - Galloway Seminar Meeting Room
1/15/2026 Thu,12:30 PM,1:45 PM,12:30 PM,1:45 PM,Bush Science Center,Room 123 - Seminar/Green Room - Sci Div Priority
1/15/2026 Thu,12:30 PM,1:45 PM,12:30 PM,1:45 PM,Kathleen W Rollins Hall,Room 330 - Teaching Seminar Room
1/16/2026 Fri,6:00 AM,7:00 PM,7:30 AM,5:30 PM,Kathleen W Rollins Hall,Room 300 - Galloway Room 
1/16/2026 Fri,7:30 AM,5:30 PM,7:30 AM,5:30 PM,Kathleen W Rollins Hall,Room 340 - Galloway Seminar Meeting Room
1/16/2026 Fri,10:00 AM,3:00 PM,10:00 AM,3:00 PM,Kathleen W Rollins Hall,Room 128 - Screening Room
1/16/2026 Fri,12:00 PM,1:00 PM,12:00 PM,1:00 PM,Kathleen W Rollins Hall,Room 230 - Conference Room - CLCE Area
1/16/2026 Fri,1:00 PM,2:00 PM,1:00 PM,2:00 PM,Kathleen W Rollins Hall,Room 241 - Conference Room - Hub/SE/Acad Adv Area
1/16/2026 Fri,2:00 PM,6:00 PM,2:00 PM,6:00 PM,Kathleen W Rollins Hall,Room 330 - Teaching Seminar Room
1/16/2026 Fri,3:00 PM,5:00 PM,3:00 PM,5:00 PM,Kathleen W Rollins Hall,Room 230 - Conference Room - CLCE Area
1/16/2026 Fri,3:30 PM,4:30 PM,3:30 PM,4:30 PM,Kathleen W Rollins Hall,Room 310 - Genius Scale-up Classroom
1/16/2026 Fri,3:30 PM,6:30 PM,3:30 PM,6:30 PM,Kathleen W Rollins Hall,Room 320 - Hauske Scale-up Classroom
1/17/2026 Sat,6:00 AM,7:00 PM,7:30 AM,5:30 PM,Kathleen W Rollins Hall,Room 300 - Galloway Room 
1/17/2026 Sat,7:00 AM,12:00 PM,8:00 AM,11:00 AM,Bush Science Center,Bush Auditorium and Lobby
1/17/2026 Sat,7:30 AM,5:30 PM,7:30 AM,5:30 PM,Kathleen W Rollins Hall,Room 340 - Galloway Seminar Meeting Room
1/18/2026 Sun,7:00 AM,12:30 PM,8:30 AM,11:00 AM,Kathleen W Rollins Hall,Room 300 - Galloway Room 
1/18/2026 Sun,9:00 AM,4:30 PM,9:00 AM,4:30 PM,Kathleen W Rollins Hall,Room 330 - Teaching Seminar Room
1/18/2026 Sun,11:00 AM,1:00 PM,11:00 AM,1:00 PM,Kathleen W Rollins Hall,Room 310 - Genius Scale-up Classroom
1/18/2026 Sun,2:00 PM,5:00 PM,2:00 PM,5:00 PM,Bush Science Center,Room 210 
1/18/2026 Sun,3:00 PM,11:00 PM,4:00 PM,10:00 PM,Bush Science Center,Bush Auditorium and Lobby
1/18/2026 Sun,3:00 PM,9:00 PM,4:30 PM,7:30 PM,Kathleen W Rollins Hall,Room 300 - Galloway Room 
1/18/2026 Sun,4:00 PM,10:00 PM,4:00 PM,10:00 PM,Bush Science Center,Room 176 - Smart Classroom 
1/18/2026 Sun,4:00 PM,10:00 PM,4:00 PM,10:00 PM,Bush Science Center,Room 201
1/19/2026 Mon,5:30 AM,10:30 PM,7:00 AM,9:00 PM,Kathleen W Rollins Hall,Tars Plaza
1/19/2026 Mon,5:00 PM,11:00 PM,6:00 PM,10:00 PM,Bush Science Center,Bush Auditorium and Lobby
1/20/2026 Tue,6:30 AM,6:30 PM,8:00 AM,5:00 PM,Kathleen W Rollins Hall,Room 300 - Galloway Room 
1/20/2026 Tue,9:00 AM,11:00 AM,9:00 AM,11:00 AM,Kathleen W Rollins Hall,Room 230 - Conference Room - CLCE Area
1/20/2026 Tue,9:30 AM,11:00 AM,9:30 AM,11:00 AM,Kathleen W Rollins Hall,Room 131 - Conference Room - CCLP Area
1/20/2026 Tue,10:00 AM,3:00 PM,11:00 AM,2:00 PM,Olin Library,Room 230 - Library Meeting Room
1/20/2026 Tue,11:00 AM,4:30 PM,12:00 PM,3:30 PM,Bush Science Center,Bush Auditorium and Lobby
1/20/2026 Tue,11:00 AM,12:30 PM,11:00 AM,12:30 PM,Kathleen W Rollins Hall,Room 230 - Conference Room - CLCE Area
1/20/2026 Tue,12:00 PM,2:00 PM,12:00 PM,2:00 PM,Kathleen W Rollins Hall,Room 110 - Conference Room - Campus Media Area
1/20/2026 Tue,12:00 PM,5:00 PM,12:00 PM,5:00 PM,Olin Library,Room 319 
1/20/2026 Tue,12:00 PM,2:00 PM,12:00 PM,2:00 PM,Kathleen W Rollins Hall,Room 340 - Galloway Seminar Meeting Room
1/20/2026 Tue,12:15 PM,1:45 PM,12:15 PM,1:45 PM,Bush Science Center,Room 277 - Seminar Room 
1/20/2026 Tue,12:15 PM,2:00 PM,12:15 PM,2:00 PM,Kathleen W Rollins Hall,Room 320 - Hauske Scale-up Classroom
1/20/2026 Tue,12:15 PM,1:45 PM,12:15 PM,1:45 PM,Kathleen W Rollins Hall,Room 330 - Teaching Seminar Room
1/20/2026 Tue,12:30 PM,1:30 PM,12:30 PM,1:30 PM,Olin Library,Room 104 - Edwin O. Grover Room
1/20/2026 Tue,12:30 PM,1:30 PM,12:30 PM,1:30 PM,Bush Science Center,Room 201
1/20/2026 Tue,12:30 PM,1:30 PM,12:30 PM,1:30 PM,Kathleen W Rollins Hall,Room 230 - Conference Room - CLCE Area
1/20/2026 Tue,12:30 PM,1:30 PM,12:30 PM,1:30 PM,Kathleen W Rollins Hall,Room 310 - Genius Scale-up Classroom
1/20/2026 Tue,1:00 PM,2:00 PM,1:00 PM,2:00 PM,Kathleen W Rollins Hall,Room 241 - Conference Room - Hub/SE/Acad Adv Area
1/20/2026 Tue,2:00 PM,4:15 PM,2:00 PM,4:15 PM,Kathleen W Rollins Hall,Room 131 - Conference Room - CCLP Area
1/20/2026 Tue,2:00 PM,3:00 PM,2:00 PM,3:00 PM,Kathleen W Rollins Hall,Room 149 - Conference Room - Academic Adv Area
1/20/2026 Tue,2:45 PM,4:15 PM,2:45 PM,4:15 PM,Kathleen W Rollins Hall,Room 330 - Teaching Seminar Room
1/20/2026 Tue,3:00 PM,4:15 PM,3:00 PM,4:15 PM,Kathleen W Rollins Hall,Room 340 - Galloway Seminar Meeting Room
1/20/2026 Tue,4:30 PM,7:00 PM,4:30 PM,7:00 PM,Kathleen W Rollins Hall,Room 330 - Teaching Seminar Room
1/20/2026 Tue,5:00 PM,6:00 PM,5:00 PM,6:00 PM,Kathleen W Rollins Hall,Room 230 - Conference Room - CLCE Area
1/20/2026 Tue,5:00 PM,7:00 PM,5:00 PM,7:00 PM,Kathleen W Rollins Hall,Room 340 - Galloway Seminar Meeting Room
1/20/2026 Tue,7:00 PM,8:30 PM,7:00 PM,8:30 PM,Kathleen W Rollins Hall,Room 131 - Conference Room - CCLP Area
1/21/2026 Wed,9:00 AM,12:30 PM,10:00 AM,11:30 AM,Olin Library,Room 230 - Library Meeting Room
1/21/2026 Wed,9:30 AM,10:30 AM,9:30 AM,10:30 AM,Olin Library,Van Houten Conference Room
1/21/2026 Wed,10:30 AM,3:00 PM,12:00 PM,1:30 PM,Kathleen W Rollins Hall,Mills Lawn
1/21/2026 Wed,12:00 PM,1:30 PM,12:00 PM,1:30 PM,Kathleen W Rollins Hall,Fountain Entrance Lobby & Gathering Stairs
1/21/2026 Wed,12:00 PM,1:00 PM,12:00 PM,1:00 PM,Kathleen W Rollins Hall,Room 230 - Conference Room - CLCE Area
1/21/2026 Wed,12:00 PM,1:00 PM,12:00 PM,1:00 PM,Kathleen W Rollins Hall,Room 241 - Conference Room - Hub/SE/Acad Adv Area
1/21/2026 Wed,2:00 PM,3:30 PM,2:00 PM,3:30 PM,Kathleen W Rollins Hall,Room 330 - Teaching Seminar Room
1/21/2026 Wed,2:30 PM,3:30 PM,2:30 PM,3:30 PM,Kathleen W Rollins Hall,Room 230 - Conference Room - CLCE Area
1/21/2026 Wed,2:30 PM,4:00 PM,2:30 PM,4:00 PM,Kathleen W Rollins Hall,Room 340 - Galloway Seminar Meeting Room
1/21/2026 Wed,3:00 PM,6:00 PM,4:00 PM,5:00 PM,Olin Library,Room 230 - Library Meeting Room
1/21/2026 Wed,3:00 PM,4:00 PM,3:00 PM,4:00 PM,Kathleen W Rollins Hall,Room 241 - Conference Room - Hub/SE/Acad Adv Area
1/21/2026 Wed,3:45 PM,5:00 PM,3:45 PM,5:00 PM,Olin Library,Room 104 - Edwin O. Grover Room
1/21/2026 Wed,5:00 PM,6:00 PM,5:00 PM,6:00 PM,Bush Science Center,Room 308 
1/21/2026 Wed,5:30 PM,9:00 PM,5:30 PM,9:00 PM,Bush Science Center,Room 201
1/21/2026 Wed,5:30 PM,10:30 PM,7:00 PM,9:00 PM,Kathleen W Rollins Hall,Room 300 - Galloway Room 
1/21/2026 Wed,5:30 PM,7:00 PM,5:30 PM,7:00 PM,Kathleen W Rollins Hall,Room 330 - Teaching Seminar Room
1/21/2026 Wed,5:45 PM,7:30 PM,5:45 PM,7:30 PM,Bush Science Center,Room 176 - Smart Classroom 
1/22/2026 Thu,6:30 AM,7:30 PM,8:00 AM,6:00 PM,Kathleen W Rollins Hall,Mills Lawn
1/22/2026 Thu,8:00 AM,6:00 PM,8:00 AM,6:00 PM,Kathleen W Rollins Hall,Fountain Entrance Lobby & Gathering Stairs
1/22/2026 Thu,8:00 AM,6:00 PM,8:00 AM,6:00 PM,Kathleen W Rollins Hall,Mills Foyer
1/22/2026 Thu,8:30 AM,1:00 PM,10:00 AM,11:30 AM,Kathleen W Rollins Hall,Room 300 - Galloway Room 
1/22/2026 Thu,9:00 AM,11:30 AM,9:00 AM,11:30 AM,Kathleen W Rollins Hall,Room 128 - Screening Room
1/22/2026 Thu,10:00 AM,3:00 PM,10:00 AM,3:00 PM,Kathleen W Rollins Hall,Room 330 - Teaching Seminar Room
1/22/2026 Thu,11:00 AM,5:00 PM,11:00 AM,5:00 PM,Kathleen W Rollins Hall,Room 241 - Conference Room - Hub/SE/Acad Adv Area
1/22/2026 Thu,12:00 PM,2:00 PM,12:00 PM,2:00 PM,Kathleen W Rollins Hall,Room 340 - Galloway Seminar Meeting Room
1/22/2026 Thu,12:15 PM,2:00 PM,12:15 PM,2:00 PM,Kathleen W Rollins Hall,Room 240/240B - Social Impact Hub/Classroom
1/22/2026 Thu,12:15 PM,1:45 PM,12:15 PM,1:45 PM,Bush Science Center,Room 277 - Seminar Room 
1/22/2026 Thu,12:30 PM,2:15 PM,12:30 PM,2:15 PM,Kathleen W Rollins Hall,Room 230 - Conference Room - CLCE Area
1/22/2026 Thu,3:00 PM,4:30 PM,3:00 PM,4:30 PM,Kathleen W Rollins Hall,Room 340 - Galloway Seminar Meeting Room
1/22/2026 Thu,3:30 PM,6:00 PM,3:30 PM,6:00 PM,Kathleen W Rollins Hall,Room 240/240B - Social Impact Hub/Classroom
1/22/2026 Thu,4:00 PM,8:00 PM,5:00 PM,7:00 PM,Olin Library,Room 230 - Library Meeting Room
1/22/2026 Thu,4:30 PM,10:00 PM,5:30 PM,9:00 PM,Bush Science Center,Bush Auditorium and Lobby
1/22/2026 Thu,5:00 PM,8:00 PM,5:00 PM,8:00 PM,Kathleen W Rollins Hall,Room 340 - Galloway Seminar Meeting Room
1/22/2026 Thu,7:00 PM,8:00 PM,7:00 PM,8:00 PM,Kathleen W Rollins Hall,Room 330 - Teaching Seminar Room
1/23/2026 Fri,8:30 AM,4:30 PM,8:30 AM,4:30 PM,Olin Library,Van Houten Conference Room
1/23/2026 Fri,11:00 AM,4:00 PM,11:00 AM,4:00 PM,Kathleen W Rollins Hall,Room 149 - Conference Room - Academic Adv Area
1/23/2026 Fri,11:30 AM,10:00 PM,1:00 PM,6:00 PM,Kathleen W Rollins Hall,Room 300 - Galloway Room 
1/23/2026 Fri,12:00 PM,1:00 PM,12:00 PM,1:00 PM,Bush Science Center,Room 277 - Seminar Room 
1/23/2026 Fri,12:30 PM,2:30 PM,12:30 PM,2:30 PM,Kathleen W Rollins Hall,Room 340 - Galloway Seminar Meeting Room
1/23/2026 Fri,1:30 PM,2:30 PM,1:30 PM,2:30 PM,Kathleen W Rollins Hall,Room 230 - Conference Room - CLCE Area
1/23/2026 Fri,3:00 PM,4:15 PM,3:00 PM,4:15 PM,Kathleen W Rollins Hall,Room 241 - Conference Room - Hub/SE/Acad Adv Area
1/23/2026 Fri,3:30 PM,5:00 PM,3:30 PM,5:00 PM,Kathleen W Rollins Hall,Room 230 - Conference Room - CLCE Area
1/23/2026 Fri,4:00 PM,7:00 PM,4:00 PM,7:00 PM,Bush Science Center,Room 201
1/24/2026 Sat,7:00 AM,12:00 PM,8:00 AM,11:00 AM,Bush Science Center,Bush Auditorium and Lobby
1/24/2026 Sat,7:00 AM,2:30 PM,8:30 AM,1:00 PM,Kathleen W Rollins Hall,Room 300 - Galloway Room 
1/24/2026 Sat,9:00 AM,1:00 PM,9:00 AM,1:00 PM,Bush Science Center,Room 176 - Smart Classroom 
1/24/2026 Sat,9:00 AM,1:00 PM,9:00 AM,1:00 PM,Kathleen W Rollins Hall,Room 340 - Galloway Seminar Meeting Room
1/24/2026 Sat,9:15 AM,10:00 AM,9:15 AM,10:00 AM,Kathleen W Rollins Hall,Room 128 - Screening Room
1/25/2026 Sun,2:00 PM,4:00 PM,2:00 PM,4:00 PM,Kathleen W Rollins Hall,Room 310 - Genius Scale-up Classroom
1/25/2026 Sun,3:00 PM,11:00 PM,4:00 PM,10:00 PM,Bush Science Center,Bush Auditorium and Lobby
1/25/2026 Sun,4:00 PM,10:00 PM,4:00 PM,10:00 PM,Bush Science Center,Room 176 - Smart Classroom 
1/25/2026 Sun,4:00 PM,10:00 PM,4:00 PM,10:00 PM,Bush Science Center,Room 201
1/26/2026 Mon,8:30 AM,12:30 PM,10:00 AM,11:00 AM,Kathleen W Rollins Hall,Mills Lawn
1/26/2026 Mon,8:30 AM,12:30 PM,10:00 AM,11:00 AM,Kathleen W Rollins Hall,Room 300 - Galloway Room 
1/26/2026 Mon,9:00 AM,4:30 PM,9:00 AM,4:30 PM,Kathleen W Rollins Hall,Room 230 - Conference Room - CLCE Area
1/26/2026 Mon,10:00 AM,11:00 AM,10:00 AM,11:00 AM,Kathleen W Rollins Hall,Room 149 - Conference Room - Academic Adv Area
1/26/2026 Mon,11:00 AM,12:00 PM,11:00 AM,12:00 PM,Kathleen W Rollins Hall,Room 340 - Galloway Seminar Meeting Room
1/26/2026 Mon,1:30 PM,4:00 PM,1:30 PM,4:00 PM,Kathleen W Rollins Hall,Room 330 - Teaching Seminar Room
1/26/2026 Mon,2:30 PM,4:00 PM,2:30 PM,4:00 PM,Bush Science Center,Room 277 - Seminar Room 
1/26/2026 Mon,3:00 PM,6:00 PM,4:00 PM,5:00 PM,Olin Library,Room 230 - Library Meeting Room
1/26/2026 Mon,5:00 PM,11:00 PM,6:00 PM,10:00 PM,Bush Science Center,Bush Auditorium and Lobby
1/26/2026 Mon,5:30 PM,11:30 PM,7:00 PM,10:00 PM,Kathleen W Rollins Hall,Room 300 - Galloway Room 
1/26/2026 Mon,5:30 PM,6:30 PM,5:30 PM,6:30 PM,Kathleen W Rollins Hall,Room 310 - Genius Scale-up Classroom
1/26/2026 Mon,5:30 PM,7:30 PM,5:30 PM,7:30 PM,Kathleen W Rollins Hall,Room 330 - Teaching Seminar Room
1/26/2026 Mon,6:00 PM,7:30 PM,6:00 PM,7:30 PM,Kathleen W Rollins Hall,Room 320 - Hauske Scale-up Classroom
1/26/2026 Mon,7:00 PM,8:00 PM,7:00 PM,8:00 PM,Bush Science Center,Room 200
1/27/2026 Tue,6:00 AM,6:30 PM,7:30 AM,5:00 PM,Kathleen W Rollins Hall,Room 300 - Galloway Room 
1/27/2026 Tue,9:00 AM,10:00 AM,9:00 AM,10:00 AM,Kathleen W Rollins Hall,Mills Lawn
1/27/2026 Tue,9:30 AM,11:00 AM,9:30 AM,11:00 AM,Kathleen W Rollins Hall,Room 131 - Conference Room - CCLP Area
1/27/2026 Tue,10:00 AM,11:00 AM,10:00 AM,11:00 AM,Kathleen W Rollins Hall,Room 230 - Conference Room - CLCE Area
1/27/2026 Tue,11:00 AM,5:00 PM,11:00 AM,5:00 PM,Kathleen W Rollins Hall,Room 149 - Conference Room - Academic Adv Area
1/27/2026 Tue,11:00 AM,12:30 PM,11:00 AM,12:30 PM,Kathleen W Rollins Hall,Room 230 - Conference Room - CLCE Area
1/27/2026 Tue,12:00 PM,2:00 PM,12:00 PM,2:00 PM,Kathleen W Rollins Hall,Room 110 - Conference Room - Campus Media Area
1/27/2026 Tue,12:15 PM,1:45 PM,12:15 PM,1:45 PM,Bush Science Center,Room 277 - Seminar Room 
1/27/2026 Tue,12:15 PM,1:45 PM,12:15 PM,1:45 PM,Kathleen W Rollins Hall,Room 330 - Teaching Seminar Room
1/27/2026 Tue,12:30 PM,1:30 PM,12:30 PM,1:30 PM,Olin Library,Room 104 - Edwin O. Grover Room
1/27/2026 Tue,12:30 PM,1:30 PM,12:30 PM,1:30 PM,Bush Science Center,Room 202
1/27/2026 Tue,12:30 PM,1:30 PM,12:30 PM,1:30 PM,Kathleen W Rollins Hall,Room 230 - Conference Room - CLCE Area
1/27/2026 Tue,12:30 PM,1:45 PM,12:30 PM,1:45 PM,Kathleen W Rollins Hall,Room 310 - Genius Scale-up Classroom
1/27/2026 Tue,12:30 PM,1:45 PM,12:30 PM,1:45 PM,Kathleen W Rollins Hall,Room 320 - Hauske Scale-up Classroom
1/27/2026 Tue,1:30 PM,3:00 PM,1:30 PM,3:00 PM,Kathleen W Rollins Hall,Room 230 - Conference Room - CLCE Area
1/27/2026 Tue,2:30 PM,4:00 PM,2:30 PM,4:00 PM,Kathleen W Rollins Hall,Room 241 - Conference Room - Hub/SE/Acad Adv Area
1/27/2026 Tue,3:30 PM,5:30 PM,3:30 PM,5:30 PM,Olin Library,Room 319 
1/27/2026 Tue,4:00 PM,9:30 PM,5:00 PM,8:30 PM,Bush Science Center,Bush Auditorium and Lobby
1/27/2026 Tue,4:00 PM,6:30 PM,4:00 PM,6:30 PM,Bush Science Center,Room 202
1/27/2026 Tue,5:00 PM,6:00 PM,5:00 PM,6:00 PM,Bush Science Center,Room 176 - Smart Classroom 
1/27/2026 Tue,5:00 PM,6:00 PM,5:00 PM,6:00 PM,Kathleen W Rollins Hall,Room 340 - Galloway Seminar Meeting Room
1/27/2026 Tue,8:00 PM,10:00 PM,8:00 PM,10:00 PM,Kathleen W Rollins Hall,Room 128 - Screening Room
1/28/2026 Wed,8:30 AM,10:30 AM,8:30 AM,10:30 AM,Kathleen W Rollins Hall,Fountain Entrance Lobby & Gathering Stairs
1/28/2026 Wed,8:30 AM,10:30 AM,8:30 AM,10:30 AM,Kathleen W Rollins Hall,Room 230 - Conference Room - CLCE Area
1/28/2026 Wed,8:30 AM,12:15 PM,10:00 AM,10:45 AM,Kathleen W Rollins Hall,Room 300 - Galloway Room 
1/28/2026 Wed,10:00 AM,12:00 PM,10:00 AM,12:00 PM,Kathleen W Rollins Hall,Room 241 - Conference Room - Hub/SE/Acad Adv Area
1/28/2026 Wed,12:00 PM,1:00 PM,12:00 PM,1:00 PM,Kathleen W Rollins Hall,Room 230 - Conference Room - CLCE Area
1/28/2026 Wed,12:00 PM,2:00 PM,12:00 PM,2:00 PM,Kathleen W Rollins Hall,Room 241 - Conference Room - Hub/SE/Acad Adv Area
1/28/2026 Wed,1:00 PM,2:00 PM,1:00 PM,2:00 PM,Kathleen W Rollins Hall,Room 128 - Screening Room
1/28/2026 Wed,1:00 PM,2:00 PM,1:00 PM,2:00 PM,Kathleen W Rollins Hall,Room 230 - Conference Room - CLCE Area
1/28/2026 Wed,1:00 PM,2:00 PM,1:00 PM,2:00 PM,Kathleen W Rollins Hall,Room 340 - Galloway Seminar Meeting Room
1/28/2026 Wed,2:00 PM,3:00 PM,2:00 PM,3:00 PM,Kathleen W Rollins Hall,Room 230 - Conference Room - CLCE Area
1/28/2026 Wed,2:00 PM,3:30 PM,2:00 PM,3:30 PM,Kathleen W Rollins Hall,Room 330 - Teaching Seminar Room
1/28/2026 Wed,3:00 PM,4:00 PM,3:00 PM,4:00 PM,Kathleen W Rollins Hall,Room 340 - Galloway Seminar Meeting Room
1/28/2026 Wed,4:00 PM,6:00 PM,4:00 PM,6:00 PM,Bush Science Center,Room 200
1/28/2026 Wed,4:00 PM,5:00 PM,4:00 PM,5:00 PM,Kathleen W Rollins Hall,Room 310 - Genius Scale-up Classroom
1/28/2026 Wed,5:00 PM,6:30 PM,5:00 PM,6:30 PM,Olin Library,Room 230 - Library Meeting Room
1/28/2026 Wed,5:30 PM,7:30 PM,5:30 PM,7:30 PM,Bush Science Center,Room 201
1/28/2026 Wed,5:30 PM,10:30 PM,7:00 PM,9:00 PM,Kathleen W Rollins Hall,Room 300 - Galloway Room 
1/28/2026 Wed,5:30 PM,7:00 PM,5:30 PM,7:00 PM,Kathleen W Rollins Hall,Room 330 - Teaching Seminar Room
1/28/2026 Wed,6:00 PM,8:00 PM,6:00 PM,8:00 PM,Bush Science Center,Room 277 - Seminar Room 
1/29/2026 Thu,8:30 AM,12:00 PM,9:30 AM,11:00 AM,Olin Library,Room 230 - Library Meeting Room
1/29/2026 Thu,9:00 AM,3:00 PM,9:00 AM,3:00 PM,Kathleen W Rollins Hall,Room 230 - Conference Room - CLCE Area
1/29/2026 Thu,9:00 AM,12:00 PM,9:00 AM,12:00 PM,Bush Science Center,Room 260 - Chemistry Lab Pre-Lab/Seminar Room
1/29/2026 Thu,9:30 AM,10:30 AM,9:30 AM,10:30 AM,Kathleen W Rollins Hall,Room 149 - Conference Room - Academic Adv Area
1/29/2026 Thu,10:30 AM,1:30 PM,12:00 PM,1:00 PM,Olin Library,Olin Lawn
1/29/2026 Thu,10:30 AM,12:30 PM,10:30 AM,12:30 PM,Kathleen W Rollins Hall,Room 330 - Teaching Seminar Room
1/29/2026 Thu,11:00 AM,5:00 PM,11:00 AM,5:00 PM,Kathleen W Rollins Hall,Room 149 - Conference Room - Academic Adv Area
1/29/2026 Thu,11:00 AM,3:00 PM,12:30 PM,1:30 PM,Kathleen W Rollins Hall,Room 300 - Galloway Room 
1/29/2026 Thu,11:15 AM,12:15 PM,11:15 AM,12:15 PM,Kathleen W Rollins Hall,Room 241 - Conference Room - Hub/SE/Acad Adv Area
1/29/2026 Thu,12:00 PM,2:00 PM,12:00 PM,2:00 PM,Kathleen W Rollins Hall,Room 340 - Galloway Seminar Meeting Room
1/29/2026 Thu,12:15 PM,1:45 PM,12:15 PM,1:45 PM,Bush Science Center,Room 277 - Seminar Room 
1/29/2026 Thu,12:30 PM,2:00 PM,12:30 PM,2:00 PM,Bush Science Center,Room 123 - Seminar/Green Room - Sci Div Priority
1/29/2026 Thu,12:30 PM,1:45 PM,12:30 PM,1:45 PM,Bush Science Center,Room 176 - Smart Classroom 
1/29/2026 Thu,12:30 PM,1:30 PM,12:30 PM,1:30 PM,Bush Science Center,Room 201
1/29/2026 Thu,2:00 PM,4:00 PM,2:00 PM,4:00 PM,Olin Library,Olin Lawn
1/29/2026 Thu,2:00 PM,3:00 PM,2:00 PM,3:00 PM,Kathleen W Rollins Hall,Room 131 - Conference Room - CCLP Area
1/29/2026 Thu,2:00 PM,3:30 PM,2:00 PM,3:30 PM,Olin Library,Room 319 
1/29/2026 Thu,3:00 PM,4:00 PM,3:00 PM,4:00 PM,Kathleen W Rollins Hall,Room 340 - Galloway Seminar Meeting Room
1/29/2026 Thu,3:30 PM,8:30 PM,4:30 PM,7:30 PM,Olin Library,Room 230 - Library Meeting Room
1/29/2026 Thu,3:30 PM,5:30 PM,3:30 PM,5:30 PM,Olin Library,Room 319 
1/29/2026 Thu,4:00 PM,5:00 PM,4:00 PM,5:00 PM,Kathleen W Rollins Hall,Room 330 - Teaching Seminar Room
1/29/2026 Thu,4:30 PM,6:00 PM,4:30 PM,6:00 PM,Kathleen W Rollins Hall,Room 340 - Galloway Seminar Meeting Room
1/29/2026 Thu,5:00 PM,6:00 PM,5:00 PM,6:00 PM,Kathleen W Rollins Hall,Fountain Entrance Lobby & Gathering Stairs
1/29/2026 Thu,5:00 PM,7:00 PM,5:00 PM,7:00 PM,Bush Science Center,Room 123 - Seminar/Green Room - Sci Div Priority
1/29/2026 Thu,5:00 PM,6:00 PM,5:00 PM,6:00 PM,Kathleen W Rollins Hall,Room 128 - Screening Room
1/29/2026 Thu,5:00 PM,8:00 PM,5:00 PM,8:00 PM,Kathleen W Rollins Hall,Room 330 - Teaching Seminar Room
1/29/2026 Thu,5:30 PM,8:30 PM,6:30 PM,7:30 PM,Bush Science Center,Bush Auditorium and Lobby
1/29/2026 Thu,6:00 PM,7:00 PM,6:00 PM,7:00 PM,Bush Science Center,Room 201
1/29/2026 Thu,6:00 PM,7:00 PM,6:00 PM,7:00 PM,Kathleen W Rollins Hall,Room 340 - Galloway Seminar Meeting Room
1/30/2026 Fri,6:00 AM,3:30 PM,7:30 AM,2:00 PM,Kathleen W Rollins Hall,Room 300 - Galloway Room 
1/30/2026 Fri,6:30 AM,3:00 PM,7:30 AM,2:00 PM,Bush Science Center,Bush Auditorium and Lobby
1/30/2026 Fri,7:30 AM,5:00 PM,7:30 AM,5:00 PM,Olin Library,Room 211 - Tutoring & Writing Center
1/30/2026 Fri,8:00 AM,10:00 AM,8:00 AM,10:00 AM,Olin Library,Room 220 - Center for Creativity (Mac) 
1/30/2026 Fri,8:00 AM,5:00 PM,8:00 AM,5:00 PM,Olin Library,Room 230 - Library Meeting Room
1/30/2026 Fri,8:00 AM,5:00 PM,8:00 AM,5:00 PM,Olin Library,Van Houten Conference Room
1/30/2026 Fri,10:00 AM,11:00 AM,10:00 AM,11:00 AM,Kathleen W Rollins Hall,Room 330 - Teaching Seminar Room
1/30/2026 Fri,10:00 AM,11:00 AM,10:00 AM,11:00 AM,Kathleen W Rollins Hall,Room 340 - Galloway Seminar Meeting Room
1/30/2026 Fri,10:30 AM,12:00 PM,10:30 AM,12:00 PM,Kathleen W Rollins Hall,Room 230 - Conference Room - CLCE Area
1/30/2026 Fri,11:00 AM,4:00 PM,11:00 AM,4:00 PM,Kathleen W Rollins Hall,Room 149 - Conference Room - Academic Adv Area
1/30/2026 Fri,11:00 AM,12:00 PM,11:00 AM,12:00 PM,Olin Library,Room 220 - Center for Creativity (Mac) 
1/30/2026 Fri,12:00 PM,5:00 PM,12:00 PM,5:00 PM,Olin Library,Room 225 - Teaching Computer Lab (PC)
1/30/2026 Fri,12:00 PM,2:00 PM,12:00 PM,2:00 PM,Kathleen W Rollins Hall,Room 330 - Teaching Seminar Room
1/30/2026 Fri,12:30 PM,3:30 PM,12:30 PM,3:30 PM,Kathleen W Rollins Hall,Room 241 - Conference Room - Hub/SE/Acad Adv Area
1/30/2026 Fri,1:00 PM,2:30 PM,1:00 PM,2:30 PM,Bush Science Center,Room 123 - Seminar/Green Room - Sci Div Priority
1/30/2026 Fri,1:30 PM,2:30 PM,1:30 PM,2:30 PM,Kathleen W Rollins Hall,Room 230 - Conference Room - CLCE Area
1/30/2026 Fri,2:30 PM,3:30 PM,2:30 PM,3:30 PM,Kathleen W Rollins Hall,Room 230 - Conference Room - CLCE Area
1/30/2026 Fri,3:00 PM,6:00 PM,4:00 PM,5:00 PM,Bush Science Center,Bush Auditorium and Lobby
1/30/2026 Fri,3:00 PM,9:00 PM,3:00 PM,9:00 PM,Kathleen W Rollins Hall,Room 310 - Genius Scale-up Classroom
1/30/2026 Fri,3:30 PM,4:30 PM,3:30 PM,4:30 PM,Kathleen W Rollins Hall,Room 330 - Teaching Seminar Room
1/30/2026 Fri,4:00 PM,7:00 PM,4:00 PM,7:00 PM,Bush Science Center,Room 201
1/30/2026 Fri,4:00 PM,6:30 PM,4:00 PM,6:30 PM,Kathleen W Rollins Hall,Room 320 - Hauske Scale-up Classroom
1/30/2026 Fri,5:00 PM,7:00 PM,5:00 PM,7:00 PM,Bush Science Center,Room 176 - Smart Classroom 
1/31/2026 Sat,9:00 AM,1:00 PM,9:00 AM,1:00 PM,Bush Science Center,Room 176 - Smart Classroom 
1/31/2026 Sat,9:00 AM,11:00 AM,9:00 AM,11:00 AM,Bush Science Center,Room 277 - Seminar Room 
1/31/2026 Sat,9:15 AM,10:00 AM,9:15 AM,10:00 AM,Kathleen W Rollins Hall,Room 128 - Screening Room
1/31/2026 Sat,11:45 AM,5:00 PM,1:15 PM,3:30 PM,Kathleen W Rollins Hall,Room 300 - Galloway Room 
1/31/2026 Sat,5:00 PM,9:00 PM,6:00 PM,8:00 PM,Bush Science Center,Bush Auditorium and Lobby
1/31/2026 Sat,5:00 PM,9:00 PM,5:00 PM,9:00 PM,Bush Science Center,Room 123 - Seminar/Green Room - Sci Div Priority
2/1/2026 Sun,2:00 PM,4:00 PM,2:00 PM,4:00 PM,Kathleen W Rollins Hall,Room 310 - Genius Scale-up Classroom
2/1/2026 Sun,3:00 PM,11:00 PM,4:00 PM,10:00 PM,Bush Science Center,Bush Auditorium and Lobby
2/1/2026 Sun,3:00 PM,5:00 PM,3:00 PM,5:00 PM,Kathleen W Rollins Hall,Room 340 - Galloway Seminar Meeting Room
2/1/2026 Sun,4:00 PM,10:00 PM,4:00 PM,10:00 PM,Bush Science Center,Room 176 - Smart Classroom 
2/1/2026 Sun,4:00 PM,10:00 PM,4:00 PM,10:00 PM,Bush Science Center,Room 201
2/1/2026 Sun,5:00 PM,8:30 PM,5:00 PM,8:30 PM,Kathleen W Rollins Hall,Room 310 - Genius Scale-up Classroom
2/2/2026 Mon,7:00 AM,8:00 PM,8:30 AM,6:30 PM,Kathleen W Rollins Hall,Room 300 - Galloway Room 
2/2/2026 Mon,8:15 AM,10:30 AM,8:15 AM,10:30 AM,Kathleen W Rollins Hall,Fountain Entrance Lobby & Gathering Stairs
2/2/2026 Mon,8:30 AM,4:30 PM,8:30 AM,4:30 PM,Kathleen W Rollins Hall,Room 230 - Conference Room - CLCE Area
2/2/2026 Mon,8:30 AM,6:30 PM,8:30 AM,6:30 PM,Kathleen W Rollins Hall,Room 330 - Teaching Seminar Room
2/2/2026 Mon,8:30 AM,4:30 PM,8:30 AM,4:30 PM,Kathleen W Rollins Hall,Room 340 - Galloway Seminar Meeting Room
2/2/2026 Mon,10:00 AM,11:00 AM,10:00 AM,11:00 AM,Kathleen W Rollins Hall,Room 149 - Conference Room - Academic Adv Area
2/2/2026 Mon,2:30 PM,3:30 PM,2:30 PM,3:30 PM,Kathleen W Rollins Hall,Room 131 - Conference Room - CCLP Area
2/2/2026 Mon,3:00 PM,6:00 PM,4:00 PM,5:00 PM,Olin Library,Room 230 - Library Meeting Room
2/2/2026 Mon,4:00 PM,5:00 PM,4:00 PM,5:00 PM,Kathleen W Rollins Hall,Room 241 - Conference Room - Hub/SE/Acad Adv Area
2/2/2026 Mon,5:00 PM,11:00 PM,6:00 PM,10:00 PM,Bush Science Center,Bush Auditorium and Lobby
2/2/2026 Mon,5:00 PM,7:00 PM,5:00 PM,7:00 PM,Kathleen W Rollins Hall,Room 230 - Conference Room - CLCE Area
2/2/2026 Mon,5:30 PM,6:30 PM,5:30 PM,6:30 PM,Kathleen W Rollins Hall,Room 310 - Genius Scale-up Classroom
2/2/2026 Mon,6:00 PM,7:30 PM,6:00 PM,7:30 PM,Kathleen W Rollins Hall,Room 320 - Hauske Scale-up Classroom
2/2/2026 Mon,7:00 PM,8:00 PM,7:00 PM,8:00 PM,Bush Science Center,Room 200
2/2/2026 Mon,8:00 PM,9:00 PM,8:00 PM,9:00 PM,Kathleen W Rollins Hall,Room 300 - Galloway Room 
2/3/2026 Tue,6:30 AM,5:00 PM,8:00 AM,3:30 PM,Bush Science Center,Bush Lawn (Southside of building)
2/3/2026 Tue,6:30 AM,4:30 PM,8:00 AM,3:00 PM,Kathleen W Rollins Hall,Room 300 - Galloway Room 
2/3/2026 Tue,7:00 AM,6:00 PM,8:00 AM,5:00 PM,Olin Library,Room 230 - Library Meeting Room
2/3/2026 Tue,8:00 AM,5:00 PM,8:00 AM,5:00 PM,Kathleen W Rollins Hall,Room 241 - Conference Room - Hub/SE/Acad Adv Area
2/3/2026 Tue,8:00 AM,3:00 PM,8:00 AM,3:00 PM,Kathleen W Rollins Hall,Room 301 - Ourisman Meeting Room
2/3/2026 Tue,8:00 AM,12:00 PM,8:00 AM,12:00 PM,Kathleen W Rollins Hall,Room 330 - Teaching Seminar Room
2/3/2026 Tue,8:00 AM,12:00 PM,8:00 AM,12:00 PM,Kathleen W Rollins Hall,Room 340 - Galloway Seminar Meeting Room
2/3/2026 Tue,9:00 AM,3:30 PM,12:00 PM,2:00 PM,Kathleen W Rollins Hall,Mills Lawn
2/3/2026 Tue,9:30 AM,11:00 AM,9:30 AM,11:00 AM,Kathleen W Rollins Hall,Room 131 - Conference Room - CCLP Area
2/3/2026 Tue,10:00 AM,11:00 AM,10:00 AM,11:00 AM,Kathleen W Rollins Hall,Room 230 - Conference Room - CLCE Area
2/3/2026 Tue,11:00 AM,12:30 PM,11:00 AM,12:30 PM,Kathleen W Rollins Hall,Room 149 - Conference Room - Academic Adv Area
2/3/2026 Tue,11:00 AM,8:00 PM,11:00 AM,8:00 PM,Kathleen W Rollins Hall,Room 230 - Conference Room - CLCE Area
2/3/2026 Tue,11:00 AM,12:15 PM,11:00 AM,12:15 PM,Bush Science Center,Room 310 - Computer Lab (Mac)
2/3/2026 Tue,12:00 PM,2:00 PM,12:00 PM,2:00 PM,Kathleen W Rollins Hall,Room 110 - Conference Room - Campus Media Area
2/3/2026 Tue,12:15 PM,1:45 PM,12:15 PM,1:45 PM,Bush Science Center,Room 277 - Seminar Room 
2/3/2026 Tue,12:15 PM,2:00 PM,12:15 PM,2:00 PM,Kathleen W Rollins Hall,Room 320 - Hauske Scale-up Classroom
2/3/2026 Tue,12:15 PM,1:45 PM,12:15 PM,1:45 PM,Kathleen W Rollins Hall,Room 330 - Teaching Seminar Room
2/3/2026 Tue,12:30 PM,1:30 PM,12:30 PM,1:30 PM,Olin Library,Room 104 - Edwin O. Grover Room
2/3/2026 Tue,12:30 PM,1:30 PM,12:30 PM,1:30 PM,Kathleen W Rollins Hall,Room 149 - Conference Room - Academic Adv Area
2/3/2026 Tue,12:30 PM,1:45 PM,12:30 PM,1:45 PM,Bush Science Center,Room 201
2/3/2026 Tue,12:30 PM,1:45 PM,12:30 PM,1:45 PM,Kathleen W Rollins Hall,Room 310 - Genius Scale-up Classroom
2/3/2026 Tue,12:30 PM,1:45 PM,12:30 PM,1:45 PM,Kathleen W Rollins Hall,Room 340 - Galloway Seminar Meeting Room
2/3/2026 Tue,1:45 PM,4:30 PM,1:45 PM,4:30 PM,Kathleen W Rollins Hall,Room 340 - Galloway Seminar Meeting Room
2/3/2026 Tue,2:00 PM,3:30 PM,2:00 PM,3:30 PM,Olin Library,Room 104 - Edwin O. Grover Room
2/3/2026 Tue,2:00 PM,3:15 PM,2:00 PM,3:15 PM,Bush Science Center,Room 277 - Seminar Room 
2/3/2026 Tue,2:00 PM,4:00 PM,2:00 PM,4:00 PM,Kathleen W Rollins Hall,Room 320 - Hauske Scale-up Classroom
2/3/2026 Tue,2:00 PM,5:00 PM,2:00 PM,5:00 PM,Kathleen W Rollins Hall,Room 330 - Teaching Seminar Room
2/3/2026 Tue,3:00 PM,5:00 PM,3:00 PM,5:00 PM,Kathleen W Rollins Hall,Room 301 - Ourisman Meeting Room
2/3/2026 Tue,3:30 PM,5:30 PM,3:30 PM,5:30 PM,Olin Library,Room 319 
2/3/2026 Tue,4:00 PM,6:30 PM,4:00 PM,6:30 PM,Bush Science Center,Room 202
2/3/2026 Tue,4:00 PM,6:30 PM,4:00 PM,6:30 PM,Bush Science Center,Room 301 - Computer Classroom (PC)
2/3/2026 Tue,4:30 PM,7:00 PM,4:30 PM,7:00 PM,Kathleen W Rollins Hall,Room 340 - Galloway Seminar Meeting Room
2/3/2026 Tue,4:45 PM,8:00 PM,4:45 PM,8:00 PM,Kathleen W Rollins Hall,Room 128 - Screening Room
2/3/2026 Tue,5:00 PM,6:30 PM,5:00 PM,6:30 PM,Olin Library,Room 104 - Edwin O. Grover Room
2/3/2026 Tue,5:00 PM,6:00 PM,5:00 PM,6:00 PM,Bush Science Center,Room 176 - Smart Classroom 
2/3/2026 Tue,5:00 PM,6:00 PM,5:00 PM,6:00 PM,Bush Science Center,Room 200
2/3/2026 Tue,5:00 PM,6:00 PM,5:00 PM,6:00 PM,Bush Science Center,Room 201
2/3/2026 Tue,5:00 PM,7:00 PM,5:00 PM,7:00 PM,Olin Library,Van Houten Conference Room
2/3/2026 Tue,5:30 PM,6:30 PM,5:30 PM,6:30 PM,Kathleen W Rollins Hall,Room 330 - Teaching Seminar Room
2/3/2026 Tue,7:00 PM,10:00 PM,8:00 PM,9:00 PM,Bush Science Center,Bush Auditorium and Lobby
2/3/2026 Tue,7:00 PM,8:30 PM,7:00 PM,8:30 PM,Kathleen W Rollins Hall,Room 131 - Conference Room - CCLP Area
2/4/2026 Wed,6:30 AM,2:30 PM,8:00 AM,1:00 PM,Bush Science Center,Bush Lawn (Southside of building)
2/4/2026 Wed,8:00 AM,5:00 PM,8:00 AM,5:00 PM,Kathleen W Rollins Hall,Room 230 - Conference Room - CLCE Area
2/4/2026 Wed,8:00 AM,1:30 PM,8:00 AM,1:30 PM,Kathleen W Rollins Hall,Room 330 - Teaching Seminar Room
2/4/2026 Wed,8:00 AM,5:00 PM,8:00 AM,5:00 PM,Kathleen W Rollins Hall,Room 340 - Galloway Seminar Meeting Room
2/4/2026 Wed,8:30 AM,1:30 PM,9:30 AM,12:30 PM,Bush Science Center,Bush Auditorium and Lobby
2/4/2026 Wed,9:00 AM,12:30 PM,10:00 AM,11:30 AM,Olin Library,Room 230 - Library Meeting Room
2/4/2026 Wed,9:00 AM,1:00 PM,9:00 AM,1:00 PM,Olin Library,Van Houten Conference Room
2/4/2026 Wed,12:00 PM,4:00 PM,12:00 PM,4:00 PM,Kathleen W Rollins Hall,Room 149 - Conference Room - Academic Adv Area
2/4/2026 Wed,2:00 PM,3:30 PM,2:00 PM,3:30 PM,Kathleen W Rollins Hall,Room 330 - Teaching Seminar Room
2/4/2026 Wed,2:30 PM,5:00 PM,3:00 PM,4:00 PM,Bush Science Center,Bush Auditorium and Lobby
2/4/2026 Wed,2:30 PM,3:45 PM,2:30 PM,3:45 PM,Bush Science Center,Room 208
2/4/2026 Wed,4:00 PM,5:00 PM,4:00 PM,5:00 PM,Kathleen W Rollins Hall,Room 330 - Teaching Seminar Room
2/4/2026 Wed,5:30 PM,10:30 PM,7:00 PM,9:00 PM,Kathleen W Rollins Hall,Room 300 - Galloway Room 
2/4/2026 Wed,5:30 PM,7:00 PM,5:30 PM,7:00 PM,Kathleen W Rollins Hall,Room 330 - Teaching Seminar Room
2/5/2026 Thu,7:30 AM,6:00 PM,8:30 AM,5:00 PM,Olin Library,Room 230 - Library Meeting Room
2/5/2026 Thu,8:00 AM,10:00 AM,8:00 AM,10:00 AM,Kathleen W Rollins Hall,Room 230 - Conference Room - CLCE Area
2/5/2026 Thu,9:30 AM,10:30 AM,9:30 AM,10:30 AM,Kathleen W Rollins Hall,Room 149 - Conference Room - Academic Adv Area
2/5/2026 Thu,10:00 AM,4:15 PM,11:30 AM,2:45 PM,Kathleen W Rollins Hall,Tars Plaza
2/5/2026 Thu,10:30 AM,7:30 PM,12:00 PM,6:00 PM,Kathleen W Rollins Hall,Room 300 - Galloway Room 
2/5/2026 Thu,11:00 AM,4:00 PM,11:00 AM,4:00 PM,Kathleen W Rollins Hall,Room 230 - Conference Room - CLCE Area
2/5/2026 Thu,11:30 AM,1:30 PM,11:30 AM,1:30 PM,Kathleen W Rollins Hall,Room 128 - Screening Room
2/5/2026 Thu,12:00 PM,2:00 PM,12:00 PM,2:00 PM,Kathleen W Rollins Hall,Room 340 - Galloway Seminar Meeting Room
2/5/2026 Thu,12:15 PM,1:45 PM,12:15 PM,1:45 PM,Bush Science Center,Room 277 - Seminar Room 
2/5/2026 Thu,12:15 PM,2:45 PM,12:15 PM,2:45 PM,Kathleen W Rollins Hall,Room 320 - Hauske Scale-up Classroom
2/5/2026 Thu,12:30 PM,2:00 PM,12:30 PM,2:00 PM,Bush Science Center,Room 123 - Seminar/Green Room - Sci Div Priority
2/5/2026 Thu,12:30 PM,1:30 PM,12:30 PM,1:30 PM,Bush Science Center,Room 200
2/5/2026 Thu,12:30 PM,1:30 PM,12:30 PM,1:30 PM,Bush Science Center,Room 201
2/5/2026 Thu,12:30 PM,1:30 PM,12:30 PM,1:30 PM,Bush Science Center,Room 208
2/5/2026 Thu,12:30 PM,1:45 PM,12:30 PM,1:45 PM,Kathleen W Rollins Hall,Room 330 - Teaching Seminar Room
2/5/2026 Thu,2:00 PM,3:00 PM,2:00 PM,3:00 PM,Kathleen W Rollins Hall,Room 149 - Conference Room - Academic Adv Area
2/5/2026 Thu,2:00 PM,3:00 PM,2:00 PM,3:00 PM,Kathleen W Rollins Hall,Room 330 - Teaching Seminar Room
2/5/2026 Thu,3:15 PM,4:30 PM,3:15 PM,4:30 PM,Olin Library,Room 104 - Edwin O. Grover Room
2/5/2026 Thu,3:15 PM,5:30 PM,3:15 PM,5:30 PM,Kathleen W Rollins Hall,Room 241 - Conference Room - Hub/SE/Acad Adv Area
2/5/2026 Thu,3:30 PM,5:30 PM,3:30 PM,5:30 PM,Olin Library,Room 319 
2/5/2026 Thu,4:00 PM,5:00 PM,4:00 PM,5:00 PM,Kathleen W Rollins Hall,Room 230 - Conference Room - CLCE Area
2/5/2026 Thu,4:30 PM,6:00 PM,4:30 PM,6:00 PM,Bush Science Center,Room 202
2/5/2026 Thu,5:00 PM,7:00 PM,5:00 PM,7:00 PM,Kathleen W Rollins Hall,Room 330 - Teaching Seminar Room
2/5/2026 Thu,5:00 PM,7:00 PM,5:00 PM,7:00 PM,Olin Library,Van Houten Conference Room
2/5/2026 Thu,5:45 PM,7:30 PM,5:45 PM,7:30 PM,Bush Science Center,Bush Auditorium and Lobby
2/5/2026 Thu,6:00 PM,7:00 PM,6:00 PM,7:00 PM,Bush Science Center,Room 201
2/5/2026 Thu,6:45 PM,7:45 PM,6:45 PM,7:45 PM,Kathleen W Rollins Hall,Room 340 - Galloway Seminar Meeting Room
2/5/2026 Thu,7:00 PM,8:00 PM,7:00 PM,8:00 PM,Kathleen W Rollins Hall,Room 128 - Screening Room
2/5/2026 Thu,8:00 PM,10:00 PM,8:00 PM,10:00 PM,Kathleen W Rollins Hall,Room 128 - Screening Room
2/6/2026 Fri,6:30 AM,3:00 PM,7:30 AM,2:00 PM,Bush Science Center,Bush Auditorium and Lobby
2/6/2026 Fri,7:30 AM,6:00 PM,8:30 AM,5:00 PM,Olin Library,Room 230 - Library Meeting Room
2/6/2026 Fri,11:00 AM,4:00 PM,11:00 AM,4:00 PM,Kathleen W Rollins Hall,Room 230 - Conference Room - CLCE Area
2/6/2026 Fri,11:00 AM,4:00 PM,11:00 AM,4:00 PM,Kathleen W Rollins Hall,Room 241 - Conference Room - Hub/SE/Acad Adv Area
2/6/2026 Fri,1:30 PM,8:30 PM,3:00 PM,7:00 PM,Kathleen W Rollins Hall,Mills Lawn
2/6/2026 Fri,1:30 PM,2:30 PM,1:30 PM,2:30 PM,Kathleen W Rollins Hall,Room 310 - Genius Scale-up Classroom
2/6/2026 Fri,4:00 PM,5:00 PM,4:00 PM,5:00 PM,Kathleen W Rollins Hall,Room 330 - Teaching Seminar Room
2/6/2026 Fri,5:00 PM,8:00 PM,5:00 PM,8:00 PM,Kathleen W Rollins Hall,Room 310 - Genius Scale-up Classroom
2/7/2026 Sat,9:15 AM,10:00 AM,9:15 AM,10:00 AM,Kathleen W Rollins Hall,Room 128 - Screening Room
2/7/2026 Sat,11:30 AM,1:30 PM,11:30 AM,1:30 PM,Bush Science Center,Room 176 - Smart Classroom 
2/8/2026 Sun,12:00 PM,4:00 PM,12:00 PM,4:00 PM,Kathleen W Rollins Hall,Room 340 - Galloway Seminar Meeting Room
2/8/2026 Sun,2:00 PM,4:00 PM,2:00 PM,4:00 PM,Kathleen W Rollins Hall,Room 310 - Genius Scale-up Classroom
2/8/2026 Sun,3:00 PM,11:00 PM,4:00 PM,10:00 PM,Bush Science Center,Bush Auditorium and Lobby
2/8/2026 Sun,4:00 PM,10:00 PM,4:00 PM,10:00 PM,Bush Science Center,Room 176 - Smart Classroom 
2/8/2026 Sun,4:00 PM,10:00 PM,4:00 PM,10:00 PM,Bush Science Center,Room 201
2/8/2026 Sun,4:30 PM,6:00 PM,4:30 PM,6:00 PM,Kathleen W Rollins Hall,Room 320 - Hauske Scale-up Classroom
2/8/2026 Sun,5:30 PM,9:30 PM,7:00 PM,8:00 PM,Kathleen W Rollins Hall,Room 300 - Galloway Room 
2/9/2026 Mon,8:00 AM,1:00 PM,8:00 AM,1:00 PM,Kathleen W Rollins Hall,Room 230 - Conference Room - CLCE Area
2/9/2026 Mon,9:30 AM,11:30 AM,9:30 AM,11:30 AM,Kathleen W Rollins Hall,Room 330 - Teaching Seminar Room
2/9/2026 Mon,10:00 AM,11:00 AM,10:00 AM,11:00 AM,Kathleen W Rollins Hall,Room 149 - Conference Room - Academic Adv Area
2/9/2026 Mon,12:00 PM,1:30 PM,12:00 PM,1:30 PM,Bush Science Center,Bush Atrium - Student Priority
2/9/2026 Mon,1:00 PM,3:00 PM,1:00 PM,3:00 PM,Kathleen W Rollins Hall,Room 230 - Conference Room - CLCE Area
2/9/2026 Mon,1:00 PM,6:30 PM,2:30 PM,5:00 PM,Kathleen W Rollins Hall,Tars Plaza
2/9/2026 Mon,2:15 PM,5:15 PM,2:15 PM,5:15 PM,Olin Library,Room 225 - Teaching Computer Lab (PC)
2/9/2026 Mon,3:00 PM,5:00 PM,3:00 PM,5:00 PM,Olin Library,Room 104 - Edwin O. Grover Room
2/9/2026 Mon,3:00 PM,7:00 PM,4:00 PM,6:00 PM,Olin Library,Room 230 - Library Meeting Room
2/9/2026 Mon,5:00 PM,11:00 PM,6:00 PM,10:00 PM,Bush Science Center,Bush Auditorium and Lobby
2/9/2026 Mon,5:00 PM,6:30 PM,5:00 PM,6:30 PM,Kathleen W Rollins Hall,Room 128 - Screening Room
2/9/2026 Mon,5:30 PM,6:30 PM,5:30 PM,6:30 PM,Kathleen W Rollins Hall,Room 310 - Genius Scale-up Classroom
2/9/2026 Mon,5:30 PM,7:30 PM,5:30 PM,7:30 PM,Kathleen W Rollins Hall,Room 330 - Teaching Seminar Room
2/9/2026 Mon,6:00 PM,8:00 PM,6:00 PM,8:00 PM,Olin Library,Room 319 
2/9/2026 Mon,6:00 PM,7:30 PM,6:00 PM,7:30 PM,Kathleen W Rollins Hall,Room 320 - Hauske Scale-up Classroom
2/9/2026 Mon,7:00 PM,8:00 PM,7:00 PM,8:00 PM,Bush Science Center,Room 200
2/10/2026 Tue,7:30 AM,11:30 AM,9:00 AM,10:00 AM,Kathleen W Rollins Hall,Tars Plaza
2/10/2026 Tue,8:30 AM,11:30 AM,9:30 AM,11:30 AM,Bush Science Center,Bush Auditorium and Lobby
2/10/2026 Tue,9:30 AM,11:00 AM,9:30 AM,11:00 AM,Kathleen W Rollins Hall,Room 131 - Conference Room - CCLP Area
2/10/2026 Tue,10:00 AM,11:00 AM,10:00 AM,11:00 AM,Kathleen W Rollins Hall,Room 230 - Conference Room - CLCE Area
2/10/2026 Tue,11:00 AM,3:00 PM,12:00 PM,2:00 PM,Bush Science Center,Bush Atrium - Student Priority
2/10/2026 Tue,11:00 AM,12:30 PM,11:00 AM,12:30 PM,Kathleen W Rollins Hall,Room 230 - Conference Room - CLCE Area
2/10/2026 Tue,11:00 AM,2:15 PM,12:00 PM,1:15 PM,Olin Library,Room 230 - Library Meeting Room
2/10/2026 Tue,11:00 AM,12:00 PM,11:00 AM,12:00 PM,Kathleen W Rollins Hall,Room 301 - Ourisman Meeting Room
2/10/2026 Tue,11:30 AM,2:45 PM,12:30 PM,1:45 PM,Kathleen W Rollins Hall,Room 300 - Galloway Room 
2/10/2026 Tue,11:45 AM,2:30 PM,12:15 PM,2:00 PM,Bush Science Center,Bush Auditorium and Lobby
2/10/2026 Tue,12:00 PM,2:00 PM,12:00 PM,2:00 PM,Kathleen W Rollins Hall,Room 110 - Conference Room - Campus Media Area
2/10/2026 Tue,12:00 PM,2:00 PM,12:00 PM,2:00 PM,Kathleen W Rollins Hall,Room 149 - Conference Room - Academic Adv Area
2/10/2026 Tue,12:00 PM,2:00 PM,12:00 PM,2:00 PM,Kathleen W Rollins Hall,Room 340 - Galloway Seminar Meeting Room
2/10/2026 Tue,12:15 PM,1:45 PM,12:15 PM,1:45 PM,Bush Science Center,Room 277 - Seminar Room 
2/10/2026 Tue,12:15 PM,1:45 PM,12:15 PM,1:45 PM,Kathleen W Rollins Hall,Room 330 - Teaching Seminar Room
2/10/2026 Tue,12:30 PM,1:30 PM,12:30 PM,1:30 PM,Olin Library,Room 104 - Edwin O. Grover Room
2/10/2026 Tue,12:30 PM,1:30 PM,12:30 PM,1:30 PM,Bush Science Center,Room 202
2/10/2026 Tue,12:30 PM,1:30 PM,12:30 PM,1:30 PM,Bush Science Center,Room 208
2/10/2026 Tue,12:30 PM,1:30 PM,12:30 PM,1:30 PM,Kathleen W Rollins Hall,Room 230 - Conference Room - CLCE Area
2/10/2026 Tue,12:30 PM,1:15 PM,12:30 PM,1:15 PM,Kathleen W Rollins Hall,Room 310 - Genius Scale-up Classroom
2/10/2026 Tue,12:30 PM,2:00 PM,12:30 PM,2:00 PM,Kathleen W Rollins Hall,Room 320 - Hauske Scale-up Classroom
2/10/2026 Tue,1:00 PM,2:00 PM,1:00 PM,2:00 PM,Bush Science Center,Room 210 
2/10/2026 Tue,1:00 PM,3:00 PM,1:00 PM,3:00 PM,Kathleen W Rollins Hall,Room 241 - Conference Room - Hub/SE/Acad Adv Area
2/10/2026 Tue,2:30 PM,6:30 PM,2:30 PM,6:30 PM,Bush Science Center,Room 310 - Computer Lab (Mac)
2/10/2026 Tue,3:00 PM,4:00 PM,3:00 PM,4:00 PM,Kathleen W Rollins Hall,Room 340 - Galloway Seminar Meeting Room
2/10/2026 Tue,3:30 PM,5:30 PM,3:30 PM,5:30 PM,Olin Library,Room 319 
2/10/2026 Tue,3:45 PM,9:00 PM,4:00 PM,8:00 PM,Bush Science Center,Bush Auditorium and Lobby
2/10/2026 Tue,4:00 PM,6:30 PM,4:00 PM,6:30 PM,Bush Science Center,Room 202
2/10/2026 Tue,4:45 PM,8:00 PM,4:45 PM,8:00 PM,Kathleen W Rollins Hall,Room 128 - Screening Room
2/10/2026 Tue,5:00 PM,8:00 PM,5:00 PM,8:00 PM,Bush Science Center,Room 123 - Seminar/Green Room - Sci Div Priority
2/10/2026 Tue,5:00 PM,6:30 PM,5:00 PM,6:30 PM,Kathleen W Rollins Hall,Room 330 - Teaching Seminar Room
2/10/2026 Tue,5:00 PM,6:00 PM,5:00 PM,6:00 PM,Kathleen W Rollins Hall,Room 340 - Galloway Seminar Meeting Room
2/10/2026 Tue,5:00 PM,7:00 PM,5:00 PM,7:00 PM,Olin Library,Van Houten Conference Room
2/11/2026 Wed,7:30 AM,11:30 AM,9:00 AM,11:00 AM,Kathleen W Rollins Hall,Room 300 - Galloway Room 
2/11/2026 Wed,8:00 AM,10:00 AM,9:00 AM,10:00 AM,Olin Library,Room 230 - Library Meeting Room
2/11/2026 Wed,8:30 AM,12:30 PM,9:30 AM,11:30 AM,Bush Science Center,Bush Auditorium and Lobby
2/11/2026 Wed,9:00 AM,10:00 AM,9:00 AM,10:00 AM,Kathleen W Rollins Hall,Room 301 - Ourisman Meeting Room
2/11/2026 Wed,10:00 AM,11:00 AM,10:00 AM,11:00 AM,Olin Library,Room 230 - Library Meeting Room
2/11/2026 Wed,10:30 AM,3:00 PM,12:00 PM,1:30 PM,Olin Library,Olin Lawn
2/11/2026 Wed,11:00 AM,1:30 PM,11:00 AM,1:30 PM,Olin Library,Room 230 - Library Meeting Room
2/11/2026 Wed,11:00 AM,2:00 PM,11:00 AM,2:00 PM,Bush Science Center,Room 274 - Operant Lab/Seminar - Operant Lab Prior
2/11/2026 Wed,11:30 AM,3:00 PM,12:00 PM,2:00 PM,Kathleen W Rollins Hall,Room 300 - Galloway Room 
2/11/2026 Wed,12:00 PM,4:00 PM,12:00 PM,4:00 PM,Kathleen W Rollins Hall,Room 149 - Conference Room - Academic Adv Area
2/11/2026 Wed,12:00 PM,1:00 PM,12:00 PM,1:00 PM,Bush Science Center,Room 200
2/11/2026 Wed,12:00 PM,1:00 PM,12:00 PM,1:00 PM,Kathleen W Rollins Hall,Room 230 - Conference Room - CLCE Area
2/11/2026 Wed,1:00 PM,2:00 PM,1:00 PM,2:00 PM,Kathleen W Rollins Hall,Room 330 - Teaching Seminar Room
2/11/2026 Wed,2:00 PM,3:30 PM,2:00 PM,3:30 PM,Kathleen W Rollins Hall,Room 330 - Teaching Seminar Room
2/11/2026 Wed,2:30 PM,3:30 PM,2:30 PM,3:30 PM,Olin Library,Room 225 - Teaching Computer Lab (PC)
2/11/2026 Wed,3:00 PM,5:00 PM,3:00 PM,5:00 PM,Olin Library,Room 104 - Edwin O. Grover Room
2/11/2026 Wed,3:00 PM,4:00 PM,3:00 PM,4:00 PM,Kathleen W Rollins Hall,Room 340 - Galloway Seminar Meeting Room
2/11/2026 Wed,4:30 PM,8:00 PM,5:30 PM,7:00 PM,Olin Library,Room 230 - Library Meeting Room
2/11/2026 Wed,4:30 PM,7:00 PM,4:30 PM,7:00 PM,Kathleen W Rollins Hall,Room 340 - Galloway Seminar Meeting Room
2/11/2026 Wed,5:00 PM,6:30 PM,5:00 PM,6:30 PM,Kathleen W Rollins Hall,Room 128 - Screening Room
2/11/2026 Wed,5:00 PM,7:00 PM,5:00 PM,7:00 PM,Bush Science Center,Room 200
2/11/2026 Wed,5:00 PM,7:30 PM,5:00 PM,7:30 PM,Bush Science Center,Room 201
2/11/2026 Wed,5:30 PM,10:30 PM,7:00 PM,9:00 PM,Kathleen W Rollins Hall,Room 300 - Galloway Room 
2/11/2026 Wed,5:30 PM,6:00 PM,5:30 PM,6:00 PM,Kathleen W Rollins Hall,Room 310 - Genius Scale-up Classroom
2/11/2026 Wed,5:30 PM,7:00 PM,5:30 PM,7:00 PM,Kathleen W Rollins Hall,Room 330 - Teaching Seminar Room
2/11/2026 Wed,6:00 PM,10:00 PM,7:00 PM,9:00 PM,Bush Science Center,Bush Auditorium and Lobby
2/12/2026 Thu,9:00 AM,5:00 PM,10:30 AM,3:30 PM,Bush Science Center,Bush Lawn (Southside of building)
2/12/2026 Thu,9:30 AM,10:30 AM,9:30 AM,10:30 AM,Kathleen W Rollins Hall,Room 149 - Conference Room - Academic Adv Area
2/12/2026 Thu,10:30 AM,3:30 PM,12:00 PM,2:00 PM,Olin Library,Olin Lawn
2/12/2026 Thu,11:00 AM,5:00 PM,11:00 AM,5:00 PM,Kathleen W Rollins Hall,Room 241 - Conference Room - Hub/SE/Acad Adv Area
2/12/2026 Thu,12:00 PM,2:00 PM,12:00 PM,2:00 PM,Olin Library,Room 230 - Library Meeting Room
2/12/2026 Thu,12:00 PM,2:00 PM,12:00 PM,2:00 PM,Kathleen W Rollins Hall,Room 330 - Teaching Seminar Room
2/12/2026 Thu,12:00 PM,2:00 PM,12:00 PM,2:00 PM,Kathleen W Rollins Hall,Room 340 - Galloway Seminar Meeting Room
2/12/2026 Thu,12:15 PM,1:45 PM,12:15 PM,1:45 PM,Bush Science Center,Room 277 - Seminar Room 
2/12/2026 Thu,12:30 PM,1:30 PM,12:30 PM,1:30 PM,Bush Science Center,Room 201
2/12/2026 Thu,2:00 PM,3:00 PM,2:00 PM,3:00 PM,Kathleen W Rollins Hall,Room 149 - Conference Room - Academic Adv Area
2/12/2026 Thu,3:00 PM,9:00 PM,4:00 PM,8:00 PM,Olin Library,Room 230 - Library Meeting Room
2/12/2026 Thu,3:30 PM,5:30 PM,3:30 PM,5:30 PM,Olin Library,Room 319 
2/12/2026 Thu,4:30 PM,6:00 PM,4:30 PM,6:00 PM,Kathleen W Rollins Hall,Room 330 - Teaching Seminar Room
2/12/2026 Thu,5:00 PM,7:00 PM,5:00 PM,7:00 PM,Kathleen W Rollins Hall,Room 128 - Screening Room
2/12/2026 Thu,5:00 PM,7:00 PM,5:00 PM,7:00 PM,Olin Library,Van Houten Conference Room
2/12/2026 Thu,5:45 PM,7:30 PM,5:45 PM,7:30 PM,Bush Science Center,Bush Auditorium and Lobby
2/12/2026 Thu,6:00 PM,7:00 PM,6:00 PM,7:00 PM,Bush Science Center,Room 201
2/12/2026 Thu,7:00 PM,8:00 PM,7:00 PM,8:00 PM,Kathleen W Rollins Hall,Room 128 - Screening Room
2/12/2026 Thu,7:00 PM,8:30 PM,7:00 PM,8:30 PM,Kathleen W Rollins Hall,Room 131 - Conference Room - CCLP Area
2/13/2026 Fri,11:00 AM,3:30 PM,12:00 PM,2:30 PM,Bush Science Center,Bush Auditorium and Lobby
2/13/2026 Fri,11:00 AM,4:00 PM,11:00 AM,4:00 PM,Kathleen W Rollins Hall,Room 241 - Conference Room - Hub/SE/Acad Adv Area
2/13/2026 Fri,11:30 AM,4:00 PM,1:00 PM,2:30 PM,Kathleen W Rollins Hall,Room 300 - Galloway Room 
2/13/2026 Fri,1:30 PM,2:30 PM,1:30 PM,2:30 PM,Kathleen W Rollins Hall,Room 230 - Conference Room - CLCE Area
2/13/2026 Fri,2:00 PM,3:30 PM,2:00 PM,3:30 PM,Kathleen W Rollins Hall,Room 128 - Screening Room
2/13/2026 Fri,2:30 PM,3:30 PM,2:30 PM,3:30 PM,Kathleen W Rollins Hall,Room 230 - Conference Room - CLCE Area
2/13/2026 Fri,3:00 PM,5:00 PM,3:00 PM,5:00 PM,Kathleen W Rollins Hall,Room 310 - Genius Scale-up Classroom
2/13/2026 Fri,3:30 PM,4:30 PM,3:30 PM,4:30 PM,Kathleen W Rollins Hall,Room 330 - Teaching Seminar Room
2/13/2026 Fri,4:00 PM,7:00 PM,4:00 PM,7:00 PM,Kathleen W Rollins Hall,Room 128 - Screening Room
2/13/2026 Fri,4:30 PM,6:30 PM,4:30 PM,6:30 PM,Kathleen W Rollins Hall,Room 320 - Hauske Scale-up Classroom
2/13/2026 Fri,5:00 PM,6:00 PM,5:00 PM,6:00 PM,Bush Science Center,Room 176 - Smart Classroom 
2/13/2026 Fri,5:30 PM,6:00 PM,5:30 PM,6:00 PM,Kathleen W Rollins Hall,Room 340 - Galloway Seminar Meeting Room
2/14/2026 Sat,7:00 AM,12:00 PM,8:00 AM,11:00 AM,Bush Science Center,Bush Auditorium and Lobby
2/14/2026 Sat,8:30 AM,11:00 AM,8:30 AM,11:00 AM,Bush Science Center,Room 123 - Seminar/Green Room - Sci Div Priority
2/14/2026 Sat,9:15 AM,10:00 AM,9:15 AM,10:00 AM,Kathleen W Rollins Hall,Room 128 - Screening Room
2/15/2026 Sun,1:00 PM,11:00 PM,2:00 PM,10:00 PM,Bush Science Center,Bush Auditorium and Lobby
2/15/2026 Sun,2:00 PM,5:30 PM,2:00 PM,5:30 PM,Bush Science Center,Room 210 
2/15/2026 Sun,2:00 PM,4:00 PM,2:00 PM,4:00 PM,Kathleen W Rollins Hall,Room 310 - Genius Scale-up Classroom
2/15/2026 Sun,2:30 PM,7:30 PM,4:00 PM,6:00 PM,Kathleen W Rollins Hall,Mills Lawn
2/15/2026 Sun,2:30 PM,8:00 PM,4:00 PM,6:30 PM,Kathleen W Rollins Hall,Room 300 - Galloway Room 
2/15/2026 Sun,4:00 PM,10:00 PM,4:00 PM,10:00 PM,Bush Science Center,Room 176 - Smart Classroom 
2/15/2026 Sun,4:00 PM,10:00 PM,4:00 PM,10:00 PM,Bush Science Center,Room 201
2/16/2026 Mon,6:30 AM,2:00 PM,7:30 AM,1:00 PM,Bush Science Center,Bush Auditorium and Lobby
2/16/2026 Mon,7:00 AM,11:59 PM,7:00 AM,11:59 PM,Kathleen W Rollins Hall,Room 230 - Conference Room - CLCE Area
2/16/2026 Mon,7:30 AM,11:30 AM,9:00 AM,10:00 AM,Kathleen W Rollins Hall,Mills Lawn
2/16/2026 Mon,8:30 AM,12:30 PM,10:00 AM,11:00 AM,Kathleen W Rollins Hall,Room 300 - Galloway Room 
2/16/2026 Mon,10:00 AM,11:00 AM,10:00 AM,11:00 AM,Kathleen W Rollins Hall,Room 149 - Conference Room - Academic Adv Area
2/16/2026 Mon,11:00 AM,2:00 PM,11:00 AM,2:00 PM,Bush Science Center,Room 274 - Operant Lab/Seminar - Operant Lab Prior
2/16/2026 Mon,11:00 AM,12:00 PM,11:00 AM,12:00 PM,Kathleen W Rollins Hall,Room 340 - Galloway Seminar Meeting Room
2/16/2026 Mon,1:00 PM,4:00 PM,1:00 PM,4:00 PM,Bush Science Center,Room 277 - Seminar Room 
2/16/2026 Mon,3:00 PM,5:00 PM,3:00 PM,5:00 PM,Olin Library,Room 104 - Edwin O. Grover Room
2/16/2026 Mon,3:00 PM,6:00 PM,4:00 PM,5:00 PM,Olin Library,Room 230 - Library Meeting Room
2/16/2026 Mon,3:30 PM,7:30 PM,5:00 PM,6:00 PM,Kathleen W Rollins Hall,Room 300 - Galloway Room 
2/16/2026 Mon,4:00 PM,9:00 PM,5:00 PM,8:00 PM,Bush Science Center,Bush Lawn (Southside of building)
2/16/2026 Mon,5:00 PM,11:00 PM,6:00 PM,10:00 PM,Bush Science Center,Bush Auditorium and Lobby
2/16/2026 Mon,5:00 PM,7:30 PM,5:00 PM,7:30 PM,Kathleen W Rollins Hall,Room 340 - Galloway Seminar Meeting Room
2/16/2026 Mon,5:30 PM,6:30 PM,5:30 PM,6:30 PM,Kathleen W Rollins Hall,Room 149 - Conference Room - Academic Adv Area
2/16/2026 Mon,5:30 PM,6:30 PM,5:30 PM,6:30 PM,Kathleen W Rollins Hall,Room 241 - Conference Room - Hub/SE/Acad Adv Area
2/16/2026 Mon,5:30 PM,6:30 PM,5:30 PM,6:30 PM,Kathleen W Rollins Hall,Room 310 - Genius Scale-up Classroom
2/16/2026 Mon,5:30 PM,6:30 PM,5:30 PM,6:30 PM,Kathleen W Rollins Hall,Room 330 - Teaching Seminar Room
2/16/2026 Mon,6:00 PM,7:30 PM,6:00 PM,7:30 PM,Kathleen W Rollins Hall,Room 320 - Hauske Scale-up Classroom
2/16/2026 Mon,7:00 PM,8:00 PM,7:00 PM,8:00 PM,Bush Science Center,Room 200
2/16/2026 Mon,7:30 PM,10:30 PM,8:00 PM,9:00 PM,Kathleen W Rollins Hall,Room 300 - Galloway Room 
2/17/2026 Tue,7:00 AM,8:30 PM,7:30 AM,5:00 PM,Kathleen W Rollins Hall,Mills Lawn
2/17/2026 Tue,8:30 AM,11:45 AM,9:30 AM,10:45 AM,Bush Science Center,Bush Auditorium and Lobby
2/17/2026 Tue,9:30 AM,11:00 AM,9:30 AM,11:00 AM,Kathleen W Rollins Hall,Room 131 - Conference Room - CCLP Area
2/17/2026 Tue,10:00 AM,11:00 AM,10:00 AM,11:00 AM,Kathleen W Rollins Hall,Room 230 - Conference Room - CLCE Area
2/17/2026 Tue,10:30 AM,12:30 PM,10:30 AM,12:30 PM,Kathleen W Rollins Hall,Room 141 - Meeting Room - CCLP Area
2/17/2026 Tue,10:30 AM,12:30 PM,10:30 AM,12:30 PM,Kathleen W Rollins Hall,Room 143 - Meeting Room - CCLP Area
2/17/2026 Tue,11:00 AM,12:30 PM,11:00 AM,12:30 PM,Kathleen W Rollins Hall,Room 230 - Conference Room - CLCE Area
2/17/2026 Tue,12:00 PM,2:00 PM,12:00 PM,2:00 PM,Kathleen W Rollins Hall,Room 110 - Conference Room - Campus Media Area
2/17/2026 Tue,12:15 PM,1:45 PM,12:15 PM,1:45 PM,Bush Science Center,Room 277 - Seminar Room 
2/17/2026 Tue,12:15 PM,1:45 PM,12:15 PM,1:45 PM,Kathleen W Rollins Hall,Room 330 - Teaching Seminar Room
2/17/2026 Tue,12:30 PM,1:30 PM,12:30 PM,1:30 PM,Olin Library,Room 104 - Edwin O. Grover Room
2/17/2026 Tue,12:30 PM,1:45 PM,12:30 PM,1:45 PM,Bush Science Center,Room 123 - Seminar/Green Room - Sci Div Priority
2/17/2026 Tue,12:30 PM,1:30 PM,12:30 PM,1:30 PM,Bush Science Center,Room 200
2/17/2026 Tue,12:30 PM,1:45 PM,12:30 PM,1:45 PM,Bush Science Center,Room 201
2/17/2026 Tue,12:30 PM,1:30 PM,12:30 PM,1:30 PM,Bush Science Center,Room 208
2/17/2026 Tue,12:30 PM,1:45 PM,12:30 PM,1:45 PM,Bush Science Center,Room 210 
2/17/2026 Tue,12:30 PM,1:30 PM,12:30 PM,1:30 PM,Kathleen W Rollins Hall,Room 230 - Conference Room - CLCE Area
2/17/2026 Tue,12:45 PM,1:45 PM,12:45 PM,1:45 PM,Bush Science Center,Room 308 
2/17/2026 Tue,1:00 PM,3:00 PM,1:00 PM,3:00 PM,Kathleen W Rollins Hall,Room 241 - Conference Room - Hub/SE/Acad Adv Area
2/17/2026 Tue,1:00 PM,4:00 PM,1:00 PM,4:00 PM,Bush Science Center,Room 260 - Chemistry Lab Pre-Lab/Seminar Room
2/17/2026 Tue,1:45 PM,3:30 PM,1:45 PM,3:30 PM,Kathleen W Rollins Hall,Room 141 - Meeting Room - CCLP Area
2/17/2026 Tue,3:00 PM,9:00 PM,4:00 PM,8:00 PM,Olin Library,Room 230 - Library Meeting Room
2/17/2026 Tue,3:30 PM,5:30 PM,3:30 PM,5:30 PM,Olin Library,Room 319 
2/17/2026 Tue,4:00 PM,6:30 PM,4:00 PM,6:30 PM,Bush Science Center,Room 202
2/17/2026 Tue,4:30 PM,7:00 PM,4:30 PM,7:00 PM,Kathleen W Rollins Hall,Room 330 - Teaching Seminar Room
2/17/2026 Tue,4:45 PM,8:00 PM,4:45 PM,8:00 PM,Kathleen W Rollins Hall,Room 128 - Screening Room
2/17/2026 Tue,5:00 PM,7:30 PM,5:00 PM,7:30 PM,Olin Library,Olin Lawn
2/17/2026 Tue,5:00 PM,6:30 PM,5:00 PM,6:30 PM,Olin Library,Room 104 - Edwin O. Grover Room
2/17/2026 Tue,5:00 PM,6:45 PM,5:00 PM,6:45 PM,Kathleen W Rollins Hall,Room 149 - Conference Room - Academic Adv Area
2/17/2026 Tue,5:00 PM,8:00 PM,5:00 PM,8:00 PM,Bush Science Center,Room 200
2/17/2026 Tue,5:00 PM,6:00 PM,5:00 PM,6:00 PM,Kathleen W Rollins Hall,Room 340 - Galloway Seminar Meeting Room
2/17/2026 Tue,5:00 PM,7:00 PM,5:00 PM,7:00 PM,Olin Library,Van Houten Conference Room
2/17/2026 Tue,7:00 PM,10:00 PM,8:00 PM,9:00 PM,Bush Science Center,Bush Auditorium and Lobby
2/18/2026 Wed,5:30 AM,8:30 PM,7:00 AM,7:00 PM,Bush Science Center,Bush Lawn (Southside of building)
2/18/2026 Wed,6:30 AM,10:30 AM,8:00 AM,9:00 AM,Olin Library,Olin Lawn
2/18/2026 Wed,8:00 AM,9:00 AM,8:00 AM,9:00 AM,Kathleen W Rollins Hall,Mills Foyer
2/18/2026 Wed,9:00 AM,12:30 PM,10:00 AM,11:30 AM,Olin Library,Room 230 - Library Meeting Room
2/18/2026 Wed,10:30 AM,3:00 PM,12:00 PM,1:30 PM,Olin Library,Olin Lawn
2/18/2026 Wed,11:00 AM,2:00 PM,11:00 AM,2:00 PM,Bush Science Center,Room 274 - Operant Lab/Seminar - Operant Lab Prior
2/18/2026 Wed,12:00 PM,4:00 PM,12:00 PM,4:00 PM,Kathleen W Rollins Hall,Room 149 - Conference Room - Academic Adv Area
2/18/2026 Wed,12:00 PM,2:15 PM,12:00 PM,2:15 PM,Bush Science Center,Room 164 - Physics Priority
2/18/2026 Wed,12:00 PM,1:00 PM,12:00 PM,1:00 PM,Bush Science Center,Room 200
2/18/2026 Wed,12:00 PM,1:00 PM,12:00 PM,1:00 PM,Kathleen W Rollins Hall,Room 230 - Conference Room - CLCE Area
2/18/2026 Wed,12:00 PM,1:00 PM,12:00 PM,1:00 PM,Kathleen W Rollins Hall,Room 340 - Galloway Seminar Meeting Room
2/18/2026 Wed,1:00 PM,2:00 PM,1:00 PM,2:00 PM,Kathleen W Rollins Hall,Room 240/240B - Social Impact Hub/Classroom
2/18/2026 Wed,1:00 PM,4:00 PM,1:00 PM,4:00 PM,Bush Science Center,Room 277 - Seminar Room 
2/18/2026 Wed,1:00 PM,3:30 PM,1:00 PM,3:30 PM,Kathleen W Rollins Hall,Room 340 - Galloway Seminar Meeting Room
2/18/2026 Wed,2:00 PM,3:30 PM,2:00 PM,3:30 PM,Kathleen W Rollins Hall,Room 330 - Teaching Seminar Room
2/18/2026 Wed,2:30 PM,3:45 PM,2:30 PM,3:45 PM,Bush Science Center,Room 208
2/18/2026 Wed,2:30 PM,3:30 PM,2:30 PM,3:30 PM,Kathleen W Rollins Hall,Room 241 - Conference Room - Hub/SE/Acad Adv Area
2/18/2026 Wed,2:30 PM,10:30 PM,4:00 PM,9:00 PM,Kathleen W Rollins Hall,Room 300 - Galloway Room 
2/18/2026 Wed,3:00 PM,7:15 PM,3:00 PM,7:15 PM,Olin Library,Room 230 - Library Meeting Room
2/18/2026 Wed,4:00 PM,6:00 PM,4:00 PM,6:00 PM,Bush Science Center,Room 201
2/18/2026 Wed,5:00 PM,7:00 PM,5:00 PM,7:00 PM,Bush Science Center,Room 200
2/18/2026 Wed,5:30 PM,7:00 PM,5:30 PM,7:00 PM,Kathleen W Rollins Hall,Room 330 - Teaching Seminar Room
2/18/2026 Wed,7:00 PM,9:00 PM,7:00 PM,9:00 PM,Bush Science Center,Room 201
2/18/2026 Wed,7:00 PM,9:00 PM,7:00 PM,9:00 PM,Kathleen W Rollins Hall,Room 340 - Galloway Seminar Meeting Room
2/19/2026 Thu,6:30 AM,9:30 PM,8:00 AM,8:00 PM,Bush Science Center,Bush Lawn (Southside of building)
2/19/2026 Thu,6:30 AM,9:30 PM,8:00 AM,8:00 PM,Kathleen W Rollins Hall,Mills Lawn
2/19/2026 Thu,7:00 AM,7:00 PM,7:00 AM,7:00 PM,Kathleen W Rollins Hall,Room 131 - Conference Room - CCLP Area
2/19/2026 Thu,8:30 AM,1:00 PM,10:00 AM,11:30 AM,Kathleen W Rollins Hall,Room 300 - Galloway Room 
2/19/2026 Thu,9:30 AM,10:30 AM,9:30 AM,10:30 AM,Kathleen W Rollins Hall,Room 149 - Conference Room - Academic Adv Area
2/19/2026 Thu,10:30 AM,12:30 PM,10:30 AM,12:30 PM,Kathleen W Rollins Hall,Room 141 - Meeting Room - CCLP Area
2/19/2026 Thu,10:30 AM,12:30 PM,10:30 AM,12:30 PM,Kathleen W Rollins Hall,Room 143 - Meeting Room - CCLP Area
2/19/2026 Thu,11:00 AM,5:00 PM,11:00 AM,5:00 PM,Kathleen W Rollins Hall,Room 241 - Conference Room - Hub/SE/Acad Adv Area
2/19/2026 Thu,11:15 AM,2:30 PM,11:15 AM,2:30 PM,Kathleen W Rollins Hall,Fountain Entrance Lobby & Gathering Stairs
2/19/2026 Thu,11:15 AM,12:15 PM,11:15 AM,12:15 PM,Kathleen W Rollins Hall,Room 230 - Conference Room - CLCE Area
2/19/2026 Thu,12:00 PM,2:00 PM,12:00 PM,2:00 PM,Kathleen W Rollins Hall,Room 330 - Teaching Seminar Room
2/19/2026 Thu,12:00 PM,2:00 PM,12:00 PM,2:00 PM,Kathleen W Rollins Hall,Room 340 - Galloway Seminar Meeting Room
2/19/2026 Thu,12:15 PM,1:45 PM,12:15 PM,1:45 PM,Bush Science Center,Room 277 - Seminar Room 
2/19/2026 Thu,12:30 PM,1:30 PM,12:30 PM,1:30 PM,Bush Science Center,Room 201
2/19/2026 Thu,12:30 PM,1:30 PM,12:30 PM,1:30 PM,Kathleen W Rollins Hall,Room 320 - Hauske Scale-up Classroom
2/19/2026 Thu,1:45 PM,3:30 PM,1:45 PM,3:30 PM,Kathleen W Rollins Hall,Room 141 - Meeting Room - CCLP Area
2/19/2026 Thu,1:45 PM,3:30 PM,1:45 PM,3:30 PM,Kathleen W Rollins Hall,Room 143 - Meeting Room - CCLP Area
2/19/2026 Thu,2:00 PM,3:00 PM,2:00 PM,3:00 PM,Kathleen W Rollins Hall,Room 149 - Conference Room - Academic Adv Area
2/19/2026 Thu,2:00 PM,3:00 PM,2:00 PM,3:00 PM,Kathleen W Rollins Hall,Room 230 - Conference Room - CLCE Area
2/19/2026 Thu,3:30 PM,5:00 PM,3:30 PM,5:00 PM,Kathleen W Rollins Hall,Room 128 - Screening Room
2/19/2026 Thu,3:30 PM,5:30 PM,3:30 PM,5:30 PM,Olin Library,Room 319 
2/19/2026 Thu,4:00 PM,9:00 PM,5:00 PM,8:00 PM,Bush Science Center,Bush Auditorium and Lobby
2/19/2026 Thu,4:00 PM,10:00 PM,5:30 PM,8:30 PM,Kathleen W Rollins Hall,Room 300 - Galloway Room 
2/19/2026 Thu,5:00 PM,6:00 PM,5:00 PM,6:00 PM,Kathleen W Rollins Hall,Room 340 - Galloway Seminar Meeting Room
2/19/2026 Thu,5:00 PM,7:00 PM,5:00 PM,7:00 PM,Olin Library,Van Houten Conference Room
2/19/2026 Thu,6:00 PM,7:00 PM,6:00 PM,7:00 PM,Bush Science Center,Room 201
2/19/2026 Thu,6:00 PM,10:00 PM,6:00 PM,10:00 PM,Kathleen W Rollins Hall,Room 310 - Genius Scale-up Classroom
2/19/2026 Thu,6:45 PM,7:45 PM,6:45 PM,7:45 PM,Kathleen W Rollins Hall,Room 330 - Teaching Seminar Room
2/20/2026 Fri,6:30 AM,1:30 PM,8:00 AM,12:00 PM,Kathleen W Rollins Hall,Mills Lawn
2/20/2026 Fri,10:00 AM,3:00 PM,10:00 AM,3:00 PM,Kathleen W Rollins Hall,Room 226 - Meeting Room - CLCE/Global Init. Area
2/20/2026 Fri,10:00 AM,1:30 PM,10:00 AM,1:30 PM,Kathleen W Rollins Hall,Room 230 - Conference Room - CLCE Area
2/20/2026 Fri,11:00 AM,4:00 PM,11:00 AM,4:00 PM,Kathleen W Rollins Hall,Room 241 - Conference Room - Hub/SE/Acad Adv Area
2/20/2026 Fri,11:30 AM,3:00 PM,12:30 PM,2:00 PM,Bush Science Center,Bush Auditorium and Lobby
2/20/2026 Fri,12:00 PM,2:15 PM,12:00 PM,2:15 PM,Bush Science Center,Room 164 - Physics Priority
2/20/2026 Fri,1:00 PM,4:00 PM,1:00 PM,4:00 PM,Bush Science Center,Room 277 - Seminar Room 
2/20/2026 Fri,1:00 PM,2:00 PM,1:00 PM,2:00 PM,Kathleen W Rollins Hall,Room 330 - Teaching Seminar Room
2/20/2026 Fri,1:30 PM,2:30 PM,1:30 PM,2:30 PM,Kathleen W Rollins Hall,Room 230 - Conference Room - CLCE Area
2/20/2026 Fri,2:30 PM,3:30 PM,2:30 PM,3:30 PM,Kathleen W Rollins Hall,Room 230 - Conference Room - CLCE Area
2/20/2026 Fri,3:30 PM,4:30 PM,3:30 PM,4:30 PM,Bush Science Center,Room 310 - Computer Lab (Mac)
2/20/2026 Fri,4:00 PM,9:15 PM,5:00 PM,8:15 PM,Bush Science Center,Bush Auditorium and Lobby
2/20/2026 Fri,6:00 PM,10:00 PM,6:00 PM,10:00 PM,Bush Science Center,Room 176 - Smart Classroom 
2/20/2026 Fri,6:00 PM,10:00 PM,6:00 PM,10:00 PM,Kathleen W Rollins Hall,Room 310 - Genius Scale-up Classroom
2/20/2026 Fri,6:00 PM,10:00 PM,6:00 PM,10:00 PM,Kathleen W Rollins Hall,Room 320 - Hauske Scale-up Classroom
2/21/2026 Sat,6:30 AM,3:30 PM,8:00 AM,2:00 PM,Kathleen W Rollins Hall,Room 300 - Galloway Room 
2/21/2026 Sat,7:30 AM,5:30 PM,7:30 AM,5:30 PM,Bush Science Center,Room 176 - Smart Classroom 
2/21/2026 Sat,8:00 AM,12:00 PM,8:00 AM,12:00 PM,Kathleen W Rollins Hall,Room 310 - Genius Scale-up Classroom
2/21/2026 Sat,8:00 AM,12:00 PM,8:00 AM,12:00 PM,Kathleen W Rollins Hall,Room 320 - Hauske Scale-up Classroom
2/21/2026 Sat,8:00 AM,2:00 PM,8:00 AM,2:00 PM,Kathleen W Rollins Hall,Room 330 - Teaching Seminar Room
2/21/2026 Sat,8:00 AM,2:00 PM,8:00 AM,2:00 PM,Kathleen W Rollins Hall,Room 340 - Galloway Seminar Meeting Room
2/21/2026 Sat,9:00 AM,2:00 PM,10:00 AM,1:00 PM,Bush Science Center,Bush Auditorium and Lobby
2/21/2026 Sat,12:00 PM,10:00 PM,12:00 PM,10:00 PM,Kathleen W Rollins Hall,Room 310 - Genius Scale-up Classroom
2/21/2026 Sat,12:00 PM,10:00 PM,12:00 PM,10:00 PM,Kathleen W Rollins Hall,Room 320 - Hauske Scale-up Classroom
2/21/2026 Sat,3:00 PM,5:00 PM,3:00 PM,5:00 PM,Bush Science Center,Room 202
2/21/2026 Sat,6:15 PM,8:00 PM,6:15 PM,8:00 PM,Kathleen W Rollins Hall,Room 301 - Ourisman Meeting Room
2/22/2026 Sun,12:00 PM,10:00 PM,12:00 PM,10:00 PM,Kathleen W Rollins Hall,Room 320 - Hauske Scale-up Classroom
2/22/2026 Sun,2:00 PM,4:00 PM,2:00 PM,4:00 PM,Kathleen W Rollins Hall,Room 310 - Genius Scale-up Classroom
2/22/2026 Sun,3:00 PM,11:00 PM,4:00 PM,10:00 PM,Bush Science Center,Bush Auditorium and Lobby
2/22/2026 Sun,4:00 PM,10:00 PM,4:00 PM,10:00 PM,Bush Science Center,Room 176 - Smart Classroom 
2/22/2026 Sun,4:00 PM,10:00 PM,4:00 PM,10:00 PM,Bush Science Center,Room 201
2/22/2026 Sun,5:30 PM,9:30 PM,7:00 PM,8:00 PM,Kathleen W Rollins Hall,Room 300 - Galloway Room 
2/23/2026 Mon,9:00 AM,10:00 AM,9:00 AM,10:00 AM,Kathleen W Rollins Hall,Room 340 - Galloway Seminar Meeting Room
2/23/2026 Mon,10:00 AM,11:00 AM,10:00 AM,11:00 AM,Kathleen W Rollins Hall,Room 149 - Conference Room - Academic Adv Area
2/23/2026 Mon,11:00 AM,2:00 PM,11:00 AM,2:00 PM,Bush Science Center,Room 274 - Operant Lab/Seminar - Operant Lab Prior
2/23/2026 Mon,11:30 AM,3:00 PM,12:30 PM,2:00 PM,Olin Library,Room 230 - Library Meeting Room
2/23/2026 Mon,12:00 PM,2:00 PM,12:00 PM,2:00 PM,Bush Science Center,Room 164 - Physics Priority
2/23/2026 Mon,1:00 PM,3:00 PM,1:00 PM,3:00 PM,Bush Science Center,Room 277 - Seminar Room 
2/23/2026 Mon,2:30 PM,3:30 PM,2:30 PM,3:30 PM,Bush Science Center,Room 302 
2/23/2026 Mon,3:00 PM,4:00 PM,3:00 PM,4:00 PM,Kathleen W Rollins Hall,Room 230 - Conference Room - CLCE Area
2/23/2026 Mon,3:00 PM,6:00 PM,4:00 PM,5:00 PM,Olin Library,Room 230 - Library Meeting Room
2/23/2026 Mon,3:00 PM,4:30 PM,3:00 PM,4:30 PM,Bush Science Center,Room 277 - Seminar Room 
2/23/2026 Mon,5:00 PM,11:00 PM,6:00 PM,10:00 PM,Bush Science Center,Bush Auditorium and Lobby
2/23/2026 Mon,5:00 PM,7:00 PM,5:00 PM,7:00 PM,Kathleen W Rollins Hall,Room 128 - Screening Room
2/23/2026 Mon,5:00 PM,8:00 PM,5:00 PM,8:00 PM,Kathleen W Rollins Hall,Room 240/240B - Social Impact Hub/Classroom
2/23/2026 Mon,5:00 PM,9:00 PM,5:00 PM,9:00 PM,Bush Science Center,Room 302 
2/23/2026 Mon,5:30 PM,11:00 PM,7:00 PM,10:00 PM,Kathleen W Rollins Hall,Room 300 - Galloway Room 
2/23/2026 Mon,5:30 PM,6:30 PM,5:30 PM,6:30 PM,Kathleen W Rollins Hall,Room 310 - Genius Scale-up Classroom
2/23/2026 Mon,5:30 PM,7:30 PM,5:30 PM,7:30 PM,Kathleen W Rollins Hall,Room 330 - Teaching Seminar Room
2/23/2026 Mon,6:00 PM,8:30 PM,6:00 PM,8:30 PM,Bush Science Center,Room 308 
2/23/2026 Mon,6:00 PM,7:30 PM,6:00 PM,7:30 PM,Kathleen W Rollins Hall,Room 320 - Hauske Scale-up Classroom
2/23/2026 Mon,7:00 PM,8:00 PM,7:00 PM,8:00 PM,Bush Science Center,Room 200
2/24/2026 Tue,9:30 AM,11:00 AM,9:30 AM,11:00 AM,Kathleen W Rollins Hall,Room 128 - Screening Room
2/24/2026 Tue,9:30 AM,11:00 AM,9:30 AM,11:00 AM,Kathleen W Rollins Hall,Room 131 - Conference Room - CCLP Area
2/24/2026 Tue,10:00 AM,11:00 AM,10:00 AM,11:00 AM,Kathleen W Rollins Hall,Room 230 - Conference Room - CLCE Area
2/24/2026 Tue,11:00 AM,12:30 PM,11:00 AM,12:30 PM,Kathleen W Rollins Hall,Room 230 - Conference Room - CLCE Area
2/24/2026 Tue,12:00 PM,2:00 PM,12:30 PM,1:30 PM,Olin Library,Olin Lawn
2/24/2026 Tue,12:00 PM,2:00 PM,12:00 PM,2:00 PM,Kathleen W Rollins Hall,Room 110 - Conference Room - Campus Media Area
2/24/2026 Tue,12:00 PM,2:00 PM,12:00 PM,2:00 PM,Olin Library,Room 230 - Library Meeting Room
2/24/2026 Tue,12:15 PM,1:45 PM,12:15 PM,1:45 PM,Bush Science Center,Room 277 - Seminar Room 
2/24/2026 Tue,12:15 PM,1:45 PM,12:15 PM,1:45 PM,Kathleen W Rollins Hall,Room 330 - Teaching Seminar Room
2/24/2026 Tue,12:30 PM,1:30 PM,12:30 PM,1:30 PM,Olin Library,Room 104 - Edwin O. Grover Room
2/24/2026 Tue,12:30 PM,1:30 PM,12:30 PM,1:30 PM,Bush Science Center,Room 202
2/24/2026 Tue,12:30 PM,1:30 PM,12:30 PM,1:30 PM,Bush Science Center,Room 208
2/24/2026 Tue,12:30 PM,1:30 PM,12:30 PM,1:30 PM,Kathleen W Rollins Hall,Room 230 - Conference Room - CLCE Area
2/24/2026 Tue,12:30 PM,1:45 PM,12:30 PM,1:45 PM,Kathleen W Rollins Hall,Room 310 - Genius Scale-up Classroom
2/24/2026 Tue,12:30 PM,1:45 PM,12:30 PM,1:45 PM,Kathleen W Rollins Hall,Room 320 - Hauske Scale-up Classroom
2/24/2026 Tue,1:00 PM,3:00 PM,1:00 PM,3:00 PM,Kathleen W Rollins Hall,Room 241 - Conference Room - Hub/SE/Acad Adv Area
2/24/2026 Tue,1:00 PM,2:00 PM,1:00 PM,2:00 PM,Kathleen W Rollins Hall,Room 340 - Galloway Seminar Meeting Room
2/24/2026 Tue,1:30 PM,2:00 PM,1:30 PM,2:00 PM,Kathleen W Rollins Hall,Room 230 - Conference Room - CLCE Area
2/24/2026 Tue,2:00 PM,4:00 PM,2:00 PM,4:00 PM,Kathleen W Rollins Hall,Room 230 - Conference Room - CLCE Area
2/24/2026 Tue,3:00 PM,4:00 PM,3:00 PM,4:00 PM,Kathleen W Rollins Hall,Room 340 - Galloway Seminar Meeting Room
2/24/2026 Tue,3:30 PM,5:30 PM,3:30 PM,5:30 PM,Olin Library,Room 319 
2/24/2026 Tue,4:00 PM,6:30 PM,4:00 PM,6:30 PM,Bush Science Center,Room 202
2/24/2026 Tue,4:00 PM,7:00 PM,5:00 PM,6:00 PM,Olin Library,Room 230 - Library Meeting Room
2/24/2026 Tue,4:45 PM,8:00 PM,4:45 PM,8:00 PM,Kathleen W Rollins Hall,Room 128 - Screening Room
2/24/2026 Tue,5:00 PM,6:00 PM,5:00 PM,6:00 PM,Bush Science Center,Room 176 - Smart Classroom 
2/24/2026 Tue,5:00 PM,6:30 PM,5:00 PM,6:30 PM,Kathleen W Rollins Hall,Room 330 - Teaching Seminar Room
2/24/2026 Tue,5:00 PM,6:00 PM,5:00 PM,6:00 PM,Kathleen W Rollins Hall,Room 340 - Galloway Seminar Meeting Room
2/24/2026 Tue,5:00 PM,7:00 PM,5:00 PM,7:00 PM,Olin Library,Van Houten Conference Room
2/24/2026 Tue,7:00 PM,10:00 PM,8:00 PM,9:00 PM,Bush Science Center,Bush Auditorium and Lobby
2/25/2026 Wed,7:00 AM,11:30 AM,8:30 AM,10:00 AM,Kathleen W Rollins Hall,Room 300 - Galloway Room 
2/25/2026 Wed,7:30 AM,12:30 PM,9:00 AM,11:00 AM,Kathleen W Rollins Hall,Tars Plaza
2/25/2026 Wed,10:00 AM,12:00 PM,10:00 AM,12:00 PM,Kathleen W Rollins Hall,Room 241 - Conference Room - Hub/SE/Acad Adv Area
2/25/2026 Wed,11:00 AM,12:00 PM,11:00 AM,12:00 PM,Kathleen W Rollins Hall,Room 128 - Screening Room
2/25/2026 Wed,11:00 AM,2:00 PM,11:00 AM,2:00 PM,Bush Science Center,Room 274 - Operant Lab/Seminar - Operant Lab Prior
2/25/2026 Wed,11:30 AM,10:30 PM,4:00 PM,9:00 PM,Kathleen W Rollins Hall,Room 300 - Galloway Room 
2/25/2026 Wed,12:00 PM,4:00 PM,12:00 PM,4:00 PM,Kathleen W Rollins Hall,Room 149 - Conference Room - Academic Adv Area
2/25/2026 Wed,12:00 PM,1:00 PM,12:00 PM,1:00 PM,Bush Science Center,Room 200
2/25/2026 Wed,12:00 PM,1:00 PM,12:00 PM,1:00 PM,Kathleen W Rollins Hall,Room 230 - Conference Room - CLCE Area
2/25/2026 Wed,1:00 PM,2:30 PM,1:00 PM,2:30 PM,Kathleen W Rollins Hall,Room 340 - Galloway Seminar Meeting Room
2/25/2026 Wed,2:00 PM,3:30 PM,2:00 PM,3:30 PM,Kathleen W Rollins Hall,Room 330 - Teaching Seminar Room
2/25/2026 Wed,3:00 PM,4:00 PM,3:00 PM,4:00 PM,Kathleen W Rollins Hall,Room 340 - Galloway Seminar Meeting Room
2/25/2026 Wed,4:00 PM,5:00 PM,4:00 PM,5:00 PM,Kathleen W Rollins Hall,Room 230 - Conference Room - CLCE Area
2/25/2026 Wed,4:00 PM,5:00 PM,4:00 PM,5:00 PM,Kathleen W Rollins Hall,Room 310 - Genius Scale-up Classroom
2/25/2026 Wed,4:00 PM,9:00 PM,4:00 PM,9:00 PM,Kathleen W Rollins Hall,Room 330 - Teaching Seminar Room
2/25/2026 Wed,4:00 PM,9:00 PM,4:00 PM,9:00 PM,Kathleen W Rollins Hall,Room 340 - Galloway Seminar Meeting Room
2/25/2026 Wed,4:30 PM,8:00 PM,5:30 PM,7:00 PM,Olin Library,Room 230 - Library Meeting Room
2/25/2026 Wed,5:00 PM,7:00 PM,5:00 PM,7:00 PM,Bush Science Center,Room 200
2/25/2026 Wed,5:00 PM,6:30 PM,5:00 PM,6:30 PM,Bush Science Center,Room 277 - Seminar Room 
2/25/2026 Wed,5:45 PM,7:30 PM,5:45 PM,7:30 PM,Bush Science Center,Room 176 - Smart Classroom 
2/25/2026 Wed,6:00 PM,10:00 PM,7:00 PM,9:00 PM,Bush Science Center,Bush Auditorium and Lobby
2/25/2026 Wed,7:30 PM,9:00 PM,7:30 PM,9:00 PM,Bush Science Center,Room 176 - Smart Classroom 
2/26/2026 Thu,5:30 AM,4:00 PM,8:45 AM,4:00 PM,Kathleen W Rollins Hall,Room 300 - Galloway Room 
2/26/2026 Thu,7:00 AM,9:00 PM,8:00 AM,9:00 PM,Kathleen W Rollins Hall,Room 330 - Teaching Seminar Room
2/26/2026 Thu,7:00 AM,9:00 PM,7:00 AM,9:00 PM,Kathleen W Rollins Hall,Room 340 - Galloway Seminar Meeting Room
2/26/2026 Thu,8:00 AM,12:00 PM,9:00 AM,11:00 AM,Olin Library,Room 230 - Library Meeting Room
2/26/2026 Thu,8:00 AM,5:00 PM,8:00 AM,5:00 PM,Kathleen W Rollins Hall,Room 301 - Ourisman Meeting Room
2/26/2026 Thu,9:00 AM,11:00 AM,9:00 AM,11:00 AM,Kathleen W Rollins Hall,Room 141 - Meeting Room - CCLP Area
2/26/2026 Thu,9:00 AM,11:00 AM,9:00 AM,11:00 AM,Olin Library,Room 226 - Lobby & Lounge Area
2/26/2026 Thu,9:00 AM,10:00 AM,9:00 AM,10:00 AM,Kathleen W Rollins Hall,Room 230 - Conference Room - CLCE Area
2/26/2026 Thu,9:30 AM,10:30 AM,9:30 AM,10:30 AM,Kathleen W Rollins Hall,Room 149 - Conference Room - Academic Adv Area
2/26/2026 Thu,10:00 AM,3:00 PM,10:00 AM,3:00 PM,Kathleen W Rollins Hall,Room 230 - Conference Room - CLCE Area
2/26/2026 Thu,10:00 AM,3:00 PM,10:00 AM,3:00 PM,Kathleen W Rollins Hall,Room 241 - Conference Room - Hub/SE/Acad Adv Area
2/26/2026 Thu,10:30 AM,3:30 PM,12:00 PM,2:00 PM,Olin Library,Olin Lawn
2/26/2026 Thu,10:45 AM,12:30 PM,10:45 AM,12:30 PM,Olin Library,Room 319 
2/26/2026 Thu,11:00 AM,3:00 PM,12:00 PM,2:00 PM,Bush Science Center,Bush Auditorium and Lobby
2/26/2026 Thu,11:45 AM,1:15 PM,11:45 AM,1:15 PM,Olin Library,Room 211 - Tutoring & Writing Center
2/26/2026 Thu,12:00 PM,2:00 PM,12:00 PM,2:00 PM,Kathleen W Rollins Hall,Room 128 - Screening Room
2/26/2026 Thu,12:00 PM,2:00 PM,12:00 PM,2:00 PM,Olin Library,Room 226 - Lobby & Lounge Area
2/26/2026 Thu,12:00 PM,2:45 PM,12:30 PM,1:45 PM,Olin Library,Room 230 - Library Meeting Room
2/26/2026 Thu,12:15 PM,1:45 PM,12:15 PM,1:45 PM,Bush Science Center,Room 277 - Seminar Room 
2/26/2026 Thu,12:30 PM,1:45 PM,12:30 PM,1:45 PM,Bush Science Center,Room 176 - Smart Classroom 
2/26/2026 Thu,12:30 PM,1:30 PM,12:30 PM,1:30 PM,Bush Science Center,Room 201
2/26/2026 Thu,12:30 PM,1:45 PM,12:30 PM,1:45 PM,Kathleen W Rollins Hall,Room 310 - Genius Scale-up Classroom
2/26/2026 Thu,1:00 PM,1:50 PM,1:00 PM,1:50 PM,Bush Science Center,Room 202
2/26/2026 Thu,1:30 PM,3:30 PM,1:30 PM,3:30 PM,Bush Science Center,Room 308 
2/26/2026 Thu,1:30 PM,3:00 PM,1:30 PM,3:00 PM,Kathleen W Rollins Hall,Room 320 - Hauske Scale-up Classroom
2/26/2026 Thu,2:00 PM,3:30 PM,2:00 PM,3:30 PM,Kathleen W Rollins Hall,Room 128 - Screening Room
2/26/2026 Thu,2:00 PM,3:00 PM,2:00 PM,3:00 PM,Kathleen W Rollins Hall,Room 149 - Conference Room - Academic Adv Area
2/26/2026 Thu,3:15 PM,5:30 PM,3:15 PM,5:30 PM,Kathleen W Rollins Hall,Room 241 - Conference Room - Hub/SE/Acad Adv Area
2/26/2026 Thu,3:30 PM,5:30 PM,3:30 PM,5:30 PM,Olin Library,Room 319 
2/26/2026 Thu,4:00 PM,8:00 PM,5:00 PM,7:00 PM,Bush Science Center,Bush Auditorium and Lobby
2/26/2026 Thu,4:00 PM,10:00 PM,4:00 PM,10:00 PM,Kathleen W Rollins Hall,Room 300 - Galloway Room 
2/26/2026 Thu,4:30 PM,9:30 PM,4:30 PM,9:30 PM,Kathleen W Rollins Hall,Room 136 - Meeting Room - CCLP Area
2/26/2026 Thu,5:00 PM,6:00 PM,5:00 PM,6:00 PM,Bush Science Center,Room 176 - Smart Classroom 
2/26/2026 Thu,5:00 PM,6:00 PM,5:00 PM,6:00 PM,Bush Science Center,Room 200
2/26/2026 Thu,5:00 PM,10:00 PM,6:00 PM,9:00 PM,Olin Library,Room 230 - Library Meeting Room
2/26/2026 Thu,5:00 PM,7:00 PM,5:00 PM,7:00 PM,Olin Library,Van Houten Conference Room
2/26/2026 Thu,6:00 PM,7:00 PM,6:00 PM,7:00 PM,Bush Science Center,Room 201
2/26/2026 Thu,6:00 PM,10:00 PM,6:00 PM,10:00 PM,Kathleen W Rollins Hall,Room 310 - Genius Scale-up Classroom
2/26/2026 Thu,7:00 PM,8:00 PM,7:00 PM,8:00 PM,Kathleen W Rollins Hall,Room 128 - Screening Room
2/26/2026 Thu,7:00 PM,8:00 PM,7:00 PM,8:00 PM,Kathleen W Rollins Hall,Room 320 - Hauske Scale-up Classroom
2/27/2026 Fri,5:30 AM,2:30 PM,7:00 AM,1:00 PM,Kathleen W Rollins Hall,Room 300 - Galloway Room 
2/27/2026 Fri,7:00 AM,2:00 PM,7:00 AM,2:00 PM,Kathleen W Rollins Hall,Room 330 - Teaching Seminar Room
2/27/2026 Fri,7:00 AM,2:00 PM,7:00 AM,2:00 PM,Kathleen W Rollins Hall,Room 340 - Galloway Seminar Meeting Room
2/27/2026 Fri,7:30 AM,6:30 PM,9:00 AM,5:00 PM,Kathleen W Rollins Hall,Mills Lawn
2/27/2026 Fri,8:00 AM,1:00 PM,8:00 AM,1:00 PM,Kathleen W Rollins Hall,Room 301 - Ourisman Meeting Room
2/27/2026 Fri,10:00 AM,4:00 PM,10:00 AM,4:00 PM,Kathleen W Rollins Hall,Room 230 - Conference Room - CLCE Area
2/27/2026 Fri,10:00 AM,4:00 PM,10:00 AM,4:00 PM,Kathleen W Rollins Hall,Room 241 - Conference Room - Hub/SE/Acad Adv Area
2/27/2026 Fri,10:30 AM,3:30 PM,12:00 PM,2:00 PM,Bush Science Center,Bush Lawn (Southside of building)
2/27/2026 Fri,11:00 AM,4:00 PM,11:00 AM,4:00 PM,Kathleen W Rollins Hall,Room 149 - Conference Room - Academic Adv Area
2/27/2026 Fri,1:00 PM,2:00 PM,1:00 PM,2:00 PM,Bush Science Center,Room 123 - Seminar/Green Room - Sci Div Priority
2/27/2026 Fri,1:30 PM,6:00 PM,2:00 PM,5:00 PM,Bush Science Center,Bush Auditorium and Lobby
2/27/2026 Fri,2:00 PM,5:00 PM,2:00 PM,5:00 PM,Bush Science Center,Room 176 - Smart Classroom 
2/27/2026 Fri,2:00 PM,5:00 PM,2:00 PM,5:00 PM,Bush Science Center,Room 201
2/27/2026 Fri,2:00 PM,5:00 PM,2:00 PM,5:00 PM,Bush Science Center,Room 210 
2/27/2026 Fri,2:00 PM,5:00 PM,2:00 PM,5:00 PM,Bush Science Center,Room 301 - Computer Classroom (PC)
2/27/2026 Fri,2:30 PM,4:00 PM,2:30 PM,4:00 PM,Kathleen W Rollins Hall,Room 340 - Galloway Seminar Meeting Room
2/27/2026 Fri,3:00 PM,11:59 PM,3:00 PM,11:59 PM,Bush Science Center,Room 123 - Seminar/Green Room - Sci Div Priority
2/27/2026 Fri,3:30 PM,4:30 PM,3:30 PM,4:30 PM,Kathleen W Rollins Hall,Room 330 - Teaching Seminar Room
2/27/2026 Fri,4:00 PM,6:30 PM,4:00 PM,6:30 PM,Kathleen W Rollins Hall,Room 128 - Screening Room
2/27/2026 Fri,6:00 PM,10:00 PM,6:00 PM,10:00 PM,Bush Science Center,Room 176 - Smart Classroom 
2/28/2026 Sat,6:00 AM,8:00 PM,7:00 AM,7:00 PM,Bush Science Center,Bush Auditorium and Lobby
2/28/2026 Sat,7:00 AM,7:00 PM,7:00 AM,7:00 PM,Bush Science Center,Bush Atrium - Student Priority
2/28/2026 Sat,7:00 AM,7:00 PM,7:00 AM,7:00 PM,Bush Science Center,Room 123 - Seminar/Green Room - Sci Div Priority
2/28/2026 Sat,7:00 AM,7:00 PM,7:00 AM,7:00 PM,Bush Science Center,Room 176 - Smart Classroom 
2/28/2026 Sat,7:00 AM,7:00 PM,7:00 AM,7:00 PM,Bush Science Center,Room 201
2/28/2026 Sat,7:00 AM,7:00 PM,7:00 AM,7:00 PM,Bush Science Center,Room 202
2/28/2026 Sat,7:00 AM,7:00 PM,7:00 AM,7:00 PM,Bush Science Center,Room 208
2/28/2026 Sat,7:00 AM,7:00 PM,7:00 AM,7:00 PM,Bush Science Center,Room 210 
2/28/2026 Sat,7:00 AM,7:00 PM,7:00 AM,7:00 PM,Bush Science Center,Room 212
2/28/2026 Sat,7:00 AM,7:00 PM,7:00 AM,7:00 PM,Bush Science Center,Room 228
2/28/2026 Sat,7:00 AM,7:00 PM,7:00 AM,7:00 PM,Bush Science Center,Room 277 - Seminar Room 
2/28/2026 Sat,7:00 AM,7:00 PM,7:00 AM,7:00 PM,Bush Science Center,Room 302 
2/28/2026 Sat,7:00 AM,7:00 PM,7:00 AM,7:00 PM,Bush Science Center,Room 308 
2/28/2026 Sat,9:15 AM,10:00 AM,9:15 AM,10:00 AM,Kathleen W Rollins Hall,Room 128 - Screening Room
2/28/2026 Sat,12:00 PM,10:00 PM,12:00 PM,10:00 PM,Kathleen W Rollins Hall,Room 320 - Hauske Scale-up Classroom
2/28/2026 Sat,12:30 PM,11:45 PM,2:00 PM,11:00 PM,Kathleen W Rollins Hall,Mills Lawn
3/1/2026 Sun,11:45 AM,6:00 PM,11:45 AM,6:00 PM,Olin Library,Room 230 - Library Meeting Room
3/1/2026 Sun,12:00 PM,10:00 PM,12:00 PM,10:00 PM,Kathleen W Rollins Hall,Room 320 - Hauske Scale-up Classroom
3/1/2026 Sun,2:00 PM,5:00 PM,2:00 PM,5:00 PM,Kathleen W Rollins Hall,Room 110 - Conference Room - Campus Media Area
3/1/2026 Sun,3:00 PM,11:00 PM,4:00 PM,10:00 PM,Bush Science Center,Bush Auditorium and Lobby
3/1/2026 Sun,3:00 PM,5:00 PM,3:00 PM,5:00 PM,Kathleen W Rollins Hall,Room 340 - Galloway Seminar Meeting Room
3/1/2026 Sun,4:00 PM,10:00 PM,4:00 PM,10:00 PM,Bush Science Center,Room 176 - Smart Classroom 
3/1/2026 Sun,4:00 PM,10:00 PM,4:00 PM,10:00 PM,Bush Science Center,Room 201
3/1/2026 Sun,4:30 PM,7:00 PM,4:30 PM,7:00 PM,Kathleen W Rollins Hall,Room 128 - Screening Room
3/1/2026 Sun,5:00 PM,8:30 PM,5:00 PM,8:30 PM,Kathleen W Rollins Hall,Room 310 - Genius Scale-up Classroom
3/1/2026 Sun,5:30 PM,9:30 PM,7:00 PM,8:00 PM,Kathleen W Rollins Hall,Room 300 - Galloway Room 
3/2/2026 Mon,7:30 AM,11:30 AM,9:00 AM,10:00 AM,Kathleen W Rollins Hall,Mills Lawn
3/2/2026 Mon,9:00 AM,3:45 PM,10:30 AM,2:15 PM,Kathleen W Rollins Hall,Room 300 - Galloway Room 
3/2/2026 Mon,10:00 AM,11:00 AM,10:00 AM,11:00 AM,Kathleen W Rollins Hall,Room 149 - Conference Room - Academic Adv Area
3/2/2026 Mon,11:00 AM,2:00 PM,11:00 AM,2:00 PM,Bush Science Center,Room 274 - Operant Lab/Seminar - Operant Lab Prior
3/2/2026 Mon,11:00 AM,2:00 PM,11:00 AM,2:00 PM,Kathleen W Rollins Hall,Room 330 - Teaching Seminar Room
3/2/2026 Mon,12:00 PM,2:00 PM,12:00 PM,2:00 PM,Bush Science Center,Bush Lawn (Southside of building)
3/2/2026 Mon,12:00 PM,2:00 PM,12:00 PM,2:00 PM,Kathleen W Rollins Hall,Tars Plaza
3/2/2026 Mon,3:00 PM,6:00 PM,4:00 PM,5:00 PM,Olin Library,Room 230 - Library Meeting Room
3/2/2026 Mon,4:00 PM,5:00 PM,4:00 PM,5:00 PM,Kathleen W Rollins Hall,Room 241 - Conference Room - Hub/SE/Acad Adv Area
3/2/2026 Mon,5:00 PM,11:00 PM,6:00 PM,10:00 PM,Bush Science Center,Bush Auditorium and Lobby
3/2/2026 Mon,5:00 PM,6:00 PM,5:00 PM,6:00 PM,Bush Science Center,Room 176 - Smart Classroom 
3/2/2026 Mon,5:30 PM,6:30 PM,5:30 PM,6:30 PM,Kathleen W Rollins Hall,Room 149 - Conference Room - Academic Adv Area
3/2/2026 Mon,5:30 PM,6:30 PM,5:30 PM,6:30 PM,Kathleen W Rollins Hall,Room 241 - Conference Room - Hub/SE/Acad Adv Area
3/2/2026 Mon,5:30 PM,6:30 PM,5:30 PM,6:30 PM,Kathleen W Rollins Hall,Room 310 - Genius Scale-up Classroom
3/2/2026 Mon,5:30 PM,6:30 PM,5:30 PM,6:30 PM,Kathleen W Rollins Hall,Room 340 - Galloway Seminar Meeting Room
3/2/2026 Mon,6:00 PM,8:30 PM,6:00 PM,8:30 PM,Bush Science Center,Room 308 
3/2/2026 Mon,6:00 PM,7:30 PM,6:00 PM,7:30 PM,Kathleen W Rollins Hall,Room 320 - Hauske Scale-up Classroom
3/2/2026 Mon,6:30 PM,10:30 PM,8:00 PM,9:00 PM,Kathleen W Rollins Hall,Room 300 - Galloway Room 
3/2/2026 Mon,7:00 PM,8:00 PM,7:00 PM,8:00 PM,Bush Science Center,Room 200
3/3/2026 Tue,9:30 AM,11:00 AM,9:30 AM,11:00 AM,Kathleen W Rollins Hall,Room 131 - Conference Room - CCLP Area
3/3/2026 Tue,10:00 AM,5:00 PM,11:30 AM,3:30 PM,Kathleen W Rollins Hall,Mills Lawn
3/3/2026 Tue,10:00 AM,11:00 AM,10:00 AM,11:00 AM,Kathleen W Rollins Hall,Room 230 - Conference Room - CLCE Area
3/3/2026 Tue,10:30 AM,3:30 PM,12:00 PM,2:00 PM,Bush Science Center,Bush Lawn (Southside of building)
3/3/2026 Tue,10:30 AM,3:30 PM,12:00 PM,2:00 PM,Olin Library,Olin Lawn
3/3/2026 Tue,10:30 AM,11:30 AM,10:30 AM,11:30 AM,Kathleen W Rollins Hall,Room 241 - Conference Room - Hub/SE/Acad Adv Area
3/3/2026 Tue,10:30 AM,12:00 PM,10:30 AM,12:00 PM,Olin Library,Van Houten Conference Room
3/3/2026 Tue,11:00 AM,12:30 PM,11:00 AM,12:30 PM,Kathleen W Rollins Hall,Room 230 - Conference Room - CLCE Area
3/3/2026 Tue,11:30 AM,2:00 PM,12:30 PM,1:45 PM,Bush Science Center,Bush Auditorium and Lobby
3/3/2026 Tue,12:00 PM,1:00 PM,12:00 PM,1:00 PM,Kathleen W Rollins Hall,Fountain Entrance Lobby & Gathering Stairs
3/3/2026 Tue,12:00 PM,2:00 PM,12:00 PM,2:00 PM,Kathleen W Rollins Hall,Room 110 - Conference Room - Campus Media Area
3/3/2026 Tue,12:15 PM,1:45 PM,12:15 PM,1:45 PM,Bush Science Center,Room 277 - Seminar Room 
3/3/2026 Tue,12:15 PM,1:45 PM,12:15 PM,1:45 PM,Kathleen W Rollins Hall,Room 330 - Teaching Seminar Room
3/3/2026 Tue,12:30 PM,1:30 PM,12:30 PM,1:30 PM,Olin Library,Room 104 - Edwin O. Grover Room
3/3/2026 Tue,12:30 PM,1:30 PM,12:30 PM,1:30 PM,Bush Science Center,Room 208
3/3/2026 Tue,12:30 PM,1:30 PM,12:30 PM,1:30 PM,Kathleen W Rollins Hall,Room 230 - Conference Room - CLCE Area
3/3/2026 Tue,1:00 PM,3:00 PM,1:00 PM,3:00 PM,Kathleen W Rollins Hall,Room 128 - Screening Room
3/3/2026 Tue,1:00 PM,3:00 PM,1:00 PM,3:00 PM,Kathleen W Rollins Hall,Room 241 - Conference Room - Hub/SE/Acad Adv Area
3/3/2026 Tue,1:30 PM,2:30 PM,1:30 PM,2:30 PM,Kathleen W Rollins Hall,Room 114 - Meeting Room - Campus Media Area
3/3/2026 Tue,2:00 PM,5:00 PM,2:00 PM,5:00 PM,Bush Science Center,Bush Auditorium and Lobby
3/3/2026 Tue,2:00 PM,3:00 PM,2:00 PM,3:00 PM,Bush Science Center,Room 123 - Seminar/Green Room - Sci Div Priority
3/3/2026 Tue,3:30 PM,5:00 PM,3:30 PM,5:00 PM,Kathleen W Rollins Hall,Room 241 - Conference Room - Hub/SE/Acad Adv Area
3/3/2026 Tue,3:30 PM,5:30 PM,3:30 PM,5:30 PM,Olin Library,Room 319 
3/3/2026 Tue,4:00 PM,6:30 PM,4:00 PM,6:30 PM,Bush Science Center,Room 202
3/3/2026 Tue,4:30 PM,5:30 PM,4:30 PM,5:30 PM,Kathleen W Rollins Hall,Room 230 - Conference Room - CLCE Area
3/3/2026 Tue,5:00 PM,6:00 PM,5:00 PM,6:00 PM,Kathleen W Rollins Hall,Room 110 - Conference Room - Campus Media Area
3/3/2026 Tue,5:00 PM,6:00 PM,5:00 PM,6:00 PM,Bush Science Center,Room 176 - Smart Classroom 
3/3/2026 Tue,5:00 PM,6:00 PM,5:00 PM,6:00 PM,Bush Science Center,Room 201
3/3/2026 Tue,5:00 PM,6:30 PM,5:00 PM,6:30 PM,Kathleen W Rollins Hall,Room 330 - Teaching Seminar Room
3/3/2026 Tue,5:00 PM,6:00 PM,5:00 PM,6:00 PM,Kathleen W Rollins Hall,Room 340 - Galloway Seminar Meeting Room
3/3/2026 Tue,5:00 PM,7:00 PM,5:00 PM,7:00 PM,Olin Library,Van Houten Conference Room
3/3/2026 Tue,7:00 PM,10:00 PM,8:00 PM,9:00 PM,Bush Science Center,Bush Auditorium and Lobby
3/3/2026 Tue,7:00 PM,8:30 PM,7:00 PM,8:30 PM,Kathleen W Rollins Hall,Room 131 - Conference Room - CCLP Area
3/4/2026 Wed,9:00 AM,10:00 AM,9:00 AM,10:00 AM,Bush Science Center,Room 210 
3/4/2026 Wed,9:00 AM,12:30 PM,10:00 AM,11:30 AM,Olin Library,Room 230 - Library Meeting Room
3/4/2026 Wed,10:00 AM,11:00 AM,10:00 AM,11:00 AM,Kathleen W Rollins Hall,Room 128 - Screening Room
3/4/2026 Wed,10:30 AM,3:30 PM,12:00 PM,2:00 PM,Bush Science Center,Bush Lawn (Southside of building)
3/4/2026 Wed,11:00 AM,2:00 PM,11:00 AM,2:00 PM,Bush Science Center,Room 274 - Operant Lab/Seminar - Operant Lab Prior
3/4/2026 Wed,12:00 PM,4:00 PM,12:00 PM,4:00 PM,Kathleen W Rollins Hall,Room 149 - Conference Room - Academic Adv Area
3/4/2026 Wed,12:00 PM,1:00 PM,12:00 PM,1:00 PM,Bush Science Center,Room 200
3/4/2026 Wed,12:00 PM,1:00 PM,12:00 PM,1:00 PM,Kathleen W Rollins Hall,Room 230 - Conference Room - CLCE Area
3/4/2026 Wed,1:00 PM,4:00 PM,2:00 PM,3:00 PM,Bush Science Center,Bush Auditorium and Lobby
3/4/2026 Wed,1:30 PM,10:30 PM,3:00 PM,9:00 PM,Kathleen W Rollins Hall,Mills Lawn
3/4/2026 Wed,2:00 PM,3:30 PM,2:00 PM,3:30 PM,Kathleen W Rollins Hall,Room 330 - Teaching Seminar Room
3/4/2026 Wed,2:00 PM,6:00 PM,2:00 PM,6:00 PM,Kathleen W Rollins Hall,Room 340 - Galloway Seminar Meeting Room
3/4/2026 Wed,2:30 PM,3:45 PM,2:30 PM,3:45 PM,Bush Science Center,Room 208
3/4/2026 Wed,2:30 PM,3:30 PM,2:30 PM,3:30 PM,Bush Science Center,Room 228
3/4/2026 Wed,4:00 PM,6:00 PM,4:00 PM,6:00 PM,Bush Science Center,Room 201
3/4/2026 Wed,4:00 PM,5:00 PM,4:00 PM,5:00 PM,Kathleen W Rollins Hall,Room 330 - Teaching Seminar Room
3/4/2026 Wed,4:30 PM,10:30 PM,6:00 PM,9:00 PM,Bush Science Center,Bush Auditorium and Lobby
3/4/2026 Wed,5:00 PM,7:00 PM,5:00 PM,7:00 PM,Bush Science Center,Room 200
3/4/2026 Wed,5:30 PM,7:00 PM,5:30 PM,7:00 PM,Kathleen W Rollins Hall,Room 330 - Teaching Seminar Room
3/4/2026 Wed,5:45 PM,7:30 PM,5:45 PM,7:30 PM,Bush Science Center,Room 176 - Smart Classroom 
3/5/2026 Thu,6:00 AM,1:30 PM,7:30 AM,12:00 PM,Kathleen W Rollins Hall,Room 300 - Galloway Room 
3/5/2026 Thu,9:30 AM,10:30 AM,9:30 AM,10:30 AM,Kathleen W Rollins Hall,Room 149 - Conference Room - Academic Adv Area
3/5/2026 Thu,10:30 AM,3:30 PM,12:00 PM,2:00 PM,Bush Science Center,Bush Lawn (Southside of building)
3/5/2026 Thu,10:30 AM,3:30 PM,12:00 PM,2:00 PM,Olin Library,Olin Lawn
3/5/2026 Thu,10:30 AM,3:30 PM,12:00 PM,2:00 PM,Kathleen W Rollins Hall,Tars Plaza
3/5/2026 Thu,11:00 AM,2:30 PM,12:00 PM,1:30 PM,Olin Library,Room 230 - Library Meeting Room
3/5/2026 Thu,11:00 AM,5:00 PM,11:00 AM,5:00 PM,Kathleen W Rollins Hall,Room 241 - Conference Room - Hub/SE/Acad Adv Area
3/5/2026 Thu,12:00 PM,2:00 PM,12:00 PM,2:00 PM,Kathleen W Rollins Hall,Room 340 - Galloway Seminar Meeting Room
3/5/2026 Thu,12:15 PM,1:45 PM,12:15 PM,1:45 PM,Bush Science Center,Room 277 - Seminar Room 
3/5/2026 Thu,12:30 PM,1:30 PM,12:30 PM,1:30 PM,Bush Science Center,Room 201
3/5/2026 Thu,12:30 PM,2:00 PM,12:30 PM,2:00 PM,Kathleen W Rollins Hall,Room 320 - Hauske Scale-up Classroom
3/5/2026 Thu,1:45 PM,3:30 PM,1:45 PM,3:30 PM,Kathleen W Rollins Hall,Room 230 - Conference Room - CLCE Area
3/5/2026 Thu,2:00 PM,3:00 PM,2:00 PM,3:00 PM,Kathleen W Rollins Hall,Room 149 - Conference Room - Academic Adv Area
3/5/2026 Thu,2:00 PM,3:00 PM,2:00 PM,3:00 PM,Kathleen W Rollins Hall,Room 330 - Teaching Seminar Room
3/5/2026 Thu,2:00 PM,6:00 PM,2:00 PM,6:00 PM,Kathleen W Rollins Hall,Room 340 - Galloway Seminar Meeting Room
3/5/2026 Thu,3:30 PM,5:30 PM,3:30 PM,5:30 PM,Olin Library,Room 319 
3/5/2026 Thu,4:30 PM,6:00 PM,4:30 PM,6:00 PM,Bush Science Center,Room 202
3/5/2026 Thu,4:30 PM,7:00 PM,4:30 PM,7:00 PM,Kathleen W Rollins Hall,Room 330 - Teaching Seminar Room
3/5/2026 Thu,5:00 PM,6:30 PM,5:00 PM,6:30 PM,Bush Science Center,Room 200
3/5/2026 Thu,5:00 PM,7:00 PM,5:00 PM,7:00 PM,Olin Library,Van Houten Conference Room
3/5/2026 Thu,5:30 PM,6:30 PM,5:30 PM,6:30 PM,Bush Science Center,Room 176 - Smart Classroom 
3/5/2026 Thu,6:00 PM,10:00 PM,7:00 PM,9:00 PM,Bush Science Center,Bush Auditorium and Lobby
3/5/2026 Thu,6:00 PM,7:00 PM,6:00 PM,7:00 PM,Bush Science Center,Room 201
3/5/2026 Thu,6:00 PM,10:00 PM,6:00 PM,10:00 PM,Kathleen W Rollins Hall,Room 310 - Genius Scale-up Classroom
3/5/2026 Thu,7:00 PM,8:00 PM,7:00 PM,8:00 PM,Kathleen W Rollins Hall,Room 128 - Screening Room
3/6/2026 Fri,7:00 AM,6:00 PM,8:30 AM,4:30 PM,Kathleen W Rollins Hall,Room 300 - Galloway Room 
3/6/2026 Fri,8:00 AM,1:30 PM,9:30 AM,1:30 PM,Kathleen W Rollins Hall,Mills Lawn
3/6/2026 Fri,8:30 AM,4:30 PM,8:30 AM,4:30 PM,Kathleen W Rollins Hall,Room 330 - Teaching Seminar Room
3/6/2026 Fri,8:30 AM,4:30 PM,8:30 AM,4:30 PM,Kathleen W Rollins Hall,Room 340 - Galloway Seminar Meeting Room
3/6/2026 Fri,11:00 AM,1:00 PM,11:00 AM,1:00 PM,Kathleen W Rollins Hall,Fountain Entrance Lobby & Gathering Stairs
3/6/2026 Fri,11:00 AM,4:00 PM,11:00 AM,4:00 PM,Kathleen W Rollins Hall,Room 241 - Conference Room - Hub/SE/Acad Adv Area
3/6/2026 Fri,12:30 PM,4:30 PM,12:30 PM,4:30 PM,Kathleen W Rollins Hall,Room 128 - Screening Room
3/6/2026 Fri,1:00 PM,11:00 PM,6:00 PM,8:00 PM,Bush Science Center,Bush Auditorium and Lobby
3/6/2026 Fri,1:00 PM,4:00 PM,2:00 PM,3:00 PM,Olin Library,Room 230 - Library Meeting Room
3/6/2026 Fri,1:00 PM,4:30 PM,1:00 PM,4:30 PM,Kathleen W Rollins Hall,Room 310 - Genius Scale-up Classroom
3/6/2026 Fri,1:30 PM,2:30 PM,1:30 PM,2:30 PM,Kathleen W Rollins Hall,Room 230 - Conference Room - CLCE Area
3/6/2026 Fri,1:30 PM,2:30 PM,1:30 PM,2:30 PM,Olin Library,Van Houten Conference Room
3/6/2026 Fri,2:30 PM,3:30 PM,2:30 PM,3:30 PM,Kathleen W Rollins Hall,Room 230 - Conference Room - CLCE Area
3/6/2026 Fri,4:00 PM,5:00 PM,4:00 PM,5:00 PM,Kathleen W Rollins Hall,Room 131 - Conference Room - CCLP Area
3/6/2026 Fri,5:00 PM,5:45 PM,5:00 PM,5:45 PM,Kathleen W Rollins Hall,Room 128 - Screening Room
3/6/2026 Fri,5:00 PM,8:00 PM,5:00 PM,8:00 PM,Kathleen W Rollins Hall,Room 310 - Genius Scale-up Classroom
3/6/2026 Fri,5:30 PM,8:30 PM,5:30 PM,8:30 PM,Kathleen W Rollins Hall,Room 136 - Meeting Room - CCLP Area
3/6/2026 Fri,6:00 PM,10:00 PM,6:00 PM,10:00 PM,Bush Science Center,Room 176 - Smart Classroom 
3/6/2026 Fri,6:00 PM,10:00 PM,6:00 PM,10:00 PM,Kathleen W Rollins Hall,Room 320 - Hauske Scale-up Classroom
3/7/2026 Sat,6:30 AM,2:00 PM,7:30 AM,12:30 PM,Bush Science Center,Bush Auditorium and Lobby
3/7/2026 Sat,8:30 AM,5:30 PM,8:30 AM,5:30 PM,Bush Science Center,Room 201
3/7/2026 Sat,11:30 AM,12:30 PM,11:30 AM,12:30 PM,Bush Science Center,Room 123 - Seminar/Green Room - Sci Div Priority
3/7/2026 Sat,11:30 AM,12:30 PM,11:30 AM,12:30 PM,Bush Science Center,Room 176 - Smart Classroom 
3/7/2026 Sat,12:00 PM,10:00 PM,12:00 PM,10:00 PM,Kathleen W Rollins Hall,Room 310 - Genius Scale-up Classroom
3/7/2026 Sat,12:00 PM,10:00 PM,12:00 PM,10:00 PM,Kathleen W Rollins Hall,Room 320 - Hauske Scale-up Classroom
3/8/2026 Sun,9:00 AM,1:00 PM,10:00 AM,12:00 PM,Bush Science Center,Bush Auditorium and Lobby
3/8/2026 Sun,12:00 PM,10:00 PM,12:00 PM,10:00 PM,Kathleen W Rollins Hall,Room 320 - Hauske Scale-up Classroom
3/8/2026 Sun,3:00 PM,11:00 PM,4:00 PM,10:00 PM,Bush Science Center,Bush Auditorium and Lobby
3/8/2026 Sun,3:00 PM,6:30 PM,3:00 PM,6:30 PM,Bush Science Center,Room 210 
3/8/2026 Sun,4:00 PM,10:00 PM,4:00 PM,10:00 PM,Bush Science Center,Room 176 - Smart Classroom 
3/8/2026 Sun,4:00 PM,10:00 PM,4:00 PM,10:00 PM,Bush Science Center,Room 201
3/8/2026 Sun,4:00 PM,6:00 PM,4:00 PM,6:00 PM,Kathleen W Rollins Hall,Room 310 - Genius Scale-up Classroom
3/8/2026 Sun,5:30 PM,9:30 PM,7:00 PM,8:00 PM,Kathleen W Rollins Hall,Room 300 - Galloway Room 
3/9/2026 Mon,8:00 AM,10:00 AM,8:00 AM,10:00 AM,Bush Science Center,Room 301 - Computer Classroom (PC)
3/9/2026 Mon,9:30 AM,4:30 PM,11:00 AM,3:00 PM,Kathleen W Rollins Hall,Room 300 - Galloway Room 
3/9/2026 Mon,10:00 AM,11:00 AM,10:00 AM,11:00 AM,Kathleen W Rollins Hall,Room 149 - Conference Room - Academic Adv Area
3/9/2026 Mon,10:00 AM,11:00 AM,10:00 AM,11:00 AM,Kathleen W Rollins Hall,Room 330 - Teaching Seminar Room
3/9/2026 Mon,11:00 AM,2:00 PM,11:00 AM,2:00 PM,Bush Science Center,Room 274 - Operant Lab/Seminar - Operant Lab Prior
3/9/2026 Mon,11:00 AM,12:00 PM,11:00 AM,12:00 PM,Bush Science Center,Room 277 - Seminar Room 
3/9/2026 Mon,12:00 PM,2:00 PM,12:00 PM,2:00 PM,Kathleen W Rollins Hall,Room 330 - Teaching Seminar Room
3/9/2026 Mon,12:00 PM,2:00 PM,12:00 PM,2:00 PM,Kathleen W Rollins Hall,Room 340 - Galloway Seminar Meeting Room
3/9/2026 Mon,12:30 PM,2:30 PM,12:30 PM,2:30 PM,Olin Library,Room 220 - Center for Creativity (Mac) 
3/9/2026 Mon,12:30 PM,6:00 PM,2:00 PM,4:30 PM,Kathleen W Rollins Hall,Tars Plaza
3/9/2026 Mon,1:00 PM,3:00 PM,1:00 PM,3:00 PM,Kathleen W Rollins Hall,Room 149 - Conference Room - Academic Adv Area
3/9/2026 Mon,2:00 PM,3:00 PM,2:00 PM,3:00 PM,Kathleen W Rollins Hall,Room 241 - Conference Room - Hub/SE/Acad Adv Area
3/9/2026 Mon,3:00 PM,6:00 PM,4:00 PM,5:00 PM,Olin Library,Room 230 - Library Meeting Room
3/9/2026 Mon,3:30 PM,5:00 PM,3:30 PM,5:00 PM,Bush Science Center,Room 123 - Seminar/Green Room - Sci Div Priority
3/9/2026 Mon,4:30 PM,6:30 PM,4:30 PM,6:30 PM,Bush Science Center,Room 202
3/9/2026 Mon,5:00 PM,11:00 PM,6:00 PM,10:00 PM,Bush Science Center,Bush Auditorium and Lobby
3/9/2026 Mon,5:00 PM,6:00 PM,5:00 PM,6:00 PM,Bush Science Center,Room 308 
3/9/2026 Mon,5:00 PM,7:00 PM,5:00 PM,7:00 PM,Kathleen W Rollins Hall,Room 340 - Galloway Seminar Meeting Room
3/9/2026 Mon,5:30 PM,6:30 PM,5:30 PM,6:30 PM,Kathleen W Rollins Hall,Room 310 - Genius Scale-up Classroom
3/9/2026 Mon,5:30 PM,6:30 PM,5:30 PM,6:30 PM,Kathleen W Rollins Hall,Room 320 - Hauske Scale-up Classroom
3/9/2026 Mon,5:30 PM,7:30 PM,5:30 PM,7:30 PM,Kathleen W Rollins Hall,Room 330 - Teaching Seminar Room
3/9/2026 Mon,6:00 PM,7:30 PM,6:00 PM,7:30 PM,Kathleen W Rollins Hall,Room 128 - Screening Room
3/9/2026 Mon,6:00 PM,8:00 PM,6:00 PM,8:00 PM,Bush Science Center,Room 212
3/9/2026 Mon,6:00 PM,8:00 PM,6:00 PM,8:00 PM,Olin Library,Room 319 
3/9/2026 Mon,7:00 PM,8:00 PM,7:00 PM,8:00 PM,Bush Science Center,Room 200
3/10/2026 Tue,8:30 AM,11:30 AM,10:00 AM,11:00 AM,Kathleen W Rollins Hall,Room 300 - Galloway Room 
3/10/2026 Tue,9:00 AM,5:00 PM,10:30 AM,3:30 PM,Bush Science Center,Bush Lawn (Southside of building)
3/10/2026 Tue,9:30 AM,11:00 AM,9:30 AM,11:00 AM,Kathleen W Rollins Hall,Room 131 - Conference Room - CCLP Area
3/10/2026 Tue,10:00 AM,11:00 AM,10:00 AM,11:00 AM,Kathleen W Rollins Hall,Room 230 - Conference Room - CLCE Area
3/10/2026 Tue,10:30 AM,3:30 PM,12:00 PM,2:00 PM,Kathleen W Rollins Hall,Tars Plaza
3/10/2026 Tue,11:00 AM,3:00 PM,11:00 AM,3:00 PM,Kathleen W Rollins Hall,Fountain Entrance Lobby & Gathering Stairs
3/10/2026 Tue,11:00 AM,1:00 PM,11:00 AM,1:00 PM,Bush Science Center,Room 123 - Seminar/Green Room - Sci Div Priority
3/10/2026 Tue,11:00 AM,12:30 PM,11:00 AM,12:30 PM,Kathleen W Rollins Hall,Room 230 - Conference Room - CLCE Area
3/10/2026 Tue,11:00 AM,3:00 PM,11:00 AM,3:00 PM,Kathleen W Rollins Hall,Room 340 - Galloway Seminar Meeting Room
3/10/2026 Tue,11:30 AM,2:30 PM,12:30 PM,1:30 PM,Olin Library,Room 230 - Library Meeting Room
3/10/2026 Tue,11:30 AM,3:00 PM,12:00 PM,2:00 PM,Kathleen W Rollins Hall,Room 300 - Galloway Room 
3/10/2026 Tue,12:00 PM,2:00 PM,12:00 PM,2:00 PM,Kathleen W Rollins Hall,Room 110 - Conference Room - Campus Media Area
3/10/2026 Tue,12:15 PM,1:45 PM,12:15 PM,1:45 PM,Bush Science Center,Room 277 - Seminar Room 
3/10/2026 Tue,12:15 PM,1:45 PM,12:15 PM,1:45 PM,Kathleen W Rollins Hall,Room 330 - Teaching Seminar Room
3/10/2026 Tue,12:30 PM,1:30 PM,12:30 PM,1:30 PM,Olin Library,Room 104 - Edwin O. Grover Room
3/10/2026 Tue,12:30 PM,1:30 PM,12:30 PM,1:30 PM,Bush Science Center,Room 202
3/10/2026 Tue,12:30 PM,1:30 PM,12:30 PM,1:30 PM,Bush Science Center,Room 208
3/10/2026 Tue,12:30 PM,1:30 PM,12:30 PM,1:30 PM,Kathleen W Rollins Hall,Room 230 - Conference Room - CLCE Area
3/10/2026 Tue,2:00 PM,5:00 PM,2:00 PM,5:00 PM,Kathleen W Rollins Hall,Room 241 - Conference Room - Hub/SE/Acad Adv Area
3/10/2026 Tue,3:00 PM,4:30 PM,3:00 PM,4:30 PM,Kathleen W Rollins Hall,Room 149 - Conference Room - Academic Adv Area
3/10/2026 Tue,3:00 PM,4:00 PM,3:00 PM,4:00 PM,Kathleen W Rollins Hall,Room 340 - Galloway Seminar Meeting Room
3/10/2026 Tue,3:30 PM,5:30 PM,3:30 PM,5:30 PM,Olin Library,Room 319 
3/10/2026 Tue,4:00 PM,6:30 PM,4:00 PM,6:30 PM,Bush Science Center,Room 202
3/10/2026 Tue,4:00 PM,10:00 PM,5:30 PM,8:30 PM,Kathleen W Rollins Hall,Room 300 - Galloway Room 
3/10/2026 Tue,5:00 PM,6:30 PM,5:00 PM,6:30 PM,Olin Library,Room 104 - Edwin O. Grover Room
3/10/2026 Tue,5:00 PM,7:00 PM,5:00 PM,7:00 PM,Kathleen W Rollins Hall,Room 330 - Teaching Seminar Room
3/10/2026 Tue,5:00 PM,6:00 PM,5:00 PM,6:00 PM,Kathleen W Rollins Hall,Room 340 - Galloway Seminar Meeting Room
3/10/2026 Tue,5:00 PM,7:00 PM,5:00 PM,7:00 PM,Olin Library,Van Houten Conference Room
3/10/2026 Tue,6:00 PM,9:00 PM,6:00 PM,9:00 PM,Kathleen W Rollins Hall,Fountain Entrance Lobby & Gathering Stairs
3/10/2026 Tue,7:00 PM,10:00 PM,8:00 PM,9:00 PM,Bush Science Center,Bush Auditorium and Lobby
3/11/2026 Wed,7:30 AM,11:30 AM,9:00 AM,11:00 AM,Kathleen W Rollins Hall,Room 300 - Galloway Room 
3/11/2026 Wed,9:00 AM,10:00 AM,9:00 AM,10:00 AM,Kathleen W Rollins Hall,Fountain Entrance Lobby & Gathering Stairs
3/11/2026 Wed,10:30 AM,3:30 PM,12:00 PM,2:00 PM,Kathleen W Rollins Hall,Mills Lawn
3/11/2026 Wed,10:30 AM,12:00 PM,10:30 AM,12:00 PM,Kathleen W Rollins Hall,Room 340 - Galloway Seminar Meeting Room
3/11/2026 Wed,11:00 AM,2:00 PM,11:00 AM,2:00 PM,Bush Science Center,Room 274 - Operant Lab/Seminar - Operant Lab Prior
3/11/2026 Wed,11:30 AM,3:00 PM,12:00 PM,2:00 PM,Kathleen W Rollins Hall,Room 300 - Galloway Room 
3/11/2026 Wed,12:00 PM,4:00 PM,12:00 PM,4:00 PM,Kathleen W Rollins Hall,Room 128 - Screening Room
3/11/2026 Wed,12:00 PM,1:00 PM,12:00 PM,1:00 PM,Bush Science Center,Room 200
3/11/2026 Wed,12:00 PM,1:30 PM,12:00 PM,1:30 PM,Kathleen W Rollins Hall,Room 230 - Conference Room - CLCE Area
3/11/2026 Wed,12:00 PM,1:00 PM,12:00 PM,1:00 PM,Kathleen W Rollins Hall,Room 241 - Conference Room - Hub/SE/Acad Adv Area
3/11/2026 Wed,1:00 PM,3:00 PM,1:00 PM,3:00 PM,Olin Library,Room 230 - Library Meeting Room
3/11/2026 Wed,2:00 PM,3:30 PM,2:00 PM,3:30 PM,Kathleen W Rollins Hall,Room 330 - Teaching Seminar Room
3/11/2026 Wed,3:00 PM,4:00 PM,3:00 PM,4:00 PM,Olin Library,Room 230 - Library Meeting Room
3/11/2026 Wed,3:00 PM,4:00 PM,3:00 PM,4:00 PM,Kathleen W Rollins Hall,Room 340 - Galloway Seminar Meeting Room
3/11/2026 Wed,3:30 PM,4:30 PM,3:30 PM,4:30 PM,Kathleen W Rollins Hall,Room 241 - Conference Room - Hub/SE/Acad Adv Area
3/11/2026 Wed,4:00 PM,6:30 PM,4:00 PM,6:30 PM,Bush Science Center,Room 308 
3/11/2026 Wed,4:00 PM,5:00 PM,4:00 PM,5:00 PM,Kathleen W Rollins Hall,Room 310 - Genius Scale-up Classroom
3/11/2026 Wed,4:30 PM,10:00 PM,5:30 PM,9:00 PM,Bush Science Center,Bush Auditorium and Lobby
3/11/2026 Wed,4:30 PM,5:30 PM,4:30 PM,5:30 PM,Kathleen W Rollins Hall,Room 330 - Teaching Seminar Room
3/11/2026 Wed,4:30 PM,6:00 PM,4:30 PM,6:00 PM,Kathleen W Rollins Hall,Room 340 - Galloway Seminar Meeting Room
3/11/2026 Wed,5:00 PM,7:00 PM,5:00 PM,7:00 PM,Bush Science Center,Room 200
3/11/2026 Wed,5:30 PM,6:30 PM,5:30 PM,6:30 PM,Bush Science Center,Room 123 - Seminar/Green Room - Sci Div Priority
3/11/2026 Wed,5:30 PM,10:30 PM,7:00 PM,9:00 PM,Kathleen W Rollins Hall,Room 300 - Galloway Room 
3/11/2026 Wed,5:30 PM,7:00 PM,5:30 PM,7:00 PM,Kathleen W Rollins Hall,Room 330 - Teaching Seminar Room
3/11/2026 Wed,5:45 PM,7:30 PM,5:45 PM,7:30 PM,Bush Science Center,Room 176 - Smart Classroom 
3/11/2026 Wed,7:00 PM,9:00 PM,7:00 PM,9:00 PM,Kathleen W Rollins Hall,Room 340 - Galloway Seminar Meeting Room
3/12/2026 Thu,8:00 AM,5:00 PM,8:00 AM,5:00 PM,Kathleen W Rollins Hall,Room 301 - Ourisman Meeting Room
3/12/2026 Thu,8:30 AM,10:00 AM,8:30 AM,10:00 AM,Kathleen W Rollins Hall,Room 131 - Conference Room - CCLP Area
3/12/2026 Thu,8:30 AM,1:00 PM,10:00 AM,11:30 AM,Kathleen W Rollins Hall,Room 300 - Galloway Room 
3/12/2026 Thu,9:00 AM,12:30 PM,9:00 AM,12:30 PM,Olin Library,Room 211 - Tutoring & Writing Center
3/12/2026 Thu,9:00 AM,3:30 PM,10:30 AM,2:00 PM,Kathleen W Rollins Hall,Tars Plaza
3/12/2026 Thu,9:30 AM,10:30 AM,9:30 AM,10:30 AM,Kathleen W Rollins Hall,Room 149 - Conference Room - Academic Adv Area
3/12/2026 Thu,9:30 AM,10:45 AM,9:30 AM,10:45 AM,Bush Science Center,Room 228
3/12/2026 Thu,10:30 AM,12:15 PM,10:30 AM,12:15 PM,Kathleen W Rollins Hall,Room 330 - Teaching Seminar Room
3/12/2026 Thu,11:00 AM,5:00 PM,11:00 AM,5:00 PM,Kathleen W Rollins Hall,Room 241 - Conference Room - Hub/SE/Acad Adv Area
3/12/2026 Thu,11:30 AM,2:45 PM,12:30 PM,1:45 PM,Olin Library,Room 230 - Library Meeting Room
3/12/2026 Thu,12:00 PM,2:00 PM,12:00 PM,2:00 PM,Kathleen W Rollins Hall,Room 340 - Galloway Seminar Meeting Room
3/12/2026 Thu,12:15 PM,1:45 PM,12:15 PM,1:45 PM,Bush Science Center,Room 277 - Seminar Room 
3/12/2026 Thu,12:15 PM,2:00 PM,12:15 PM,2:00 PM,Kathleen W Rollins Hall,Room 320 - Hauske Scale-up Classroom
3/12/2026 Thu,12:30 PM,1:45 PM,12:30 PM,1:45 PM,Bush Science Center,Room 123 - Seminar/Green Room - Sci Div Priority
3/12/2026 Thu,12:30 PM,2:00 PM,12:30 PM,2:00 PM,Bush Science Center,Room 176 - Smart Classroom 
3/12/2026 Thu,12:30 PM,1:30 PM,12:30 PM,1:30 PM,Bush Science Center,Room 201
3/12/2026 Thu,12:30 PM,1:30 PM,12:30 PM,1:30 PM,Kathleen W Rollins Hall,Room 310 - Genius Scale-up Classroom
3/12/2026 Thu,12:30 PM,1:45 PM,12:30 PM,1:45 PM,Kathleen W Rollins Hall,Room 330 - Teaching Seminar Room
3/12/2026 Thu,1:00 PM,2:00 PM,1:00 PM,2:00 PM,Kathleen W Rollins Hall,Room 149 - Conference Room - Academic Adv Area
3/12/2026 Thu,1:00 PM,1:50 PM,1:00 PM,1:50 PM,Bush Science Center,Room 202
3/12/2026 Thu,2:00 PM,3:00 PM,2:00 PM,3:00 PM,Kathleen W Rollins Hall,Room 149 - Conference Room - Academic Adv Area
3/12/2026 Thu,2:30 PM,8:30 PM,4:00 PM,7:00 PM,Kathleen W Rollins Hall,Room 300 - Galloway Room 
3/12/2026 Thu,3:30 PM,5:30 PM,3:30 PM,5:30 PM,Olin Library,Room 319 
3/12/2026 Thu,4:30 PM,10:00 PM,5:30 PM,9:00 PM,Bush Science Center,Bush Auditorium and Lobby
3/12/2026 Thu,5:00 PM,8:00 PM,5:00 PM,8:00 PM,Kathleen W Rollins Hall,Room 128 - Screening Room
3/12/2026 Thu,5:00 PM,8:00 PM,5:00 PM,8:00 PM,Kathleen W Rollins Hall,Room 330 - Teaching Seminar Room
3/12/2026 Thu,5:00 PM,6:00 PM,5:00 PM,6:00 PM,Kathleen W Rollins Hall,Room 340 - Galloway Seminar Meeting Room
3/12/2026 Thu,5:00 PM,7:00 PM,5:00 PM,7:00 PM,Olin Library,Van Houten Conference Room
3/12/2026 Thu,6:00 PM,7:00 PM,6:00 PM,7:00 PM,Bush Science Center,Room 201
3/12/2026 Thu,6:00 PM,10:00 PM,6:00 PM,10:00 PM,Kathleen W Rollins Hall,Room 310 - Genius Scale-up Classroom
3/13/2026 Fri,6:00 AM,3:30 PM,7:30 AM,2:00 PM,Kathleen W Rollins Hall,Room 300 - Galloway Room 
3/13/2026 Fri,6:30 AM,3:00 PM,7:30 AM,2:00 PM,Bush Science Center,Bush Auditorium and Lobby
3/13/2026 Fri,7:30 AM,1:30 PM,9:00 AM,12:00 PM,Kathleen W Rollins Hall,Mills Lawn
3/13/2026 Fri,11:00 AM,4:00 PM,11:00 AM,4:00 PM,Kathleen W Rollins Hall,Room 241 - Conference Room - Hub/SE/Acad Adv Area
3/13/2026 Fri,1:00 PM,2:00 PM,1:00 PM,2:00 PM,Kathleen W Rollins Hall,Room 310 - Genius Scale-up Classroom
3/13/2026 Fri,1:30 PM,2:30 PM,1:30 PM,2:30 PM,Kathleen W Rollins Hall,Room 230 - Conference Room - CLCE Area
3/13/2026 Fri,2:30 PM,3:30 PM,2:30 PM,3:30 PM,Kathleen W Rollins Hall,Room 230 - Conference Room - CLCE Area
3/13/2026 Fri,3:30 PM,4:30 PM,3:30 PM,4:30 PM,Kathleen W Rollins Hall,Room 330 - Teaching Seminar Room
3/13/2026 Fri,6:00 PM,10:00 PM,6:00 PM,10:00 PM,Bush Science Center,Room 176 - Smart Classroom 
3/13/2026 Fri,6:00 PM,10:00 PM,6:00 PM,10:00 PM,Kathleen W Rollins Hall,Room 310 - Genius Scale-up Classroom
3/13/2026 Fri,6:00 PM,10:00 PM,6:00 PM,10:00 PM,Kathleen W Rollins Hall,Room 320 - Hauske Scale-up Classroom
3/13/2026 Fri,6:15 PM,10:00 PM,7:15 PM,9:00 PM,Bush Science Center,Bush Auditorium and Lobby
3/14/2026 Sat,7:00 AM,12:00 PM,8:00 AM,11:00 AM,Bush Science Center,Bush Auditorium and Lobby
3/14/2026 Sat,12:00 PM,10:00 PM,12:00 PM,10:00 PM,Kathleen W Rollins Hall,Room 310 - Genius Scale-up Classroom
3/14/2026 Sat,12:00 PM,10:00 PM,12:00 PM,10:00 PM,Kathleen W Rollins Hall,Room 320 - Hauske Scale-up Classroom
3/15/2026 Sun,3:00 PM,11:00 PM,4:00 PM,10:00 PM,Bush Science Center,Bush Auditorium and Lobby
3/15/2026 Sun,4:00 PM,10:00 PM,4:00 PM,10:00 PM,Bush Science Center,Room 176 - Smart Classroom 
3/15/2026 Sun,4:00 PM,10:00 PM,4:00 PM,10:00 PM,Bush Science Center,Room 201
3/15/2026 Sun,5:30 PM,9:30 PM,7:00 PM,8:00 PM,Kathleen W Rollins Hall,Room 300 - Galloway Room 
3/16/2026 Mon,6:30 AM,3:30 PM,8:00 AM,2:00 PM,Kathleen W Rollins Hall,Room 300 - Galloway Room 
3/16/2026 Mon,10:00 AM,11:00 AM,10:00 AM,11:00 AM,Kathleen W Rollins Hall,Room 149 - Conference Room - Academic Adv Area
3/16/2026 Mon,11:00 AM,2:00 PM,11:00 AM,2:00 PM,Bush Science Center,Room 274 - Operant Lab/Seminar - Operant Lab Prior
3/16/2026 Mon,3:00 PM,6:00 PM,4:00 PM,5:00 PM,Olin Library,Room 230 - Library Meeting Room
3/16/2026 Mon,5:00 PM,11:00 PM,6:00 PM,10:00 PM,Bush Science Center,Bush Auditorium and Lobby
3/16/2026 Mon,6:00 PM,7:30 PM,6:00 PM,7:30 PM,Kathleen W Rollins Hall,Room 320 - Hauske Scale-up Classroom
3/17/2026 Tue,10:00 AM,11:00 AM,10:00 AM,11:00 AM,Kathleen W Rollins Hall,Room 230 - Conference Room - CLCE Area
3/17/2026 Tue,11:00 AM,12:30 PM,11:00 AM,12:30 PM,Kathleen W Rollins Hall,Room 230 - Conference Room - CLCE Area
3/17/2026 Tue,12:00 PM,2:00 PM,12:00 PM,2:00 PM,Kathleen W Rollins Hall,Room 110 - Conference Room - Campus Media Area
3/17/2026 Tue,12:15 PM,1:45 PM,12:15 PM,1:45 PM,Bush Science Center,Room 277 - Seminar Room 
3/17/2026 Tue,12:15 PM,1:45 PM,12:15 PM,1:45 PM,Kathleen W Rollins Hall,Room 330 - Teaching Seminar Room
3/17/2026 Tue,12:30 PM,1:30 PM,12:30 PM,1:30 PM,Olin Library,Room 104 - Edwin O. Grover Room
3/17/2026 Tue,12:30 PM,1:30 PM,12:30 PM,1:30 PM,Bush Science Center,Room 208
3/17/2026 Tue,12:30 PM,1:30 PM,12:30 PM,1:30 PM,Kathleen W Rollins Hall,Room 230 - Conference Room - CLCE Area
3/17/2026 Tue,1:00 PM,3:00 PM,1:00 PM,3:00 PM,Kathleen W Rollins Hall,Room 241 - Conference Room - Hub/SE/Acad Adv Area
3/17/2026 Tue,1:30 PM,2:30 PM,1:30 PM,2:30 PM,Kathleen W Rollins Hall,Room 114 - Meeting Room - Campus Media Area
3/17/2026 Tue,3:30 PM,5:30 PM,3:30 PM,5:30 PM,Olin Library,Room 319 
3/17/2026 Tue,4:00 PM,6:30 PM,4:00 PM,6:30 PM,Bush Science Center,Room 202
3/17/2026 Tue,5:00 PM,6:30 PM,5:00 PM,6:30 PM,Kathleen W Rollins Hall,Room 330 - Teaching Seminar Room
3/17/2026 Tue,5:00 PM,7:00 PM,5:00 PM,7:00 PM,Olin Library,Van Houten Conference Room
3/17/2026 Tue,7:00 PM,10:00 PM,8:00 PM,9:00 PM,Bush Science Center,Bush Auditorium and Lobby
3/18/2026 Wed,9:00 AM,12:30 PM,10:00 AM,11:30 AM,Olin Library,Room 230 - Library Meeting Room
3/18/2026 Wed,11:00 AM,2:00 PM,11:00 AM,2:00 PM,Bush Science Center,Room 274 - Operant Lab/Seminar - Operant Lab Prior
3/18/2026 Wed,11:00 AM,2:00 PM,11:00 AM,2:00 PM,Kathleen W Rollins Hall,Room 330 - Teaching Seminar Room
3/18/2026 Wed,12:00 PM,4:00 PM,12:00 PM,4:00 PM,Kathleen W Rollins Hall,Room 149 - Conference Room - Academic Adv Area
3/18/2026 Wed,12:00 PM,1:00 PM,12:00 PM,1:00 PM,Bush Science Center,Room 200
3/18/2026 Wed,12:00 PM,1:00 PM,12:00 PM,1:00 PM,Kathleen W Rollins Hall,Room 230 - Conference Room - CLCE Area
3/18/2026 Wed,12:00 PM,1:00 PM,12:00 PM,1:00 PM,Kathleen W Rollins Hall,Room 340 - Galloway Seminar Meeting Room
3/18/2026 Wed,2:30 PM,3:45 PM,2:30 PM,3:45 PM,Bush Science Center,Room 208
3/18/2026 Wed,5:00 PM,7:00 PM,5:00 PM,7:00 PM,Bush Science Center,Room 200
3/18/2026 Wed,5:30 PM,7:00 PM,5:30 PM,7:00 PM,Kathleen W Rollins Hall,Room 330 - Teaching Seminar Room
3/19/2026 Thu,9:30 AM,10:30 AM,9:30 AM,10:30 AM,Kathleen W Rollins Hall,Room 149 - Conference Room - Academic Adv Area
3/19/2026 Thu,11:00 AM,5:00 PM,11:00 AM,5:00 PM,Kathleen W Rollins Hall,Room 241 - Conference Room - Hub/SE/Acad Adv Area
3/19/2026 Thu,12:15 PM,1:45 PM,12:15 PM,1:45 PM,Bush Science Center,Room 277 - Seminar Room 
3/19/2026 Thu,12:30 PM,1:30 PM,12:30 PM,1:30 PM,Bush Science Center,Room 201
3/19/2026 Thu,2:00 PM,3:00 PM,2:00 PM,3:00 PM,Kathleen W Rollins Hall,Room 149 - Conference Room - Academic Adv Area
3/19/2026 Thu,3:30 PM,5:30 PM,3:30 PM,5:30 PM,Olin Library,Room 319 
3/19/2026 Thu,5:00 PM,7:00 PM,5:00 PM,7:00 PM,Olin Library,Van Houten Conference Room
3/19/2026 Thu,5:45 PM,7:30 PM,5:45 PM,7:30 PM,Bush Science Center,Bush Auditorium and Lobby
3/19/2026 Thu,6:00 PM,10:00 PM,6:00 PM,10:00 PM,Kathleen W Rollins Hall,Room 310 - Genius Scale-up Classroom
3/20/2026 Fri,11:00 AM,4:00 PM,11:00 AM,4:00 PM,Kathleen W Rollins Hall,Room 241 - Conference Room - Hub/SE/Acad Adv Area
3/20/2026 Fri,6:00 PM,10:00 PM,6:00 PM,10:00 PM,Bush Science Center,Room 176 - Smart Classroom 
3/20/2026 Fri,6:00 PM,10:00 PM,6:00 PM,10:00 PM,Kathleen W Rollins Hall,Room 310 - Genius Scale-up Classroom
3/20/2026 Fri,6:00 PM,10:00 PM,6:00 PM,10:00 PM,Kathleen W Rollins Hall,Room 320 - Hauske Scale-up Classroom
3/21/2026 Sat,8:00 AM,6:00 PM,8:00 AM,6:00 PM,Kathleen W Rollins Hall,Room 340 - Galloway Seminar Meeting Room
3/21/2026 Sat,12:00 PM,10:00 PM,12:00 PM,10:00 PM,Kathleen W Rollins Hall,Room 310 - Genius Scale-up Classroom
3/21/2026 Sat,12:00 PM,10:00 PM,12:00 PM,10:00 PM,Kathleen W Rollins Hall,Room 320 - Hauske Scale-up Classroom
3/22/2026 Sun,7:30 AM,4:30 PM,9:00 AM,3:00 PM,Bush Science Center,Bush Lawn (Southside of building)
3/22/2026 Sun,12:00 PM,10:00 PM,12:00 PM,10:00 PM,Kathleen W Rollins Hall,Room 320 - Hauske Scale-up Classroom
3/22/2026 Sun,3:00 PM,11:00 PM,4:00 PM,10:00 PM,Bush Science Center,Bush Auditorium and Lobby
3/22/2026 Sun,4:00 PM,10:00 PM,4:00 PM,10:00 PM,Bush Science Center,Room 176 - Smart Classroom 
3/22/2026 Sun,4:00 PM,10:00 PM,4:00 PM,10:00 PM,Bush Science Center,Room 201
3/22/2026 Sun,5:30 PM,9:30 PM,7:00 PM,8:00 PM,Kathleen W Rollins Hall,Room 300 - Galloway Room 
3/23/2026 Mon,9:30 AM,11:30 AM,9:30 AM,11:30 AM,Olin Library,Room 230 - Library Meeting Room
3/23/2026 Mon,9:30 AM,5:30 PM,9:30 AM,5:30 PM,Kathleen W Rollins Hall,Room 241 - Conference Room - Hub/SE/Acad Adv Area
3/23/2026 Mon,10:00 AM,11:00 AM,10:00 AM,11:00 AM,Kathleen W Rollins Hall,Room 149 - Conference Room - Academic Adv Area
3/23/2026 Mon,10:00 AM,12:00 PM,10:00 AM,12:00 PM,Kathleen W Rollins Hall,Room 240/240B - Social Impact Hub/Classroom
3/23/2026 Mon,11:00 AM,2:00 PM,11:00 AM,2:00 PM,Bush Science Center,Room 274 - Operant Lab/Seminar - Operant Lab Prior
3/23/2026 Mon,1:00 PM,3:30 PM,1:00 PM,3:30 PM,Kathleen W Rollins Hall,Room 340 - Galloway Seminar Meeting Room
3/23/2026 Mon,2:00 PM,5:00 PM,2:00 PM,5:00 PM,Kathleen W Rollins Hall,Room 240/240B - Social Impact Hub/Classroom
3/23/2026 Mon,3:00 PM,6:00 PM,4:00 PM,5:00 PM,Olin Library,Room 230 - Library Meeting Room
3/23/2026 Mon,5:00 PM,11:00 PM,6:00 PM,10:00 PM,Bush Science Center,Bush Auditorium and Lobby
3/23/2026 Mon,5:30 PM,6:30 PM,5:30 PM,6:30 PM,Kathleen W Rollins Hall,Room 149 - Conference Room - Academic Adv Area
3/23/2026 Mon,5:30 PM,6:30 PM,5:30 PM,6:30 PM,Kathleen W Rollins Hall,Room 241 - Conference Room - Hub/SE/Acad Adv Area
3/23/2026 Mon,5:30 PM,6:30 PM,5:30 PM,6:30 PM,Kathleen W Rollins Hall,Room 310 - Genius Scale-up Classroom
3/23/2026 Mon,5:30 PM,7:30 PM,5:30 PM,7:30 PM,Kathleen W Rollins Hall,Room 330 - Teaching Seminar Room
3/23/2026 Mon,5:30 PM,6:30 PM,5:30 PM,6:30 PM,Kathleen W Rollins Hall,Room 340 - Galloway Seminar Meeting Room
3/23/2026 Mon,6:00 PM,7:30 PM,6:00 PM,7:30 PM,Kathleen W Rollins Hall,Room 320 - Hauske Scale-up Classroom
3/23/2026 Mon,6:30 PM,10:30 PM,8:00 PM,9:00 PM,Kathleen W Rollins Hall,Room 300 - Galloway Room 
3/23/2026 Mon,7:00 PM,8:00 PM,7:00 PM,8:00 PM,Bush Science Center,Room 200
3/24/2026 Tue,9:30 AM,11:00 AM,9:30 AM,11:00 AM,Kathleen W Rollins Hall,Room 131 - Conference Room - CCLP Area
3/24/2026 Tue,9:30 AM,5:30 PM,9:30 AM,5:30 PM,Kathleen W Rollins Hall,Room 149 - Conference Room - Academic Adv Area
3/24/2026 Tue,10:00 AM,11:00 AM,10:00 AM,11:00 AM,Kathleen W Rollins Hall,Room 230 - Conference Room - CLCE Area
3/24/2026 Tue,10:00 AM,4:00 PM,11:00 AM,3:00 PM,Olin Library,Room 230 - Library Meeting Room
3/24/2026 Tue,10:00 AM,5:00 PM,10:00 AM,5:00 PM,Kathleen W Rollins Hall,Room 241 - Conference Room - Hub/SE/Acad Adv Area
3/24/2026 Tue,10:00 AM,5:00 PM,10:00 AM,5:00 PM,Kathleen W Rollins Hall,Room 301 - Ourisman Meeting Room
3/24/2026 Tue,10:30 AM,4:30 PM,12:00 PM,3:00 PM,Kathleen W Rollins Hall,Mills Lawn
3/24/2026 Tue,10:30 AM,2:30 PM,12:00 PM,1:00 PM,Kathleen W Rollins Hall,Room 300 - Galloway Room 
3/24/2026 Tue,10:30 AM,12:00 PM,10:30 AM,12:00 PM,Kathleen W Rollins Hall,Room 340 - Galloway Seminar Meeting Room
3/24/2026 Tue,11:00 AM,12:30 PM,11:00 AM,12:30 PM,Kathleen W Rollins Hall,Room 230 - Conference Room - CLCE Area
3/24/2026 Tue,12:00 PM,2:00 PM,12:30 PM,1:30 PM,Olin Library,Olin Lawn
3/24/2026 Tue,12:00 PM,2:00 PM,12:00 PM,2:00 PM,Kathleen W Rollins Hall,Room 110 - Conference Room - Campus Media Area
3/24/2026 Tue,12:15 PM,1:45 PM,12:15 PM,1:45 PM,Bush Science Center,Room 277 - Seminar Room 
3/24/2026 Tue,12:15 PM,1:45 PM,12:15 PM,1:45 PM,Kathleen W Rollins Hall,Room 330 - Teaching Seminar Room
3/24/2026 Tue,12:30 PM,1:30 PM,12:30 PM,1:30 PM,Olin Library,Room 104 - Edwin O. Grover Room
3/24/2026 Tue,12:30 PM,1:30 PM,12:30 PM,1:30 PM,Bush Science Center,Room 202
3/24/2026 Tue,12:30 PM,1:30 PM,12:30 PM,1:30 PM,Bush Science Center,Room 208
3/24/2026 Tue,12:30 PM,1:30 PM,12:30 PM,1:30 PM,Kathleen W Rollins Hall,Room 230 - Conference Room - CLCE Area
3/24/2026 Tue,12:30 PM,1:45 PM,12:30 PM,1:45 PM,Kathleen W Rollins Hall,Room 310 - Genius Scale-up Classroom
3/24/2026 Tue,1:00 PM,4:00 PM,1:00 PM,4:00 PM,Kathleen W Rollins Hall,Room 340 - Galloway Seminar Meeting Room
3/24/2026 Tue,2:00 PM,4:00 PM,2:00 PM,4:00 PM,Kathleen W Rollins Hall,Room 320 - Hauske Scale-up Classroom
3/24/2026 Tue,2:00 PM,3:00 PM,2:00 PM,3:00 PM,Kathleen W Rollins Hall,Room 330 - Teaching Seminar Room
3/24/2026 Tue,3:30 PM,5:30 PM,3:30 PM,5:30 PM,Olin Library,Room 319 
3/24/2026 Tue,4:00 PM,6:30 PM,4:00 PM,6:30 PM,Bush Science Center,Room 202
3/24/2026 Tue,4:00 PM,8:00 PM,5:00 PM,7:00 PM,Olin Library,Room 230 - Library Meeting Room
3/24/2026 Tue,4:30 PM,7:30 PM,5:00 PM,7:00 PM,Kathleen W Rollins Hall,Mills Lawn
3/24/2026 Tue,4:30 PM,7:00 PM,4:30 PM,7:00 PM,Bush Science Center,Room 200
3/24/2026 Tue,4:30 PM,9:00 PM,6:00 PM,7:30 PM,Kathleen W Rollins Hall,Room 300 - Galloway Room 
3/24/2026 Tue,5:00 PM,6:00 PM,5:00 PM,6:00 PM,Bush Science Center,Room 176 - Smart Classroom 
3/24/2026 Tue,5:00 PM,6:00 PM,5:00 PM,6:00 PM,Bush Science Center,Room 208
3/24/2026 Tue,5:00 PM,6:30 PM,5:00 PM,6:30 PM,Kathleen W Rollins Hall,Room 330 - Teaching Seminar Room
3/24/2026 Tue,5:00 PM,6:00 PM,5:00 PM,6:00 PM,Kathleen W Rollins Hall,Room 340 - Galloway Seminar Meeting Room
3/24/2026 Tue,6:00 PM,9:00 PM,6:00 PM,9:00 PM,Kathleen W Rollins Hall,Room 128 - Screening Room
3/24/2026 Tue,6:30 PM,8:30 PM,6:30 PM,8:30 PM,Kathleen W Rollins Hall,Room 330 - Teaching Seminar Room
3/24/2026 Tue,7:00 PM,10:00 PM,8:00 PM,9:00 PM,Bush Science Center,Bush Auditorium and Lobby
3/24/2026 Tue,7:00 PM,8:30 PM,7:00 PM,8:30 PM,Kathleen W Rollins Hall,Room 131 - Conference Room - CCLP Area
3/25/2026 Wed,6:30 AM,11:30 PM,8:00 AM,10:00 PM,Bush Science Center,Bush Lawn (Southside of building)
3/25/2026 Wed,6:30 AM,5:30 PM,8:00 AM,4:00 PM,Kathleen W Rollins Hall,Room 300 - Galloway Room 
3/25/2026 Wed,9:00 AM,10:00 AM,9:00 AM,10:00 AM,Kathleen W Rollins Hall,Room 128 - Screening Room
3/25/2026 Wed,9:30 AM,5:30 PM,9:30 AM,5:30 PM,Kathleen W Rollins Hall,Room 241 - Conference Room - Hub/SE/Acad Adv Area
3/25/2026 Wed,11:00 AM,2:00 PM,11:00 AM,2:00 PM,Bush Science Center,Room 274 - Operant Lab/Seminar - Operant Lab Prior
3/25/2026 Wed,12:00 PM,4:00 PM,12:00 PM,4:00 PM,Kathleen W Rollins Hall,Room 128 - Screening Room
3/25/2026 Wed,12:00 PM,2:00 PM,12:00 PM,2:00 PM,Kathleen W Rollins Hall,Room 149 - Conference Room - Academic Adv Area
3/25/2026 Wed,12:00 PM,1:00 PM,12:00 PM,1:00 PM,Bush Science Center,Room 200
3/25/2026 Wed,12:00 PM,1:00 PM,12:00 PM,1:00 PM,Kathleen W Rollins Hall,Room 230 - Conference Room - CLCE Area
3/25/2026 Wed,12:00 PM,2:00 PM,12:00 PM,2:00 PM,Bush Science Center,Room 301 - Computer Classroom (PC)
3/25/2026 Wed,12:00 PM,1:00 PM,12:00 PM,1:00 PM,Kathleen W Rollins Hall,Room 330 - Teaching Seminar Room
3/25/2026 Wed,2:00 PM,3:30 PM,2:00 PM,3:30 PM,Kathleen W Rollins Hall,Room 330 - Teaching Seminar Room
3/25/2026 Wed,3:00 PM,4:00 PM,3:00 PM,4:00 PM,Kathleen W Rollins Hall,Room 340 - Galloway Seminar Meeting Room
3/25/2026 Wed,4:00 PM,5:00 PM,4:00 PM,5:00 PM,Kathleen W Rollins Hall,Room 310 - Genius Scale-up Classroom
3/25/2026 Wed,5:00 PM,7:00 PM,5:00 PM,7:00 PM,Bush Science Center,Room 200
3/25/2026 Wed,5:30 PM,10:30 PM,7:00 PM,9:00 PM,Kathleen W Rollins Hall,Room 300 - Galloway Room 
3/25/2026 Wed,5:30 PM,7:30 PM,5:30 PM,7:30 PM,Bush Science Center,Room 301 - Computer Classroom (PC)
3/25/2026 Wed,5:30 PM,7:00 PM,5:30 PM,7:00 PM,Kathleen W Rollins Hall,Room 330 - Teaching Seminar Room
3/25/2026 Wed,5:45 PM,7:30 PM,5:45 PM,7:30 PM,Bush Science Center,Room 176 - Smart Classroom 
3/25/2026 Wed,6:00 PM,7:00 PM,6:00 PM,7:00 PM,Bush Science Center,Room 308 
3/25/2026 Wed,7:00 PM,9:00 PM,7:00 PM,9:00 PM,Kathleen W Rollins Hall,Room 128 - Screening Room
3/26/2026 Thu,6:30 AM,11:30 PM,8:00 AM,10:00 PM,Kathleen W Rollins Hall,Mills Lawn
3/26/2026 Thu,6:30 AM,3:30 PM,8:00 AM,2:00 PM,Kathleen W Rollins Hall,Room 300 - Galloway Room 
3/26/2026 Thu,8:00 AM,10:00 PM,8:00 AM,10:00 PM,Bush Science Center,Bush Lawn (Southside of building)
3/26/2026 Thu,9:00 AM,1:00 PM,10:00 AM,12:00 PM,Bush Science Center,Bush Auditorium and Lobby
3/26/2026 Thu,9:30 AM,10:30 AM,9:30 AM,10:30 AM,Kathleen W Rollins Hall,Room 149 - Conference Room - Academic Adv Area
3/26/2026 Thu,9:30 AM,5:30 PM,9:30 AM,5:30 PM,Kathleen W Rollins Hall,Room 230 - Conference Room - CLCE Area
3/26/2026 Thu,11:00 AM,5:00 PM,11:00 AM,5:00 PM,Kathleen W Rollins Hall,Room 241 - Conference Room - Hub/SE/Acad Adv Area
3/26/2026 Thu,12:00 PM,2:00 PM,12:00 PM,2:00 PM,Kathleen W Rollins Hall,Room 340 - Galloway Seminar Meeting Room
3/26/2026 Thu,12:15 PM,1:45 PM,12:15 PM,1:45 PM,Bush Science Center,Room 277 - Seminar Room 
3/26/2026 Thu,12:30 PM,1:30 PM,12:30 PM,1:30 PM,Bush Science Center,Room 201
3/26/2026 Thu,1:00 PM,10:00 PM,2:00 PM,9:00 PM,Bush Science Center,Bush Auditorium and Lobby
3/26/2026 Thu,2:00 PM,3:00 PM,2:00 PM,3:00 PM,Kathleen W Rollins Hall,Room 149 - Conference Room - Academic Adv Area
3/26/2026 Thu,2:00 PM,6:00 PM,2:00 PM,6:00 PM,Kathleen W Rollins Hall,Room 340 - Galloway Seminar Meeting Room
3/26/2026 Thu,3:30 PM,5:30 PM,3:30 PM,5:30 PM,Olin Library,Room 319 
3/26/2026 Thu,4:00 PM,9:00 PM,4:00 PM,9:00 PM,Kathleen W Rollins Hall,Room 300 - Galloway Room 
3/26/2026 Thu,5:00 PM,7:00 PM,5:00 PM,7:00 PM,Bush Science Center,Room 123 - Seminar/Green Room - Sci Div Priority
3/26/2026 Thu,5:00 PM,9:00 PM,6:00 PM,8:00 PM,Olin Library,Room 230 - Library Meeting Room
3/26/2026 Thu,5:00 PM,7:00 PM,5:00 PM,7:00 PM,Olin Library,Van Houten Conference Room
3/26/2026 Thu,6:00 PM,7:00 PM,6:00 PM,7:00 PM,Bush Science Center,Room 201
3/26/2026 Thu,6:00 PM,10:00 PM,6:00 PM,10:00 PM,Kathleen W Rollins Hall,Room 310 - Genius Scale-up Classroom
3/26/2026 Thu,7:00 PM,8:00 PM,7:00 PM,8:00 PM,Kathleen W Rollins Hall,Room 128 - Screening Room
3/26/2026 Thu,8:00 PM,10:00 PM,8:00 PM,10:00 PM,Kathleen W Rollins Hall,Room 340 - Galloway Seminar Meeting Room
3/27/2026 Fri,6:30 AM,11:30 PM,8:00 AM,10:00 PM,Kathleen W Rollins Hall,Mills Lawn
3/27/2026 Fri,7:00 AM,11:00 PM,8:00 AM,10:00 PM,Bush Science Center,Bush Auditorium and Lobby
3/27/2026 Fri,8:00 AM,10:00 PM,8:00 AM,10:00 PM,Bush Science Center,Bush Lawn (Southside of building)
3/27/2026 Fri,8:00 AM,10:00 PM,8:00 AM,10:00 PM,Kathleen W Rollins Hall,Room 300 - Galloway Room 
3/27/2026 Fri,8:00 AM,9:00 PM,8:00 AM,9:00 PM,Kathleen W Rollins Hall,Room 340 - Galloway Seminar Meeting Room
3/27/2026 Fri,9:30 AM,5:30 PM,9:30 AM,5:30 PM,Kathleen W Rollins Hall,Room 149 - Conference Room - Academic Adv Area
3/27/2026 Fri,11:00 AM,4:00 PM,11:00 AM,4:00 PM,Kathleen W Rollins Hall,Room 241 - Conference Room - Hub/SE/Acad Adv Area
3/27/2026 Fri,11:00 AM,3:00 PM,11:00 AM,3:00 PM,Bush Science Center,Room 302 
3/27/2026 Fri,1:00 PM,2:30 PM,1:00 PM,2:30 PM,Bush Science Center,Room 201
3/27/2026 Fri,2:00 PM,3:00 PM,2:00 PM,3:00 PM,Bush Science Center,Room 176 - Smart Classroom 
3/27/2026 Fri,3:30 PM,4:30 PM,3:30 PM,4:30 PM,Kathleen W Rollins Hall,Room 330 - Teaching Seminar Room
3/27/2026 Fri,4:00 PM,5:00 PM,4:00 PM,5:00 PM,Olin Library,Room 230 - Library Meeting Room
3/27/2026 Fri,6:00 PM,10:00 PM,6:00 PM,10:00 PM,Kathleen W Rollins Hall,Room 310 - Genius Scale-up Classroom
3/27/2026 Fri,6:00 PM,10:00 PM,6:00 PM,10:00 PM,Kathleen W Rollins Hall,Room 320 - Hauske Scale-up Classroom
3/27/2026 Fri,7:30 PM,10:30 PM,7:30 PM,10:30 PM,Bush Science Center,Room 176 - Smart Classroom 
3/28/2026 Sat,6:30 AM,10:00 PM,12:00 PM,2:00 PM,Kathleen W Rollins Hall,Mills Lawn
3/28/2026 Sat,7:00 AM,11:00 PM,8:00 AM,10:00 PM,Bush Science Center,Bush Auditorium and Lobby
3/28/2026 Sat,8:00 AM,10:00 PM,8:00 AM,10:00 PM,Bush Science Center,Room 176 - Smart Classroom 
3/28/2026 Sat,8:00 AM,10:00 PM,8:00 AM,10:00 PM,Kathleen W Rollins Hall,Room 300 - Galloway Room 
3/28/2026 Sat,8:00 AM,9:00 PM,8:00 AM,9:00 PM,Kathleen W Rollins Hall,Room 340 - Galloway Seminar Meeting Room
3/28/2026 Sat,9:00 AM,10:00 PM,7:00 PM,9:00 PM,Bush Science Center,Bush Lawn (Southside of building)
3/28/2026 Sat,10:00 AM,10:30 AM,10:00 AM,10:30 AM,Kathleen W Rollins Hall,Room 128 - Screening Room
3/28/2026 Sat,12:00 PM,10:00 PM,12:00 PM,10:00 PM,Kathleen W Rollins Hall,Room 310 - Genius Scale-up Classroom
3/28/2026 Sat,12:00 PM,10:00 PM,12:00 PM,10:00 PM,Kathleen W Rollins Hall,Room 320 - Hauske Scale-up Classroom
3/29/2026 Sun,7:00 AM,2:00 PM,8:00 AM,2:00 PM,Bush Science Center,Bush Auditorium and Lobby
3/29/2026 Sun,7:30 AM,11:30 PM,11:30 AM,1:30 PM,Kathleen W Rollins Hall,Mills Lawn
3/29/2026 Sun,8:00 AM,10:00 PM,8:00 AM,10:00 PM,Bush Science Center,Bush Lawn (Southside of building)
3/29/2026 Sun,8:00 AM,2:00 PM,8:00 AM,2:00 PM,Bush Science Center,Room 176 - Smart Classroom 
3/29/2026 Sun,8:00 AM,10:00 PM,8:00 AM,10:00 PM,Kathleen W Rollins Hall,Room 300 - Galloway Room 
3/29/2026 Sun,8:00 AM,9:00 PM,8:00 AM,9:00 PM,Kathleen W Rollins Hall,Room 340 - Galloway Seminar Meeting Room
3/29/2026 Sun,12:00 PM,10:00 PM,12:00 PM,10:00 PM,Kathleen W Rollins Hall,Room 320 - Hauske Scale-up Classroom
3/29/2026 Sun,3:00 PM,11:00 PM,4:00 PM,10:00 PM,Bush Science Center,Bush Auditorium and Lobby
3/29/2026 Sun,4:00 PM,10:00 PM,4:00 PM,10:00 PM,Bush Science Center,Room 176 - Smart Classroom 
3/29/2026 Sun,4:00 PM,10:00 PM,4:00 PM,10:00 PM,Bush Science Center,Room 201
3/29/2026 Sun,6:00 PM,9:00 PM,6:00 PM,9:00 PM,Kathleen W Rollins Hall,Room 128 - Screening Room
3/30/2026 Mon,6:30 AM,11:30 PM,8:00 AM,10:00 PM,Kathleen W Rollins Hall,Mills Lawn
3/30/2026 Mon,8:00 AM,10:00 PM,8:00 AM,10:00 PM,Bush Science Center,Bush Lawn (Southside of building)
3/30/2026 Mon,8:30 AM,12:30 PM,10:00 AM,11:00 AM,Kathleen W Rollins Hall,Room 300 - Galloway Room 
3/30/2026 Mon,9:00 AM,10:00 AM,9:00 AM,10:00 AM,Kathleen W Rollins Hall,Room 340 - Galloway Seminar Meeting Room
3/30/2026 Mon,10:00 AM,11:00 AM,10:00 AM,11:00 AM,Kathleen W Rollins Hall,Room 149 - Conference Room - Academic Adv Area
3/30/2026 Mon,11:00 AM,2:00 PM,11:00 AM,2:00 PM,Bush Science Center,Room 274 - Operant Lab/Seminar - Operant Lab Prior
3/30/2026 Mon,11:00 AM,12:00 PM,11:00 AM,12:00 PM,Kathleen W Rollins Hall,Room 340 - Galloway Seminar Meeting Room
3/30/2026 Mon,3:00 PM,6:00 PM,4:00 PM,5:00 PM,Olin Library,Room 230 - Library Meeting Room
3/30/2026 Mon,5:00 PM,11:00 PM,6:00 PM,10:00 PM,Bush Science Center,Bush Auditorium and Lobby
3/30/2026 Mon,5:30 PM,6:30 PM,5:30 PM,6:30 PM,Kathleen W Rollins Hall,Room 310 - Genius Scale-up Classroom
3/30/2026 Mon,6:00 PM,7:30 PM,6:00 PM,7:30 PM,Kathleen W Rollins Hall,Room 320 - Hauske Scale-up Classroom
3/30/2026 Mon,7:00 PM,8:00 PM,7:00 PM,8:00 PM,Bush Science Center,Room 200
3/31/2026 Tue,9:30 AM,11:00 AM,9:30 AM,11:00 AM,Kathleen W Rollins Hall,Room 131 - Conference Room - CCLP Area
3/31/2026 Tue,10:00 AM,11:00 AM,10:00 AM,11:00 AM,Kathleen W Rollins Hall,Room 230 - Conference Room - CLCE Area
3/31/2026 Tue,10:30 AM,3:30 PM,12:00 PM,2:00 PM,Bush Science Center,Bush Lawn (Southside of building)
3/31/2026 Tue,10:45 AM,1:30 PM,11:00 AM,12:30 PM,Olin Library,Room 319 
3/31/2026 Tue,11:00 AM,12:30 PM,11:00 AM,12:30 PM,Kathleen W Rollins Hall,Room 230 - Conference Room - CLCE Area
3/31/2026 Tue,11:00 AM,12:30 PM,11:00 AM,12:30 PM,Olin Library,Van Houten Conference Room
3/31/2026 Tue,12:00 PM,2:00 PM,12:00 PM,2:00 PM,Kathleen W Rollins Hall,Room 110 - Conference Room - Campus Media Area
3/31/2026 Tue,12:15 PM,2:00 PM,12:15 PM,2:00 PM,Bush Science Center,Room 210 
3/31/2026 Tue,12:15 PM,1:45 PM,12:15 PM,1:45 PM,Bush Science Center,Room 277 - Seminar Room 
3/31/2026 Tue,12:15 PM,1:45 PM,12:15 PM,1:45 PM,Kathleen W Rollins Hall,Room 330 - Teaching Seminar Room
3/31/2026 Tue,12:30 PM,1:30 PM,12:30 PM,1:30 PM,Olin Library,Room 104 - Edwin O. Grover Room
3/31/2026 Tue,12:30 PM,1:30 PM,12:30 PM,1:30 PM,Bush Science Center,Room 201
3/31/2026 Tue,12:30 PM,1:30 PM,12:30 PM,1:30 PM,Bush Science Center,Room 208
3/31/2026 Tue,12:30 PM,1:30 PM,12:30 PM,1:30 PM,Kathleen W Rollins Hall,Room 230 - Conference Room - CLCE Area
3/31/2026 Tue,12:30 PM,1:45 PM,12:30 PM,1:45 PM,Kathleen W Rollins Hall,Room 320 - Hauske Scale-up Classroom
3/31/2026 Tue,12:30 PM,1:45 PM,12:30 PM,1:45 PM,Kathleen W Rollins Hall,Room 340 - Galloway Seminar Meeting Room
3/31/2026 Tue,1:30 PM,2:30 PM,1:30 PM,2:30 PM,Kathleen W Rollins Hall,Room 114 - Meeting Room - Campus Media Area
3/31/2026 Tue,3:30 PM,10:30 PM,5:00 PM,9:00 PM,Kathleen W Rollins Hall,Room 300 - Galloway Room 
3/31/2026 Tue,3:30 PM,5:30 PM,3:30 PM,5:30 PM,Olin Library,Room 319 
3/31/2026 Tue,4:00 PM,6:30 PM,4:00 PM,6:30 PM,Bush Science Center,Room 202
3/31/2026 Tue,4:00 PM,9:00 PM,5:00 PM,8:00 PM,Olin Library,Room 230 - Library Meeting Room
3/31/2026 Tue,5:00 PM,6:30 PM,5:00 PM,6:30 PM,Kathleen W Rollins Hall,Room 330 - Teaching Seminar Room
3/31/2026 Tue,5:00 PM,6:00 PM,5:00 PM,6:00 PM,Kathleen W Rollins Hall,Room 340 - Galloway Seminar Meeting Room
3/31/2026 Tue,6:00 PM,9:00 PM,6:00 PM,9:00 PM,Kathleen W Rollins Hall,Room 128 - Screening Room
3/31/2026 Tue,7:00 PM,10:00 PM,8:00 PM,9:00 PM,Bush Science Center,Bush Auditorium and Lobby
4/1/2026 Wed,9:00 AM,12:30 PM,10:00 AM,11:30 AM,Olin Library,Room 230 - Library Meeting Room
4/1/2026 Wed,11:00 AM,2:00 PM,11:00 AM,2:00 PM,Bush Science Center,Room 274 - Operant Lab/Seminar - Operant Lab Prior
4/1/2026 Wed,12:00 PM,4:00 PM,12:00 PM,4:00 PM,Kathleen W Rollins Hall,Room 149 - Conference Room - Academic Adv Area
4/1/2026 Wed,12:00 PM,1:00 PM,12:00 PM,1:00 PM,Bush Science Center,Room 200
4/1/2026 Wed,12:00 PM,1:00 PM,12:00 PM,1:00 PM,Kathleen W Rollins Hall,Room 230 - Conference Room - CLCE Area
4/1/2026 Wed,2:00 PM,3:30 PM,2:00 PM,3:30 PM,Kathleen W Rollins Hall,Room 330 - Teaching Seminar Room
4/1/2026 Wed,2:30 PM,3:45 PM,2:30 PM,3:45 PM,Bush Science Center,Room 208
4/1/2026 Wed,4:00 PM,5:00 PM,4:00 PM,5:00 PM,Kathleen W Rollins Hall,Room 330 - Teaching Seminar Room
4/1/2026 Wed,4:30 PM,8:30 PM,5:30 PM,7:30 PM,Olin Library,Room 230 - Library Meeting Room
4/1/2026 Wed,5:00 PM,7:00 PM,5:00 PM,7:00 PM,Bush Science Center,Room 200
4/1/2026 Wed,5:30 PM,10:30 PM,7:00 PM,9:00 PM,Kathleen W Rollins Hall,Room 300 - Galloway Room 
4/1/2026 Wed,5:30 PM,7:00 PM,5:30 PM,7:00 PM,Kathleen W Rollins Hall,Room 330 - Teaching Seminar Room
4/2/2026 Thu,7:30 AM,4:00 PM,9:00 AM,3:30 PM,Kathleen W Rollins Hall,Room 300 - Galloway Room 
4/2/2026 Thu,8:30 AM,8:30 PM,10:00 AM,7:00 PM,Bush Science Center,Bush Lawn (Southside of building)
4/2/2026 Thu,9:30 AM,10:30 AM,9:30 AM,10:30 AM,Kathleen W Rollins Hall,Room 149 - Conference Room - Academic Adv Area
4/2/2026 Thu,11:00 AM,5:00 PM,11:00 AM,5:00 PM,Kathleen W Rollins Hall,Room 230 - Conference Room - CLCE Area
4/2/2026 Thu,12:00 PM,2:00 PM,12:00 PM,2:00 PM,Kathleen W Rollins Hall,Room 340 - Galloway Seminar Meeting Room
4/2/2026 Thu,12:15 PM,1:45 PM,12:15 PM,1:45 PM,Bush Science Center,Room 277 - Seminar Room 
4/2/2026 Thu,12:30 PM,1:45 PM,12:30 PM,1:45 PM,Bush Science Center,Room 176 - Smart Classroom 
4/2/2026 Thu,12:30 PM,1:30 PM,12:30 PM,1:30 PM,Bush Science Center,Room 201
4/2/2026 Thu,12:30 PM,1:30 PM,12:30 PM,1:30 PM,Kathleen W Rollins Hall,Room 310 - Genius Scale-up Classroom
4/2/2026 Thu,12:30 PM,1:45 PM,12:30 PM,1:45 PM,Kathleen W Rollins Hall,Room 330 - Teaching Seminar Room
4/2/2026 Thu,1:00 PM,1:50 PM,1:00 PM,1:50 PM,Bush Science Center,Room 202
4/2/2026 Thu,2:00 PM,3:00 PM,2:00 PM,3:00 PM,Kathleen W Rollins Hall,Room 149 - Conference Room - Academic Adv Area
4/2/2026 Thu,3:15 PM,5:30 PM,3:15 PM,5:30 PM,Kathleen W Rollins Hall,Room 241 - Conference Room - Hub/SE/Acad Adv Area
4/2/2026 Thu,3:30 PM,5:30 PM,3:30 PM,5:30 PM,Olin Library,Room 319 
4/2/2026 Thu,4:00 PM,9:30 PM,5:30 PM,8:00 PM,Kathleen W Rollins Hall,Room 300 - Galloway Room 
4/2/2026 Thu,4:30 PM,6:00 PM,4:30 PM,6:00 PM,Bush Science Center,Room 202
4/2/2026 Thu,6:00 PM,7:00 PM,6:00 PM,7:00 PM,Bush Science Center,Room 123 - Seminar/Green Room - Sci Div Priority
4/2/2026 Thu,6:00 PM,7:00 PM,6:00 PM,7:00 PM,Bush Science Center,Room 201
4/2/2026 Thu,6:00 PM,10:00 PM,6:00 PM,10:00 PM,Kathleen W Rollins Hall,Room 310 - Genius Scale-up Classroom
4/2/2026 Thu,7:00 PM,8:00 PM,7:00 PM,8:00 PM,Kathleen W Rollins Hall,Room 128 - Screening Room
4/3/2026 Fri,6:00 AM,2:30 PM,7:30 AM,1:00 PM,Kathleen W Rollins Hall,Room 300 - Galloway Room 
4/3/2026 Fri,6:30 AM,3:00 PM,7:30 AM,2:00 PM,Bush Science Center,Bush Auditorium and Lobby
4/3/2026 Fri,11:00 AM,12:00 PM,11:00 AM,12:00 PM,Olin Library,Room 220 - Center for Creativity (Mac) 
4/3/2026 Fri,11:00 AM,4:00 PM,11:00 AM,4:00 PM,Kathleen W Rollins Hall,Room 241 - Conference Room - Hub/SE/Acad Adv Area
4/3/2026 Fri,1:30 PM,6:30 PM,3:00 PM,5:00 PM,Bush Science Center,Bush Lawn (Southside of building)
4/3/2026 Fri,6:00 PM,10:00 PM,6:00 PM,10:00 PM,Bush Science Center,Room 176 - Smart Classroom 
4/3/2026 Fri,6:22 PM,11:22 PM,7:22 PM,10:22 PM,Bush Science Center,Bush Auditorium and Lobby
4/4/2026 Sat,6:30 AM,3:30 PM,8:00 AM,2:00 PM,Kathleen W Rollins Hall,Room 300 - Galloway Room 
4/4/2026 Sat,3:30 PM,12:30 AM,5:00 PM,11:00 PM,Kathleen W Rollins Hall,Room 300 - Galloway Room 
4/5/2026 Sun,3:00 PM,11:00 PM,4:00 PM,10:00 PM,Bush Science Center,Bush Auditorium and Lobby
4/5/2026 Sun,3:00 PM,5:00 PM,3:00 PM,5:00 PM,Kathleen W Rollins Hall,Room 340 - Galloway Seminar Meeting Room
4/5/2026 Sun,4:00 PM,10:00 PM,4:00 PM,10:00 PM,Bush Science Center,Room 176 - Smart Classroom 
4/5/2026 Sun,4:00 PM,10:00 PM,4:00 PM,10:00 PM,Bush Science Center,Room 201
4/5/2026 Sun,5:00 PM,8:30 PM,5:00 PM,8:30 PM,Kathleen W Rollins Hall,Room 310 - Genius Scale-up Classroom
4/5/2026 Sun,5:30 PM,9:30 PM,7:00 PM,8:00 PM,Kathleen W Rollins Hall,Room 300 - Galloway Room 
4/5/2026 Sun,6:00 PM,9:00 PM,6:00 PM,9:00 PM,Kathleen W Rollins Hall,Room 128 - Screening Room
4/6/2026 Mon,10:00 AM,11:00 AM,10:00 AM,11:00 AM,Kathleen W Rollins Hall,Room 149 - Conference Room - Academic Adv Area
4/6/2026 Mon,11:00 AM,2:00 PM,11:00 AM,2:00 PM,Bush Science Center,Room 274 - Operant Lab/Seminar - Operant Lab Prior
4/6/2026 Mon,1:00 PM,6:30 PM,2:30 PM,5:30 PM,Kathleen W Rollins Hall,Tars Plaza
4/6/2026 Mon,1:30 PM,3:30 PM,1:30 PM,3:30 PM,Kathleen W Rollins Hall,Room 340 - Galloway Seminar Meeting Room
4/6/2026 Mon,3:00 PM,6:00 PM,4:00 PM,5:00 PM,Olin Library,Room 230 - Library Meeting Room
4/6/2026 Mon,4:00 PM,5:00 PM,4:00 PM,5:00 PM,Kathleen W Rollins Hall,Room 241 - Conference Room - Hub/SE/Acad Adv Area
4/6/2026 Mon,5:00 PM,11:00 PM,6:00 PM,10:00 PM,Bush Science Center,Bush Auditorium and Lobby
4/6/2026 Mon,5:00 PM,6:30 PM,5:00 PM,6:30 PM,Kathleen W Rollins Hall,Room 340 - Galloway Seminar Meeting Room
4/6/2026 Mon,5:30 PM,6:30 PM,5:30 PM,6:30 PM,Bush Science Center,Room 123 - Seminar/Green Room - Sci Div Priority
4/6/2026 Mon,5:30 PM,6:30 PM,5:30 PM,6:30 PM,Kathleen W Rollins Hall,Room 310 - Genius Scale-up Classroom
4/6/2026 Mon,5:30 PM,7:30 PM,5:30 PM,7:30 PM,Kathleen W Rollins Hall,Room 330 - Teaching Seminar Room
4/6/2026 Mon,6:00 PM,7:30 PM,6:00 PM,7:30 PM,Kathleen W Rollins Hall,Room 320 - Hauske Scale-up Classroom
4/6/2026 Mon,6:30 PM,10:30 PM,8:00 PM,9:00 PM,Kathleen W Rollins Hall,Room 300 - Galloway Room 
4/6/2026 Mon,7:00 PM,8:00 PM,7:00 PM,8:00 PM,Bush Science Center,Room 200
4/6/2026 Mon,8:00 PM,10:00 PM,8:00 PM,10:00 PM,Bush Science Center,Room 201
4/7/2026 Tue,7:30 AM,11:30 AM,9:00 AM,10:00 AM,Kathleen W Rollins Hall,Tars Plaza
4/7/2026 Tue,9:30 AM,11:00 AM,9:30 AM,11:00 AM,Kathleen W Rollins Hall,Room 131 - Conference Room - CCLP Area
4/7/2026 Tue,10:00 AM,11:00 AM,10:00 AM,11:00 AM,Kathleen W Rollins Hall,Room 230 - Conference Room - CLCE Area
4/7/2026 Tue,10:30 AM,3:30 PM,12:00 PM,2:00 PM,Bush Science Center,Bush Lawn (Southside of building)
4/7/2026 Tue,10:30 AM,12:30 PM,10:30 AM,12:30 PM,Kathleen W Rollins Hall,Room 340 - Galloway Seminar Meeting Room
4/7/2026 Tue,11:00 AM,12:30 PM,11:00 AM,12:30 PM,Kathleen W Rollins Hall,Room 230 - Conference Room - CLCE Area
4/7/2026 Tue,11:15 AM,3:45 PM,12:45 PM,2:15 PM,Kathleen W Rollins Hall,Room 300 - Galloway Room 
4/7/2026 Tue,11:30 AM,2:30 PM,12:00 PM,2:00 PM,Kathleen W Rollins Hall,Tars Plaza
4/7/2026 Tue,12:00 PM,2:00 PM,12:00 PM,2:00 PM,Kathleen W Rollins Hall,Room 110 - Conference Room - Campus Media Area
4/7/2026 Tue,12:00 PM,7:00 PM,1:00 PM,6:00 PM,Olin Library,Room 230 - Library Meeting Room
4/7/2026 Tue,12:15 PM,1:45 PM,12:15 PM,1:45 PM,Bush Science Center,Room 277 - Seminar Room 
4/7/2026 Tue,12:15 PM,1:45 PM,12:15 PM,1:45 PM,Kathleen W Rollins Hall,Room 330 - Teaching Seminar Room
4/7/2026 Tue,12:30 PM,1:30 PM,12:30 PM,1:30 PM,Olin Library,Room 104 - Edwin O. Grover Room
4/7/2026 Tue,12:30 PM,1:30 PM,12:30 PM,1:30 PM,Bush Science Center,Room 202
4/7/2026 Tue,12:30 PM,1:30 PM,12:30 PM,1:30 PM,Bush Science Center,Room 208
4/7/2026 Tue,12:30 PM,1:30 PM,12:30 PM,1:30 PM,Kathleen W Rollins Hall,Room 230 - Conference Room - CLCE Area
4/7/2026 Tue,1:00 PM,3:00 PM,1:00 PM,3:00 PM,Kathleen W Rollins Hall,Room 241 - Conference Room - Hub/SE/Acad Adv Area
4/7/2026 Tue,3:00 PM,4:00 PM,3:00 PM,4:00 PM,Kathleen W Rollins Hall,Room 340 - Galloway Seminar Meeting Room
4/7/2026 Tue,3:30 PM,5:30 PM,3:30 PM,5:30 PM,Olin Library,Room 319 
4/7/2026 Tue,4:00 PM,6:30 PM,4:00 PM,6:30 PM,Bush Science Center,Room 202
4/7/2026 Tue,4:30 PM,10:30 PM,6:00 PM,9:00 PM,Kathleen W Rollins Hall,Room 300 - Galloway Room 
4/7/2026 Tue,5:00 PM,6:00 PM,5:00 PM,6:00 PM,Bush Science Center,Room 176 - Smart Classroom 
4/7/2026 Tue,5:00 PM,6:30 PM,5:00 PM,6:30 PM,Kathleen W Rollins Hall,Room 330 - Teaching Seminar Room
4/7/2026 Tue,5:00 PM,6:00 PM,5:00 PM,6:00 PM,Kathleen W Rollins Hall,Room 340 - Galloway Seminar Meeting Room
4/7/2026 Tue,6:00 PM,9:00 PM,6:00 PM,9:00 PM,Kathleen W Rollins Hall,Room 128 - Screening Room
4/7/2026 Tue,7:00 PM,10:00 PM,8:00 PM,9:00 PM,Bush Science Center,Bush Auditorium and Lobby
4/7/2026 Tue,7:00 PM,8:30 PM,7:00 PM,8:30 PM,Kathleen W Rollins Hall,Room 131 - Conference Room - CCLP Area
4/8/2026 Wed,7:30 AM,11:00 AM,9:00 AM,11:00 AM,Kathleen W Rollins Hall,Room 300 - Galloway Room 
4/8/2026 Wed,8:00 AM,5:00 PM,8:00 AM,5:00 PM,Kathleen W Rollins Hall,Room 240/240B - Social Impact Hub/Classroom
4/8/2026 Wed,9:00 AM,10:00 AM,9:00 AM,10:00 AM,Kathleen W Rollins Hall,Room 128 - Screening Room
4/8/2026 Wed,11:00 AM,2:00 PM,11:00 AM,2:00 PM,Bush Science Center,Room 274 - Operant Lab/Seminar - Operant Lab Prior
4/8/2026 Wed,11:00 AM,5:00 PM,11:00 AM,5:00 PM,Kathleen W Rollins Hall,Room 300 - Galloway Room 
4/8/2026 Wed,11:00 AM,2:00 PM,11:00 AM,2:00 PM,Kathleen W Rollins Hall,Room 330 - Teaching Seminar Room
4/8/2026 Wed,11:00 AM,5:00 PM,11:00 AM,5:00 PM,Kathleen W Rollins Hall,Room 340 - Galloway Seminar Meeting Room
4/8/2026 Wed,12:00 PM,4:00 PM,12:00 PM,4:00 PM,Kathleen W Rollins Hall,Room 128 - Screening Room
4/8/2026 Wed,12:00 PM,1:00 PM,12:00 PM,1:00 PM,Bush Science Center,Room 200
4/8/2026 Wed,12:00 PM,1:00 PM,12:00 PM,1:00 PM,Kathleen W Rollins Hall,Room 230 - Conference Room - CLCE Area
4/8/2026 Wed,2:00 PM,3:30 PM,2:00 PM,3:30 PM,Kathleen W Rollins Hall,Room 330 - Teaching Seminar Room
4/8/2026 Wed,3:00 PM,4:00 PM,3:00 PM,4:00 PM,Kathleen W Rollins Hall,Room 149 - Conference Room - Academic Adv Area
4/8/2026 Wed,3:30 PM,5:00 PM,3:30 PM,5:00 PM,Kathleen W Rollins Hall,Room 330 - Teaching Seminar Room
4/8/2026 Wed,5:00 PM,7:00 PM,5:00 PM,7:00 PM,Bush Science Center,Room 200
4/8/2026 Wed,5:30 PM,10:30 PM,7:00 PM,9:00 PM,Kathleen W Rollins Hall,Room 300 - Galloway Room 
4/8/2026 Wed,5:30 PM,7:00 PM,5:30 PM,7:00 PM,Kathleen W Rollins Hall,Room 330 - Teaching Seminar Room
4/8/2026 Wed,8:00 PM,10:00 PM,8:00 PM,10:00 PM,Bush Science Center,Room 201
4/9/2026 Thu,6:30 AM,6:30 PM,8:00 AM,5:00 PM,Kathleen W Rollins Hall,Room 300 - Galloway Room 
4/9/2026 Thu,9:30 AM,10:30 AM,9:30 AM,10:30 AM,Kathleen W Rollins Hall,Room 149 - Conference Room - Academic Adv Area
4/9/2026 Thu,11:00 AM,5:00 PM,11:00 AM,5:00 PM,Kathleen W Rollins Hall,Room 241 - Conference Room - Hub/SE/Acad Adv Area
4/9/2026 Thu,11:00 AM,12:30 PM,11:00 AM,12:30 PM,Kathleen W Rollins Hall,Room 330 - Teaching Seminar Room
4/9/2026 Thu,11:00 AM,12:00 PM,11:00 AM,12:00 PM,Kathleen W Rollins Hall,Room 340 - Galloway Seminar Meeting Room
4/9/2026 Thu,12:00 PM,2:00 PM,12:00 PM,2:00 PM,Kathleen W Rollins Hall,Room 340 - Galloway Seminar Meeting Room
4/9/2026 Thu,12:15 PM,1:45 PM,12:15 PM,1:45 PM,Bush Science Center,Room 277 - Seminar Room 
4/9/2026 Thu,12:30 PM,1:30 PM,12:30 PM,1:30 PM,Bush Science Center,Room 201
4/9/2026 Thu,12:30 PM,1:30 PM,12:30 PM,1:30 PM,Kathleen W Rollins Hall,Room 320 - Hauske Scale-up Classroom
4/9/2026 Thu,12:30 PM,1:45 PM,12:30 PM,1:45 PM,Kathleen W Rollins Hall,Room 330 - Teaching Seminar Room
4/9/2026 Thu,2:00 PM,3:00 PM,2:00 PM,3:00 PM,Kathleen W Rollins Hall,Room 149 - Conference Room - Academic Adv Area
4/9/2026 Thu,2:00 PM,3:00 PM,2:00 PM,3:00 PM,Kathleen W Rollins Hall,Room 330 - Teaching Seminar Room
4/9/2026 Thu,2:00 PM,5:00 PM,2:00 PM,5:00 PM,Kathleen W Rollins Hall,Room 340 - Galloway Seminar Meeting Room
4/9/2026 Thu,3:00 PM,5:00 PM,3:00 PM,5:00 PM,Kathleen W Rollins Hall,Room 330 - Teaching Seminar Room
4/9/2026 Thu,3:30 PM,5:30 PM,3:30 PM,5:30 PM,Olin Library,Room 319 
4/9/2026 Thu,5:00 PM,8:30 PM,5:00 PM,8:30 PM,Kathleen W Rollins Hall,Room 128 - Screening Room
4/9/2026 Thu,6:00 PM,7:00 PM,6:00 PM,7:00 PM,Bush Science Center,Room 201
4/9/2026 Thu,7:00 PM,11:00 PM,8:00 PM,10:00 PM,Bush Science Center,Bush Auditorium and Lobby
4/10/2026 Fri,6:00 AM,3:30 PM,7:30 AM,2:00 PM,Kathleen W Rollins Hall,Room 300 - Galloway Room 
4/10/2026 Fri,6:30 AM,3:00 PM,7:30 AM,2:00 PM,Bush Science Center,Bush Auditorium and Lobby
4/10/2026 Fri,7:15 AM,11:30 PM,6:00 PM,11:00 PM,Kathleen W Rollins Hall,Mills Lawn
4/10/2026 Fri,8:00 AM,5:00 PM,8:00 AM,5:00 PM,Kathleen W Rollins Hall,Room 240/240B - Social Impact Hub/Classroom
4/10/2026 Fri,9:00 AM,11:00 AM,9:00 AM,11:00 AM,Kathleen W Rollins Hall,Room 330 - Teaching Seminar Room
4/10/2026 Fri,11:00 AM,4:00 PM,11:00 AM,4:00 PM,Kathleen W Rollins Hall,Room 241 - Conference Room - Hub/SE/Acad Adv Area
4/10/2026 Fri,3:30 PM,4:30 PM,3:30 PM,4:30 PM,Kathleen W Rollins Hall,Room 330 - Teaching Seminar Room
4/10/2026 Fri,4:30 PM,12:30 AM,6:00 PM,11:00 PM,Bush Science Center,Bush Lawn (Southside of building)
4/10/2026 Fri,5:00 PM,11:59 PM,5:00 PM,11:59 PM,Kathleen W Rollins Hall,Room 300 - Galloway Room 
4/10/2026 Fri,5:00 PM,11:59 PM,5:00 PM,11:59 PM,Kathleen W Rollins Hall,Room 310 - Genius Scale-up Classroom
4/10/2026 Fri,5:00 PM,11:59 PM,5:00 PM,11:59 PM,Kathleen W Rollins Hall,Room 320 - Hauske Scale-up Classroom
4/11/2026 Sat,4:30 AM,8:30 AM,6:00 AM,7:00 AM,Kathleen W Rollins Hall,Mills Lawn
4/11/2026 Sat,7:00 AM,12:00 PM,8:00 AM,11:00 AM,Bush Science Center,Bush Auditorium and Lobby
4/11/2026 Sat,9:15 AM,10:00 AM,9:15 AM,10:00 AM,Kathleen W Rollins Hall,Room 128 - Screening Room
4/12/2026 Sun,7:30 AM,4:30 PM,9:00 AM,3:00 PM,Bush Science Center,Bush Lawn (Southside of building)
4/12/2026 Sun,9:00 AM,5:00 PM,9:00 AM,5:00 PM,Kathleen W Rollins Hall,Room 149 - Conference Room - Academic Adv Area
4/12/2026 Sun,9:00 AM,5:00 PM,9:00 AM,5:00 PM,Kathleen W Rollins Hall,Room 230 - Conference Room - CLCE Area
4/12/2026 Sun,9:00 AM,5:00 PM,9:00 AM,5:00 PM,Kathleen W Rollins Hall,Room 320 - Hauske Scale-up Classroom
4/12/2026 Sun,9:00 AM,5:00 PM,9:00 AM,5:00 PM,Kathleen W Rollins Hall,Room 330 - Teaching Seminar Room
4/12/2026 Sun,9:00 AM,5:00 PM,9:00 AM,5:00 PM,Kathleen W Rollins Hall,Room 340 - Galloway Seminar Meeting Room
4/12/2026 Sun,10:30 AM,6:30 PM,12:00 PM,5:00 PM,Kathleen W Rollins Hall,Mills Lawn
4/12/2026 Sun,2:00 PM,10:00 PM,2:00 PM,10:00 PM,Bush Science Center,Room 228
4/12/2026 Sun,3:00 PM,11:00 PM,4:00 PM,10:00 PM,Bush Science Center,Bush Auditorium and Lobby
4/12/2026 Sun,4:00 PM,10:00 PM,4:00 PM,10:00 PM,Bush Science Center,Room 176 - Smart Classroom 
4/12/2026 Sun,4:00 PM,10:00 PM,4:00 PM,10:00 PM,Bush Science Center,Room 201
4/12/2026 Sun,4:00 PM,6:00 PM,4:00 PM,6:00 PM,Kathleen W Rollins Hall,Room 310 - Genius Scale-up Classroom
4/12/2026 Sun,5:30 PM,9:30 PM,7:00 PM,8:00 PM,Kathleen W Rollins Hall,Room 300 - Galloway Room 
4/12/2026 Sun,6:00 PM,9:00 PM,6:00 PM,9:00 PM,Kathleen W Rollins Hall,Room 128 - Screening Room
4/13/2026 Mon,6:30 AM,11:30 AM,8:00 AM,10:00 AM,Kathleen W Rollins Hall,Tars Plaza
4/13/2026 Mon,10:00 AM,11:00 AM,10:00 AM,11:00 AM,Kathleen W Rollins Hall,Room 149 - Conference Room - Academic Adv Area
4/13/2026 Mon,11:00 AM,2:00 PM,11:00 AM,2:00 PM,Bush Science Center,Room 274 - Operant Lab/Seminar - Operant Lab Prior
4/13/2026 Mon,3:00 PM,6:00 PM,4:00 PM,5:00 PM,Olin Library,Room 230 - Library Meeting Room
4/13/2026 Mon,4:00 PM,5:30 PM,4:00 PM,5:30 PM,Kathleen W Rollins Hall,Room 310 - Genius Scale-up Classroom
4/13/2026 Mon,4:30 PM,9:30 PM,6:00 PM,8:00 PM,Kathleen W Rollins Hall,Room 300 - Galloway Room 
4/13/2026 Mon,5:00 PM,11:00 PM,6:00 PM,10:00 PM,Bush Science Center,Bush Auditorium and Lobby
4/13/2026 Mon,5:30 PM,6:30 PM,5:30 PM,6:30 PM,Kathleen W Rollins Hall,Room 310 - Genius Scale-up Classroom
4/13/2026 Mon,6:00 PM,7:30 PM,6:00 PM,7:30 PM,Kathleen W Rollins Hall,Room 320 - Hauske Scale-up Classroom
4/13/2026 Mon,7:00 PM,8:00 PM,7:00 PM,8:00 PM,Bush Science Center,Room 200
4/13/2026 Mon,8:00 PM,10:00 PM,8:00 PM,10:00 PM,Bush Science Center,Room 201
4/14/2026 Tue,9:30 AM,11:00 AM,9:30 AM,11:00 AM,Kathleen W Rollins Hall,Room 131 - Conference Room - CCLP Area
4/14/2026 Tue,9:30 AM,12:00 PM,9:30 AM,12:00 PM,Kathleen W Rollins Hall,Room 340 - Galloway Seminar Meeting Room
4/14/2026 Tue,10:00 AM,11:00 AM,10:00 AM,11:00 AM,Kathleen W Rollins Hall,Room 230 - Conference Room - CLCE Area
4/14/2026 Tue,11:00 AM,12:30 PM,11:00 AM,12:30 PM,Kathleen W Rollins Hall,Room 230 - Conference Room - CLCE Area
4/14/2026 Tue,12:00 PM,2:00 PM,12:00 PM,2:00 PM,Kathleen W Rollins Hall,Room 110 - Conference Room - Campus Media Area
4/14/2026 Tue,12:15 PM,1:45 PM,12:15 PM,1:45 PM,Bush Science Center,Room 277 - Seminar Room 
4/14/2026 Tue,12:15 PM,1:45 PM,12:15 PM,1:45 PM,Kathleen W Rollins Hall,Room 330 - Teaching Seminar Room
4/14/2026 Tue,12:30 PM,1:30 PM,12:30 PM,1:30 PM,Olin Library,Room 104 - Edwin O. Grover Room
4/14/2026 Tue,12:30 PM,1:30 PM,12:30 PM,1:30 PM,Bush Science Center,Room 201
4/14/2026 Tue,12:30 PM,1:30 PM,12:30 PM,1:30 PM,Bush Science Center,Room 202
4/14/2026 Tue,12:30 PM,1:30 PM,12:30 PM,1:30 PM,Kathleen W Rollins Hall,Room 230 - Conference Room - CLCE Area
4/14/2026 Tue,12:30 PM,1:45 PM,12:30 PM,1:45 PM,Kathleen W Rollins Hall,Room 310 - Genius Scale-up Classroom
4/14/2026 Tue,1:00 PM,3:00 PM,1:00 PM,3:00 PM,Kathleen W Rollins Hall,Room 241 - Conference Room - Hub/SE/Acad Adv Area
4/14/2026 Tue,1:30 PM,2:30 PM,1:30 PM,2:30 PM,Kathleen W Rollins Hall,Room 114 - Meeting Room - Campus Media Area
4/14/2026 Tue,3:30 PM,5:30 PM,3:30 PM,5:30 PM,Olin Library,Room 319 
4/14/2026 Tue,4:00 PM,7:00 PM,5:00 PM,6:30 PM,Bush Science Center,Bush Auditorium and Lobby
4/14/2026 Tue,4:00 PM,6:30 PM,4:00 PM,6:30 PM,Bush Science Center,Room 202
4/14/2026 Tue,4:30 PM,5:45 PM,4:30 PM,5:45 PM,Kathleen W Rollins Hall,Room 310 - Genius Scale-up Classroom
4/14/2026 Tue,5:00 PM,6:30 PM,5:00 PM,6:30 PM,Kathleen W Rollins Hall,Room 330 - Teaching Seminar Room
4/14/2026 Tue,5:00 PM,6:00 PM,5:00 PM,6:00 PM,Kathleen W Rollins Hall,Room 340 - Galloway Seminar Meeting Room
4/14/2026 Tue,6:00 PM,9:00 PM,6:00 PM,9:00 PM,Kathleen W Rollins Hall,Room 128 - Screening Room
4/14/2026 Tue,7:00 PM,10:00 PM,8:00 PM,9:00 PM,Bush Science Center,Bush Auditorium and Lobby
4/15/2026 Wed,9:00 AM,12:30 PM,10:00 AM,11:30 AM,Olin Library,Room 230 - Library Meeting Room
4/15/2026 Wed,10:30 AM,3:30 PM,12:00 PM,2:00 PM,Kathleen W Rollins Hall,Room 300 - Galloway Room 
4/15/2026 Wed,11:00 AM,2:00 PM,11:00 AM,2:00 PM,Bush Science Center,Room 274 - Operant Lab/Seminar - Operant Lab Prior
4/15/2026 Wed,12:00 PM,4:00 PM,12:00 PM,4:00 PM,Kathleen W Rollins Hall,Room 149 - Conference Room - Academic Adv Area
4/15/2026 Wed,12:00 PM,1:00 PM,12:00 PM,1:00 PM,Bush Science Center,Room 200
4/15/2026 Wed,12:00 PM,1:30 PM,12:00 PM,1:30 PM,Kathleen W Rollins Hall,Room 230 - Conference Room - CLCE Area
4/15/2026 Wed,12:00 PM,1:00 PM,12:00 PM,1:00 PM,Kathleen W Rollins Hall,Room 340 - Galloway Seminar Meeting Room
4/15/2026 Wed,2:00 PM,5:30 PM,2:00 PM,5:30 PM,Kathleen W Rollins Hall,Fountain Entrance Lobby & Gathering Stairs
4/15/2026 Wed,2:00 PM,3:30 PM,2:00 PM,3:30 PM,Kathleen W Rollins Hall,Room 330 - Teaching Seminar Room
4/15/2026 Wed,2:30 PM,3:45 PM,2:30 PM,3:45 PM,Bush Science Center,Room 208
4/15/2026 Wed,5:00 PM,7:00 PM,5:00 PM,7:00 PM,Bush Science Center,Room 200
4/15/2026 Wed,5:30 PM,10:30 PM,7:00 PM,9:00 PM,Kathleen W Rollins Hall,Room 300 - Galloway Room 
4/15/2026 Wed,5:30 PM,7:00 PM,5:30 PM,7:00 PM,Kathleen W Rollins Hall,Room 330 - Teaching Seminar Room
4/15/2026 Wed,8:00 PM,10:00 PM,8:00 PM,10:00 PM,Bush Science Center,Room 201
4/16/2026 Thu,8:30 AM,1:00 PM,10:00 AM,11:30 AM,Kathleen W Rollins Hall,Room 300 - Galloway Room 
4/16/2026 Thu,11:00 AM,5:00 PM,11:00 AM,5:00 PM,Kathleen W Rollins Hall,Room 241 - Conference Room - Hub/SE/Acad Adv Area
4/16/2026 Thu,11:30 AM,2:45 PM,12:30 PM,1:45 PM,Bush Science Center,Bush Auditorium and Lobby
4/16/2026 Thu,12:00 PM,2:00 PM,12:00 PM,2:00 PM,Kathleen W Rollins Hall,Room 340 - Galloway Seminar Meeting Room
4/16/2026 Thu,12:15 PM,1:45 PM,12:15 PM,1:45 PM,Bush Science Center,Room 277 - Seminar Room 
4/16/2026 Thu,12:15 PM,1:45 PM,12:15 PM,1:45 PM,Kathleen W Rollins Hall,Room 320 - Hauske Scale-up Classroom
4/16/2026 Thu,12:30 PM,1:30 PM,12:30 PM,1:30 PM,Bush Science Center,Room 201
4/16/2026 Thu,2:00 PM,3:00 PM,2:00 PM,3:00 PM,Kathleen W Rollins Hall,Room 149 - Conference Room - Academic Adv Area
4/16/2026 Thu,2:30 PM,8:30 PM,4:00 PM,7:00 PM,Kathleen W Rollins Hall,Room 300 - Galloway Room 
4/16/2026 Thu,3:30 PM,5:30 PM,3:30 PM,5:30 PM,Olin Library,Room 319 
4/16/2026 Thu,4:30 PM,6:00 PM,4:30 PM,6:00 PM,Bush Science Center,Room 202
4/16/2026 Thu,5:00 PM,9:30 PM,5:00 PM,9:30 PM,Kathleen W Rollins Hall,Room 128 - Screening Room
4/16/2026 Thu,5:00 PM,9:00 PM,5:00 PM,9:00 PM,Bush Science Center,Room 200
4/16/2026 Thu,6:00 PM,7:00 PM,6:00 PM,7:00 PM,Bush Science Center,Room 201
4/17/2026 Fri,11:00 AM,4:00 PM,11:00 AM,4:00 PM,Kathleen W Rollins Hall,Room 241 - Conference Room - Hub/SE/Acad Adv Area
4/17/2026 Fri,11:30 AM,3:00 PM,12:30 PM,2:00 PM,Bush Science Center,Bush Auditorium and Lobby
4/18/2026 Sat,5:30 AM,12:30 PM,7:00 AM,11:00 AM,Kathleen W Rollins Hall,Room 300 - Galloway Room 
4/18/2026 Sat,5:30 AM,12:30 PM,7:00 AM,11:00 AM,Kathleen W Rollins Hall,Room 340 - Galloway Seminar Meeting Room
4/18/2026 Sat,6:00 AM,12:00 PM,7:00 AM,11:00 AM,Bush Science Center,Bush Auditorium and Lobby
4/18/2026 Sat,9:00 AM,11:59 PM,7:30 PM,11:00 PM,Kathleen W Rollins Hall,Mills Lawn
4/18/2026 Sat,9:00 AM,1:00 PM,9:00 AM,1:00 PM,Bush Science Center,Room 176 - Smart Classroom 
4/18/2026 Sat,10:30 AM,2:30 PM,12:30 PM,1:30 PM,Bush Science Center,Bush Lawn (Southside of building)
4/18/2026 Sat,5:00 PM,10:00 PM,5:00 PM,10:00 PM,Bush Science Center,Room 201
4/19/2026 Sun,7:00 AM,3:00 PM,8:00 AM,2:00 PM,Bush Science Center,Bush Auditorium and Lobby
4/19/2026 Sun,8:00 AM,2:00 PM,8:00 AM,2:00 PM,Bush Science Center,Room 123 - Seminar/Green Room - Sci Div Priority
4/19/2026 Sun,8:00 AM,4:00 PM,8:00 AM,4:00 PM,Bush Science Center,Room 176 - Smart Classroom 
4/19/2026 Sun,2:00 PM,5:30 PM,2:00 PM,5:30 PM,Bush Science Center,Room 210 
4/19/2026 Sun,3:00 PM,11:00 PM,4:00 PM,10:00 PM,Bush Science Center,Bush Auditorium and Lobby
4/19/2026 Sun,4:00 PM,10:00 PM,4:00 PM,10:00 PM,Bush Science Center,Room 176 - Smart Classroom 
4/19/2026 Sun,4:00 PM,10:00 PM,4:00 PM,10:00 PM,Bush Science Center,Room 201
4/19/2026 Sun,5:00 PM,9:00 PM,5:00 PM,9:00 PM,Bush Science Center,Room 212
4/19/2026 Sun,5:30 PM,9:30 PM,7:00 PM,8:00 PM,Kathleen W Rollins Hall,Room 300 - Galloway Room 
4/19/2026 Sun,6:00 PM,9:00 PM,6:00 PM,9:00 PM,Kathleen W Rollins Hall,Room 128 - Screening Room
4/20/2026 Mon,10:00 AM,11:00 AM,10:00 AM,11:00 AM,Kathleen W Rollins Hall,Room 149 - Conference Room - Academic Adv Area
4/20/2026 Mon,11:00 AM,2:00 PM,11:00 AM,2:00 PM,Bush Science Center,Room 274 - Operant Lab/Seminar - Operant Lab Prior
4/20/2026 Mon,3:00 PM,6:00 PM,4:00 PM,5:00 PM,Olin Library,Room 230 - Library Meeting Room
4/20/2026 Mon,5:00 PM,11:00 PM,6:00 PM,10:00 PM,Bush Science Center,Bush Auditorium and Lobby
4/20/2026 Mon,5:30 PM,6:30 PM,5:30 PM,6:30 PM,Kathleen W Rollins Hall,Room 310 - Genius Scale-up Classroom
4/20/2026 Mon,5:30 PM,7:30 PM,5:30 PM,7:30 PM,Kathleen W Rollins Hall,Room 330 - Teaching Seminar Room
4/20/2026 Mon,6:00 PM,7:30 PM,6:00 PM,7:30 PM,Kathleen W Rollins Hall,Room 320 - Hauske Scale-up Classroom
4/20/2026 Mon,6:30 PM,10:30 PM,8:00 PM,9:00 PM,Kathleen W Rollins Hall,Room 300 - Galloway Room 
4/20/2026 Mon,7:00 PM,8:00 PM,7:00 PM,8:00 PM,Bush Science Center,Room 200
4/21/2026 Tue,7:00 AM,4:30 PM,8:00 AM,4:00 PM,Kathleen W Rollins Hall,Room 300 - Galloway Room 
4/21/2026 Tue,8:00 AM,10:00 AM,8:00 AM,10:00 AM,Kathleen W Rollins Hall,Fountain Entrance Lobby & Gathering Stairs
4/21/2026 Tue,9:00 AM,5:00 PM,10:30 AM,3:30 PM,Bush Science Center,Bush Lawn (Southside of building)
4/21/2026 Tue,9:30 AM,4:30 PM,11:00 AM,3:00 PM,Kathleen W Rollins Hall,Mills Lawn
4/21/2026 Tue,9:30 AM,11:00 AM,9:30 AM,11:00 AM,Kathleen W Rollins Hall,Room 131 - Conference Room - CCLP Area
4/21/2026 Tue,10:00 AM,11:00 AM,10:00 AM,11:00 AM,Kathleen W Rollins Hall,Room 230 - Conference Room - CLCE Area
4/21/2026 Tue,11:00 AM,12:30 PM,11:00 AM,12:30 PM,Kathleen W Rollins Hall,Room 230 - Conference Room - CLCE Area
4/21/2026 Tue,12:00 PM,2:00 PM,12:00 PM,2:00 PM,Kathleen W Rollins Hall,Room 110 - Conference Room - Campus Media Area
4/21/2026 Tue,12:15 PM,1:45 PM,12:15 PM,1:45 PM,Bush Science Center,Room 277 - Seminar Room 
4/21/2026 Tue,12:15 PM,1:45 PM,12:15 PM,1:45 PM,Kathleen W Rollins Hall,Room 330 - Teaching Seminar Room
4/21/2026 Tue,12:30 PM,1:30 PM,12:30 PM,1:30 PM,Olin Library,Room 104 - Edwin O. Grover Room
4/21/2026 Tue,12:30 PM,1:30 PM,12:30 PM,1:30 PM,Kathleen W Rollins Hall,Room 230 - Conference Room - CLCE Area
4/21/2026 Tue,12:30 PM,1:30 PM,12:30 PM,1:30 PM,Kathleen W Rollins Hall,Room 320 - Hauske Scale-up Classroom
4/21/2026 Tue,12:30 PM,1:45 PM,12:30 PM,1:45 PM,Kathleen W Rollins Hall,Room 340 - Galloway Seminar Meeting Room
4/21/2026 Tue,1:00 PM,3:00 PM,1:00 PM,3:00 PM,Kathleen W Rollins Hall,Room 241 - Conference Room - Hub/SE/Acad Adv Area
4/21/2026 Tue,3:00 PM,4:00 PM,3:00 PM,4:00 PM,Kathleen W Rollins Hall,Room 340 - Galloway Seminar Meeting Room
4/21/2026 Tue,3:30 PM,5:30 PM,3:30 PM,5:30 PM,Olin Library,Room 319 
4/21/2026 Tue,4:00 PM,6:30 PM,4:00 PM,6:30 PM,Bush Science Center,Room 202
4/21/2026 Tue,4:30 PM,9:30 PM,6:00 PM,8:00 PM,Kathleen W Rollins Hall,Room 300 - Galloway Room 
4/21/2026 Tue,5:00 PM,7:00 PM,5:00 PM,7:00 PM,Bush Science Center,Room 123 - Seminar/Green Room - Sci Div Priority
4/21/2026 Tue,5:00 PM,9:00 PM,5:00 PM,9:00 PM,Bush Science Center,Room 200
4/21/2026 Tue,5:00 PM,6:30 PM,5:00 PM,6:30 PM,Kathleen W Rollins Hall,Room 330 - Teaching Seminar Room
4/21/2026 Tue,5:00 PM,6:00 PM,5:00 PM,6:00 PM,Kathleen W Rollins Hall,Room 340 - Galloway Seminar Meeting Room
4/21/2026 Tue,6:00 PM,9:00 PM,6:00 PM,9:00 PM,Kathleen W Rollins Hall,Room 128 - Screening Room
4/21/2026 Tue,7:00 PM,10:00 PM,8:00 PM,9:00 PM,Bush Science Center,Bush Auditorium and Lobby
4/21/2026 Tue,7:00 PM,8:30 PM,7:00 PM,8:30 PM,Kathleen W Rollins Hall,Room 131 - Conference Room - CCLP Area
4/22/2026 Wed,10:30 AM,3:30 PM,12:00 PM,2:00 PM,Kathleen W Rollins Hall,Room 300 - Galloway Room 
4/22/2026 Wed,11:30 AM,6:30 PM,1:00 PM,5:00 PM,Kathleen W Rollins Hall,Mills Lawn
4/22/2026 Wed,12:00 PM,4:00 PM,12:00 PM,4:00 PM,Kathleen W Rollins Hall,Room 149 - Conference Room - Academic Adv Area
4/22/2026 Wed,12:00 PM,1:00 PM,12:00 PM,1:00 PM,Bush Science Center,Room 200
4/22/2026 Wed,12:00 PM,1:00 PM,12:00 PM,1:00 PM,Kathleen W Rollins Hall,Room 230 - Conference Room - CLCE Area
4/22/2026 Wed,12:00 PM,2:00 PM,12:00 PM,2:00 PM,Kathleen W Rollins Hall,Room 340 - Galloway Seminar Meeting Room
4/22/2026 Wed,2:00 PM,3:30 PM,2:00 PM,3:30 PM,Kathleen W Rollins Hall,Room 330 - Teaching Seminar Room
4/22/2026 Wed,4:00 PM,5:30 PM,4:00 PM,5:30 PM,Kathleen W Rollins Hall,Room 340 - Galloway Seminar Meeting Room
4/22/2026 Wed,5:00 PM,7:00 PM,5:00 PM,7:00 PM,Bush Science Center,Room 200
4/22/2026 Wed,5:30 PM,10:30 PM,7:00 PM,9:00 PM,Kathleen W Rollins Hall,Room 300 - Galloway Room 
4/22/2026 Wed,5:30 PM,7:00 PM,5:30 PM,7:00 PM,Kathleen W Rollins Hall,Room 330 - Teaching Seminar Room
4/23/2026 Thu,7:30 AM,12:00 PM,9:00 AM,10:30 AM,Olin Library,Room 226 - Lobby & Lounge Area
4/23/2026 Thu,7:30 AM,12:00 PM,9:00 AM,10:30 AM,Olin Library,Room 230 - Library Meeting Room
4/23/2026 Thu,7:30 AM,12:00 PM,9:00 AM,10:30 AM,Kathleen W Rollins Hall,Room 300 - Galloway Room 
4/23/2026 Thu,8:15 AM,9:00 AM,8:15 AM,9:00 AM,Kathleen W Rollins Hall,Fountain Entrance Lobby & Gathering Stairs
4/23/2026 Thu,9:00 AM,10:30 AM,9:00 AM,10:30 AM,Bush Science Center,Bush Atrium - Student Priority
4/23/2026 Thu,10:00 AM,1:00 PM,11:00 AM,12:00 PM,Bush Science Center,Bush Auditorium and Lobby
4/23/2026 Thu,11:00 AM,5:00 PM,11:00 AM,5:00 PM,Kathleen W Rollins Hall,Room 241 - Conference Room - Hub/SE/Acad Adv Area
4/23/2026 Thu,12:00 PM,2:00 PM,12:00 PM,2:00 PM,Kathleen W Rollins Hall,Room 149 - Conference Room - Academic Adv Area
4/23/2026 Thu,12:00 PM,2:00 PM,12:00 PM,2:00 PM,Kathleen W Rollins Hall,Room 340 - Galloway Seminar Meeting Room
4/23/2026 Thu,12:15 PM,1:45 PM,12:15 PM,1:45 PM,Bush Science Center,Room 277 - Seminar Room 
4/23/2026 Thu,12:30 PM,5:30 PM,2:00 PM,4:00 PM,Olin Library,Olin Lawn
4/23/2026 Thu,12:30 PM,1:45 PM,12:30 PM,1:45 PM,Bush Science Center,Room 123 - Seminar/Green Room - Sci Div Priority
4/23/2026 Thu,12:30 PM,1:30 PM,12:30 PM,1:30 PM,Bush Science Center,Room 201
4/23/2026 Thu,12:30 PM,1:30 PM,12:30 PM,1:30 PM,Kathleen W Rollins Hall,Room 310 - Genius Scale-up Classroom
4/23/2026 Thu,12:30 PM,1:45 PM,12:30 PM,1:45 PM,Kathleen W Rollins Hall,Room 330 - Teaching Seminar Room
4/23/2026 Thu,1:00 PM,1:50 PM,1:00 PM,1:50 PM,Bush Science Center,Room 202
4/23/2026 Thu,2:00 PM,3:00 PM,2:00 PM,3:00 PM,Kathleen W Rollins Hall,Room 149 - Conference Room - Academic Adv Area
4/23/2026 Thu,2:00 PM,4:30 PM,2:00 PM,4:30 PM,Kathleen W Rollins Hall,Room 320 - Hauske Scale-up Classroom
4/23/2026 Thu,2:30 PM,9:30 PM,4:00 PM,8:00 PM,Kathleen W Rollins Hall,Room 300 - Galloway Room 
4/23/2026 Thu,3:30 PM,5:30 PM,3:30 PM,5:30 PM,Olin Library,Room 319 
4/23/2026 Thu,5:00 PM,6:00 PM,5:00 PM,6:00 PM,Bush Science Center,Room 201
4/23/2026 Thu,5:00 PM,8:00 PM,5:00 PM,8:00 PM,Kathleen W Rollins Hall,Room 330 - Teaching Seminar Room
4/23/2026 Thu,6:00 PM,7:00 PM,6:00 PM,7:00 PM,Bush Science Center,Room 201
4/24/2026 Fri,7:30 AM,11:30 AM,9:00 AM,10:00 AM,Olin Library,Olin Lawn
4/24/2026 Fri,11:00 AM,4:00 PM,11:00 AM,4:00 PM,Kathleen W Rollins Hall,Room 241 - Conference Room - Hub/SE/Acad Adv Area
4/24/2026 Fri,11:30 AM,3:00 PM,12:30 PM,2:00 PM,Bush Science Center,Bush Auditorium and Lobby
4/24/2026 Fri,12:00 PM,1:30 PM,12:00 PM,1:30 PM,Bush Science Center,Room 176 - Smart Classroom 
4/24/2026 Fri,12:00 PM,1:30 PM,12:00 PM,1:30 PM,Bush Science Center,Room 201
4/24/2026 Fri,1:00 PM,9:00 PM,3:00 PM,7:00 PM,Kathleen W Rollins Hall,Room 300 - Galloway Room 
4/24/2026 Fri,3:30 PM,4:30 PM,3:30 PM,4:30 PM,Kathleen W Rollins Hall,Room 330 - Teaching Seminar Room
4/24/2026 Fri,4:00 PM,6:30 PM,4:00 PM,6:30 PM,Olin Library,Room 226 - Lobby & Lounge Area
4/24/2026 Fri,4:00 PM,6:30 PM,4:00 PM,6:30 PM,Olin Library,Room 230 - Library Meeting Room
4/25/2026 Sat,6:00 AM,3:00 PM,7:00 AM,2:00 PM,Bush Science Center,Bush Auditorium and Lobby
4/25/2026 Sat,8:30 AM,2:30 PM,10:00 AM,1:00 PM,Kathleen W Rollins Hall,Room 300 - Galloway Room 
4/25/2026 Sat,9:00 AM,1:00 PM,9:00 AM,1:00 PM,Bush Science Center,Room 176 - Smart Classroom 
4/25/2026 Sat,9:00 AM,6:00 PM,9:00 AM,6:00 PM,Kathleen W Rollins Hall,Room 320 - Hauske Scale-up Classroom
4/25/2026 Sat,3:58 PM,6:31 PM,4:00 PM,6:30 PM,Kathleen W Rollins Hall,Fountain Entrance Lobby & Gathering Stairs
4/26/2026 Sun,3:00 PM,11:00 PM,4:00 PM,10:00 PM,Bush Science Center,Bush Auditorium and Lobby
4/26/2026 Sun,4:00 PM,10:00 PM,4:00 PM,10:00 PM,Bush Science Center,Room 176 - Smart Classroom 
4/26/2026 Sun,4:00 PM,10:00 PM,4:00 PM,10:00 PM,Bush Science Center,Room 201
4/26/2026 Sun,5:30 PM,9:30 PM,7:00 PM,8:00 PM,Kathleen W Rollins Hall,Room 300 - Galloway Room 
4/26/2026 Sun,6:00 PM,9:00 PM,6:00 PM,9:00 PM,Kathleen W Rollins Hall,Room 128 - Screening Room
4/27/2026 Mon,8:30 AM,12:30 PM,10:00 AM,11:00 AM,Kathleen W Rollins Hall,Room 300 - Galloway Room 
4/27/2026 Mon,10:00 AM,11:00 AM,10:00 AM,11:00 AM,Kathleen W Rollins Hall,Room 149 - Conference Room - Academic Adv Area
4/27/2026 Mon,11:00 AM,12:00 PM,11:00 AM,12:00 PM,Kathleen W Rollins Hall,Room 340 - Galloway Seminar Meeting Room
4/27/2026 Mon,3:00 PM,6:00 PM,4:00 PM,5:00 PM,Olin Library,Room 230 - Library Meeting Room
4/27/2026 Mon,3:00 PM,4:00 PM,3:00 PM,4:00 PM,Kathleen W Rollins Hall,Room 340 - Galloway Seminar Meeting Room
4/27/2026 Mon,5:00 PM,11:00 PM,6:00 PM,10:00 PM,Bush Science Center,Bush Auditorium and Lobby
4/27/2026 Mon,5:30 PM,6:30 PM,5:30 PM,6:30 PM,Kathleen W Rollins Hall,Room 310 - Genius Scale-up Classroom
4/27/2026 Mon,6:00 PM,7:30 PM,6:00 PM,7:30 PM,Kathleen W Rollins Hall,Room 320 - Hauske Scale-up Classroom
4/27/2026 Mon,7:00 PM,8:00 PM,7:00 PM,8:00 PM,Bush Science Center,Room 200
4/28/2026 Tue,9:30 AM,11:00 AM,9:30 AM,11:00 AM,Kathleen W Rollins Hall,Room 131 - Conference Room - CCLP Area
4/28/2026 Tue,10:00 AM,11:00 AM,10:00 AM,11:00 AM,Kathleen W Rollins Hall,Room 230 - Conference Room - CLCE Area
4/28/2026 Tue,11:00 AM,12:30 PM,11:00 AM,12:30 PM,Kathleen W Rollins Hall,Room 230 - Conference Room - CLCE Area
4/28/2026 Tue,12:00 PM,2:00 PM,12:00 PM,2:00 PM,Kathleen W Rollins Hall,Room 110 - Conference Room - Campus Media Area
4/28/2026 Tue,12:15 PM,1:45 PM,12:15 PM,1:45 PM,Bush Science Center,Room 277 - Seminar Room 
4/28/2026 Tue,12:15 PM,1:45 PM,12:15 PM,1:45 PM,Kathleen W Rollins Hall,Room 330 - Teaching Seminar Room
4/28/2026 Tue,12:30 PM,1:30 PM,12:30 PM,1:30 PM,Olin Library,Room 104 - Edwin O. Grover Room
4/28/2026 Tue,12:30 PM,1:45 PM,12:30 PM,1:45 PM,Bush Science Center,Room 123 - Seminar/Green Room - Sci Div Priority
4/28/2026 Tue,12:30 PM,1:30 PM,12:30 PM,1:30 PM,Kathleen W Rollins Hall,Room 230 - Conference Room - CLCE Area
4/28/2026 Tue,12:30 PM,1:30 PM,12:30 PM,1:30 PM,Kathleen W Rollins Hall,Room 310 - Genius Scale-up Classroom
4/28/2026 Tue,12:30 PM,1:45 PM,12:30 PM,1:45 PM,Kathleen W Rollins Hall,Room 320 - Hauske Scale-up Classroom
4/28/2026 Tue,1:00 PM,3:00 PM,1:00 PM,3:00 PM,Kathleen W Rollins Hall,Room 241 - Conference Room - Hub/SE/Acad Adv Area
4/28/2026 Tue,1:30 PM,2:30 PM,1:30 PM,2:30 PM,Kathleen W Rollins Hall,Room 114 - Meeting Room - Campus Media Area
4/28/2026 Tue,2:30 PM,7:30 PM,4:00 PM,6:00 PM,Kathleen W Rollins Hall,Mills Lawn
4/28/2026 Tue,3:30 PM,5:30 PM,3:30 PM,5:30 PM,Olin Library,Room 319 
4/28/2026 Tue,4:00 PM,6:30 PM,4:00 PM,6:30 PM,Bush Science Center,Room 202
4/28/2026 Tue,5:00 PM,6:30 PM,5:00 PM,6:30 PM,Kathleen W Rollins Hall,Room 330 - Teaching Seminar Room
4/28/2026 Tue,5:00 PM,6:00 PM,5:00 PM,6:00 PM,Kathleen W Rollins Hall,Room 340 - Galloway Seminar Meeting Room
4/28/2026 Tue,6:00 PM,9:00 PM,6:00 PM,9:00 PM,Kathleen W Rollins Hall,Room 128 - Screening Room
4/28/2026 Tue,6:00 PM,10:00 PM,6:00 PM,10:00 PM,Kathleen W Rollins Hall,Room 340 - Galloway Seminar Meeting Room
4/28/2026 Tue,7:00 PM,10:00 PM,8:00 PM,9:00 PM,Bush Science Center,Bush Auditorium and Lobby
4/29/2026 Wed,9:00 AM,12:00 PM,9:00 AM,12:00 PM,Kathleen W Rollins Hall,Room 241 - Conference Room - Hub/SE/Acad Adv Area
4/29/2026 Wed,10:00 AM,5:00 PM,10:00 AM,5:00 PM,Kathleen W Rollins Hall,Mills Foyer
4/29/2026 Wed,10:30 AM,3:30 PM,12:00 PM,2:00 PM,Bush Science Center,Bush Lawn (Southside of building)
4/29/2026 Wed,10:30 AM,3:30 PM,12:00 PM,2:00 PM,Kathleen W Rollins Hall,Room 300 - Galloway Room 
4/29/2026 Wed,12:00 PM,4:00 PM,12:00 PM,4:00 PM,Kathleen W Rollins Hall,Room 149 - Conference Room - Academic Adv Area
4/29/2026 Wed,12:00 PM,1:00 PM,12:00 PM,1:00 PM,Bush Science Center,Room 200
4/29/2026 Wed,12:00 PM,1:00 PM,12:00 PM,1:00 PM,Kathleen W Rollins Hall,Room 230 - Conference Room - CLCE Area
4/29/2026 Wed,2:00 PM,3:30 PM,2:00 PM,3:30 PM,Kathleen W Rollins Hall,Room 330 - Teaching Seminar Room
4/29/2026 Wed,5:30 PM,10:30 PM,7:00 PM,9:00 PM,Kathleen W Rollins Hall,Room 300 - Galloway Room 
4/30/2026 Thu,8:00 AM,10:00 AM,8:00 AM,10:00 AM,Olin Library,Room 225 - Teaching Computer Lab (PC)
4/30/2026 Thu,11:00 AM,5:00 PM,11:00 AM,5:00 PM,Kathleen W Rollins Hall,Room 241 - Conference Room - Hub/SE/Acad Adv Area
4/30/2026 Thu,11:30 AM,2:45 PM,12:30 PM,1:45 PM,Olin Library,Room 230 - Library Meeting Room
4/30/2026 Thu,12:00 PM,2:00 PM,12:00 PM,2:00 PM,Kathleen W Rollins Hall,Room 340 - Galloway Seminar Meeting Room
4/30/2026 Thu,12:30 PM,7:30 PM,2:00 PM,6:00 PM,Kathleen W Rollins Hall,Fountain Entrance Lobby & Gathering Stairs
4/30/2026 Thu,12:30 PM,1:30 PM,12:30 PM,1:30 PM,Bush Science Center,Room 201
4/30/2026 Thu,6:00 PM,7:00 PM,6:00 PM,7:00 PM,Bush Science Center,Room 201
5/1/2026 Fri,9:30 AM,5:30 PM,10:30 AM,4:30 PM,Bush Science Center,Bush Auditorium and Lobby
5/1/2026 Fri,11:00 AM,4:00 PM,11:00 AM,4:00 PM,Kathleen W Rollins Hall,Room 241 - Conference Room - Hub/SE/Acad Adv Area
5/1/2026 Fri,1:30 PM,6:30 PM,3:00 PM,5:00 PM,Kathleen W Rollins Hall,Mills Lawn
5/1/2026 Fri,3:30 PM,9:30 PM,5:00 PM,8:00 PM,Kathleen W Rollins Hall,Room 300 - Galloway Room 
